experiment,experiment_dir,source_format,raw_model,model,category,gpu_name,auroc,aupr,precision,recall,f1,accuracy,val_auroc,val_aupr,val_f1,val_precision,val_recall,mean_latency_ms,throughput_fps,threshold_value,threshold_mode,train_samples,val_samples,test_samples,fit_seconds,mean_score_ok,mean_score_ng
jobA_anomalib_csflow_audiojack_20260427_135635,C:\Users\Usuario\Desktop\Thesis\Pipeline\Real-time-visual-defect-detection\data\outputs\Experiment 1\jobA_anomalib_csflow_audiojack_20260427_135635,jobA,anomalib_csflow,csflow,audiojack,NVIDIA A100-SXM4-80GB,0.9411100249809927,0.9865801238536414,0.9671717171717171,0.8236559139784946,0.8896631823461092,0.8315602836879432,0.9596153846153845,0.9696095101540644,0.92,0.9583333333333334,0.8846153846153846,32.85004428,30.44135915492958,534.854004,val_f1,354.0,92.0,564.0,3152.644701,298.94286176893445,153702.98841245918
jobA_anomalib_csflow_bottle_cap_20260427_155939,C:\Users\Usuario\Desktop\Thesis\Pipeline\Real-time-visual-defect-detection\data\outputs\Experiment 1\jobA_anomalib_csflow_bottle_cap_20260427_155939,jobA,anomalib_csflow,csflow,bottle_cap,NVIDIA A100-SXM4-80GB,0.9932879998239476,0.9986807021925228,0.9912663755458515,0.9891067538126361,0.990185387131952,0.9838709677419355,0.9980769230769231,0.998581226465842,0.9807692307692307,0.9807692307692307,0.9807692307692307,32.25913329,30.998974178403756,489.094604,val_f1,353.0,92.0,558.0,3274.004,168.57938442808208,355140.601402665
jobA_anomalib_csflow_button_battery_20260427_165527,C:\Users\Usuario\Desktop\Thesis\Pipeline\Real-time-visual-defect-detection\data\outputs\Experiment 1\jobA_anomalib_csflow_button_battery_20260427_165527,jobA,anomalib_csflow,csflow,button_battery,NVIDIA A100-SXM4-80GB,0.9835494956213281,0.9965918066028124,0.9884526558891455,0.9204301075268817,0.9532293986636972,0.9252669039145908,0.9620315581854043,0.9666198766351052,0.9615384615384616,0.9615384615384616,0.9615384615384616,32.910271734,30.38565023474178,397.619293,val_f1,347.0,91.0,562.0,3192.714741,196.00531690145277,432475.02234523324
jobA_anomalib_csflow_end_cap_20260427_174948,C:\Users\Usuario\Desktop\Thesis\Pipeline\Real-time-visual-defect-detection\data\outputs\Experiment 1\jobA_anomalib_csflow_end_cap_20260427_174948,jobA,anomalib_csflow,csflow,end_cap,NVIDIA A100-SXM4-80GB,0.8201163098070314,0.9546660895709258,0.8947368421052632,0.9081196581196581,0.9013785790031813,0.8353982300884956,0.7948717948717949,0.8437091154660673,0.8067226890756303,0.7164179104477612,0.9230769230769231,33.152694276,30.163460093896713,185.920654,val_f1,346.0,91.0,565.0,3196.490133,253.1264889903904,17630.04224946764
jobA_anomalib_draem_audiojack_20260427_220241,C:\Users\Usuario\Desktop\Thesis\Pipeline\Real-time-visual-defect-detection\data\outputs\Experiment 1\jobA_anomalib_draem_audiojack_20260427_220241,jobA,anomalib_draem,draem,audiojack,NVIDIA H100 80GB HBM3,0.6458129683936135,0.901488297859155,0.8400852878464818,0.8473118279569892,0.8436830835117773,0.7411347517730497,0.6514423076923077,0.7464148411926975,0.7424242424242424,0.6125,0.9423076923076923,20.080972410999998,49.79838503155996,0.998614,val_f1,354.0,92.0,564.0,3283.82129,0.998858002701191,0.9991146387592439
jobA_anomalib_draem_bottle_cap_20260427_225803,C:\Users\Usuario\Desktop\Thesis\Pipeline\Real-time-visual-defect-detection\data\outputs\Experiment 1\jobA_anomalib_draem_bottle_cap_20260427_225803,jobA,anomalib_draem,draem,bottle_cap,NVIDIA H100 80GB HBM3,0.9936841178671244,0.9987396519399567,0.9911894273127754,0.9803921568627451,0.9857612267250822,0.9767025089605734,0.9995192307692307,0.9996371552975329,0.9904761904761905,0.9811320754716981,1.0,19.957837923,50.10562849413886,0.999931,val_f1,353.0,92.0,558.0,3251.173628,0.9994706595786894,0.9999757838924466
jobA_anomalib_draem_plastic_nut_20260428_110545,C:\Users\Usuario\Desktop\Thesis\Pipeline\Real-time-visual-defect-detection\data\outputs\Experiment 1\jobA_anomalib_draem_plastic_nut_20260428_110545,jobA,anomalib_draem,draem,plastic_nut,NVIDIA H100 80GB HBM3,0.41393839383938397,0.8077651437998921,0.8146788990825689,0.9866666666666667,0.892462311557789,0.8058076225045372,0.3907317073170732,0.5581300917628781,0.7142857142857143,0.5555555555555556,1.0,20.002003848,49.994991884580706,0.99897,val_f1,360.0,91.0,551.0,3326.195332,0.9993804297824898,0.9993424982494779
jobA_anomalib_draem_plastic_plug_20260428_120223,C:\Users\Usuario\Desktop\Thesis\Pipeline\Real-time-visual-defect-detection\data\outputs\Experiment 1\jobA_anomalib_draem_plastic_plug_20260428_120223,jobA,anomalib_draem,draem,plastic_plug,NVIDIA H100 80GB HBM3,0.7104029990627929,0.9070789071425741,0.847953216374269,0.9415584415584416,0.8923076923076924,0.8121645796064401,0.5877712031558185,0.6187709850658951,0.7555555555555555,0.6144578313253012,0.9807692307692307,20.037324389,49.90686293958521,0.998879,val_f1,349.0,91.0,559.0,3208.292613,0.9993991016112652,0.9997610951656903
jobA_anomalib_draem_porcelain_doll_20260428_125649,C:\Users\Usuario\Desktop\Thesis\Pipeline\Real-time-visual-defect-detection\data\outputs\Experiment 1\jobA_anomalib_draem_porcelain_doll_20260428_125649,jobA,anomalib_draem,draem,porcelain_doll,NVIDIA H100 80GB HBM3,0.8758895909544396,0.9673383019964188,0.9559228650137741,0.7462365591397849,0.8381642512077294,0.7615658362989324,0.8929980276134122,0.9200855292090901,0.8543689320388349,0.8627450980392157,0.8461538461538461,19.796245533,50.51462939585212,0.999244,val_f1,347.0,91.0,562.0,3190.120165,0.9985320125658488,0.9993875351003422
jobA_anomalib_stfpm_audiojack_20260427_160840,C:\Users\Usuario\Desktop\Thesis\Pipeline\Real-time-visual-defect-detection\data\outputs\Experiment 1\jobA_anomalib_stfpm_audiojack_20260427_160840,jobA,anomalib_stfpm,stfpm,audiojack,NVIDIA H100 80GB HBM3,0.7206690561529272,0.9255456393532047,0.8471953578336557,0.9419354838709677,0.8920570264765784,0.8120567375886525,0.6177884615384616,0.680557723181249,0.7536231884057971,0.6046511627906976,1.0,8.227133135,121.54901803426512,0.009335,val_f1,354.0,92.0,564.0,456.186801,0.012082932154751487,0.01863253611210053
jobA_anomalib_stfpm_bottle_cap_20260427_161723,C:\Users\Usuario\Desktop\Thesis\Pipeline\Real-time-visual-defect-detection\data\outputs\Experiment 1\jobA_anomalib_stfpm_bottle_cap_20260427_161723,jobA,anomalib_stfpm,stfpm,bottle_cap,NVIDIA H100 80GB HBM3,0.6661825223916727,0.8972300572976168,0.8589211618257261,0.9019607843137255,0.8799149840595112,0.7974910394265233,0.6721153846153847,0.7240244471857478,0.752,0.6438356164383562,0.9038461538461539,8.441192315,118.46666997294861,0.021283,val_f1,353.0,92.0,558.0,492.909023,0.02505067667237135,0.030216353350929703
jobA_anomalib_stfpm_button_battery_20260427_162626,C:\Users\Usuario\Desktop\Thesis\Pipeline\Real-time-visual-defect-detection\data\outputs\Experiment 1\jobA_anomalib_stfpm_button_battery_20260427_162626,jobA,anomalib_stfpm,stfpm,button_battery,NVIDIA H100 80GB HBM3,0.6914311051989801,0.9164290198501444,0.8731707317073171,0.7698924731182796,0.8182857142857143,0.7170818505338078,0.7140039447731756,0.7680632182219268,0.7931034482758621,0.71875,0.8846153846153846,8.255016722,121.13846167718667,0.028747,val_f1,347.0,91.0,562.0,483.203476,0.03041974078748644,0.037703118801757855
jobA_anomalib_stfpm_end_cap_20260427_163525,C:\Users\Usuario\Desktop\Thesis\Pipeline\Real-time-visual-defect-detection\data\outputs\Experiment 1\jobA_anomalib_stfpm_end_cap_20260427_163525,jobA,anomalib_stfpm,stfpm,end_cap,NVIDIA H100 80GB HBM3,0.5466781214203895,0.8743722170087022,0.8275229357798165,0.9636752136752137,0.8904244817374136,0.8035398230088495,0.6025641025641025,0.7231075158849353,0.7323943661971831,0.5777777777777777,1.0,8.2708111,120.90713074842199,0.027418,val_f1,346.0,91.0,565.0,467.493149,0.037095478246199715,0.04095667552871582
jobA_anomalib_stfpm_eraser_20260427_164420,C:\Users\Usuario\Desktop\Thesis\Pipeline\Real-time-visual-defect-detection\data\outputs\Experiment 1\jobA_anomalib_stfpm_eraser_20260427_164420,jobA,anomalib_stfpm,stfpm,eraser,NVIDIA H100 80GB HBM3,0.6015928515928516,0.8947368312194407,0.843298969072165,0.8739316239316239,0.8583420776495279,0.7619047619047619,0.5382075471698113,0.6651367771215104,0.7611940298507462,0.6296296296296297,0.9622641509433962,8.361542825999999,119.59515058611362,0.017549,val_f1,353.0,93.0,567.0,449.656068,0.025103161271398115,0.031415465992326155
jobA_anomalib_stfpm_fire_hood_20260427_165246,C:\Users\Usuario\Desktop\Thesis\Pipeline\Real-time-visual-defect-detection\data\outputs\Experiment 1\jobA_anomalib_stfpm_fire_hood_20260427_165246,jobA,anomalib_stfpm,stfpm,fire_hood,NVIDIA H100 80GB HBM3,0.7476886761523833,0.9300300890862296,0.8735083532219571,0.8079470198675497,0.8394495412844036,0.7472924187725631,0.7897058823529411,0.8070678019435432,0.7850467289719626,0.75,0.8235294117647058,8.133213034,122.95264652840397,0.014323,val_f1,360.0,91.0,554.0,597.924363,0.015055255945956353,0.022261881294185357
jobA_anomalib_stfpm_mint_20260427_170411,C:\Users\Usuario\Desktop\Thesis\Pipeline\Real-time-visual-defect-detection\data\outputs\Experiment 1\jobA_anomalib_stfpm_mint_20260427_170411,jobA,anomalib_stfpm,stfpm,mint,NVIDIA H100 80GB HBM3,0.5328632069012734,0.9191635349404352,0.9068150208623088,0.9969418960244648,0.9497450837581938,0.9042995839112344,0.5398274987316084,0.7446945078814466,0.8488372093023255,0.7373737373737373,1.0,8.570649212,116.67728133453562,0.029245,val_f1,240.0,100.0,721.0,377.600863,0.04229234587123145,0.043415491175852056
jobA_anomalib_stfpm_mounts_20260427_171655,C:\Users\Usuario\Desktop\Thesis\Pipeline\Real-time-visual-defect-detection\data\outputs\Experiment 1\jobA_anomalib_stfpm_mounts_20260427_171655,jobA,anomalib_stfpm,stfpm,mounts,NVIDIA L4,0.6278867102396515,0.8971865410126845,0.8278985507246377,0.9956427015250545,0.904055390702275,0.8264758497316637,0.5687500000000001,0.668167032217493,0.7222222222222222,0.5652173913043478,1.0,4.438490178,225.30183976261128,0.092653,val_f1,359.0,92.0,559.0,700.809323,0.10484484374523163,0.10883645508803573
jobA_anomalib_stfpm_pcb_20260427_172946,C:\Users\Usuario\Desktop\Thesis\Pipeline\Real-time-visual-defect-detection\data\outputs\Experiment 1\jobA_anomalib_stfpm_pcb_20260427_172946,jobA,anomalib_stfpm,stfpm,pcb,NVIDIA L4,0.587843500507256,0.8663689512540349,0.8314606741573034,0.9694323144104804,0.8951612903225806,0.8132854578096947,0.5725490196078431,0.6504342260613792,0.7194244604316546,0.5681818181818182,0.9803921568627451,4.434946286000001,225.4818664688427,0.10449,val_f1,354.0,91.0,557.0,736.166503,0.11759659760829175,0.12114662405379995
jobA_anomalib_stfpm_phone_battery_20260427_174342,C:\Users\Usuario\Desktop\Thesis\Pipeline\Real-time-visual-defect-detection\data\outputs\Experiment 1\jobA_anomalib_stfpm_phone_battery_20260427_174342,jobA,anomalib_stfpm,stfpm,phone_battery,NVIDIA L4,0.9204301075268817,0.9796032413164348,0.9211087420042644,0.9290322580645162,0.9250535331905781,0.8754448398576512,0.9358974358974359,0.9604147572861328,0.8849557522123894,0.819672131147541,0.9615384615384616,4.422267335000001,226.1283412462908,0.022318,val_f1,347.0,91.0,562.0,807.549085,0.021661501502637397,0.03243875475099651
jobA_anomalib_stfpm_plastic_nut_20260427_175826,C:\Users\Usuario\Desktop\Thesis\Pipeline\Real-time-visual-defect-detection\data\outputs\Experiment 1\jobA_anomalib_stfpm_plastic_nut_20260427_175826,jobA,anomalib_stfpm,stfpm,plastic_nut,NVIDIA L4,0.6185038503850384,0.880004830724026,0.822550831792976,0.9888888888888889,0.8980827447023209,0.8166969147005445,0.6024390243902439,0.6901643460485221,0.7142857142857143,0.5555555555555556,1.0,4.409159720000001,226.80058160237388,0.027929,val_f1,360.0,91.0,551.0,776.708563,0.03448228698482018,0.038235319637589985
jobA_anomalib_stfpm_plastic_plug_20260427_181254,C:\Users\Usuario\Desktop\Thesis\Pipeline\Real-time-visual-defect-detection\data\outputs\Experiment 1\jobA_anomalib_stfpm_plastic_plug_20260427_181254,jobA,anomalib_stfpm,stfpm,plastic_plug,NVIDIA L4,0.7152898647744008,0.9189250289004671,0.8571428571428571,0.922077922077922,0.8884254431699687,0.8085867620751341,0.7347140039447732,0.8209711985832349,0.7596899224806202,0.6363636363636364,0.9423076923076923,4.358770469,229.42249258160237,0.017068,val_f1,349.0,91.0,559.0,761.252558,0.022017249146226756,0.028929242448986092
jobA_anomalib_stfpm_porcelain_doll_20260427_182630,C:\Users\Usuario\Desktop\Thesis\Pipeline\Real-time-visual-defect-detection\data\outputs\Experiment 1\jobA_anomalib_stfpm_porcelain_doll_20260427_182630,jobA,anomalib_stfpm,stfpm,porcelain_doll,NVIDIA L4,0.717680966633411,0.9216643259079755,0.8829516539440203,0.7462365591397849,0.8088578088578089,0.708185053380783,0.7583826429980276,0.8204245711790338,0.7857142857142857,0.7333333333333333,0.8461538461538461,4.571513177000001,218.74594658753708,0.002278,val_f1,347.0,91.0,562.0,740.885921,0.002836732969729748,0.005906169158056058
jobA_rd4ad_audiojack_20260428_070513,C:\Users\Usuario\Desktop\Thesis\Pipeline\Real-time-visual-defect-detection\data\outputs\Experiment 1\jobA_rd4ad_audiojack_20260428_070513,jobA,rd4ad,rd4ad,audiojack,NVIDIA H100 80GB HBM3,0.8462908656457042,0.9562374357385869,0.9312638580931264,0.9032258064516129,0.9170305676855895,0.8652482269503546,0.8740384615384615,0.9010627512567375,0.8547008547008547,0.7692307692307693,0.9615384615384616,9.998436807,100.01563480613164,0.004769,val_f1,354.0,92.0,564.0,931.579916,0.004383693824315237,0.010719206578709105
jobA_rd4ad_bottle_cap_20260428_072113,C:\Users\Usuario\Desktop\Thesis\Pipeline\Real-time-visual-defect-detection\data\outputs\Experiment 1\jobA_rd4ad_bottle_cap_20260428_072113,jobA,rd4ad,rd4ad,bottle_cap,NVIDIA H100 80GB HBM3,0.8821988952707907,0.9716407653085077,0.9385749385749386,0.8322440087145969,0.8822170900692841,0.8172043010752689,0.9019230769230769,0.9295330635480769,0.8867924528301887,0.8703703703703703,0.9038461538461539,9.869934759,101.3177908025248,0.00148,val_f1,353.0,92.0,558.0,879.682975,0.0012743715802442772,0.005158246105890884
jobA_rd4ad_button_battery_20260428_073610,C:\Users\Usuario\Desktop\Thesis\Pipeline\Real-time-visual-defect-detection\data\outputs\Experiment 1\jobA_rd4ad_button_battery_20260428_073610,jobA,rd4ad,rd4ad,button_battery,NVIDIA H100 80GB HBM3,0.8630085356390644,0.9690126156581624,0.9236111111111112,0.8580645161290322,0.8896321070234113,0.8238434163701067,0.8984220907297831,0.9259603559044486,0.8571428571428571,0.8,0.9230769230769231,10.258165716,97.48331018935978,0.002668,val_f1,347.0,91.0,562.0,929.737136,0.0026194660998784852,0.009507829668150555
jobA_rd4ad_end_cap_20260428_075159,C:\Users\Usuario\Desktop\Thesis\Pipeline\Real-time-visual-defect-detection\data\outputs\Experiment 1\jobA_rd4ad_end_cap_20260428_075159,jobA,rd4ad,rd4ad,end_cap,NVIDIA H100 80GB HBM3,0.8637765441889155,0.9683263679832868,0.9420654911838791,0.7991452991452992,0.8647398843930636,0.7929203539823009,0.8860946745562129,0.9219206782594177,0.8448275862068966,0.765625,0.9423076923076923,10.023985948999998,99.7607141568981,0.001569,val_f1,346.0,91.0,565.0,863.935892,0.0013515682256127679,0.004604058217682128
jobA_rd4ad_eraser_20260428_080648,C:\Users\Usuario\Desktop\Thesis\Pipeline\Real-time-visual-defect-detection\data\outputs\Experiment 1\jobA_rd4ad_eraser_20260428_080648,jobA,rd4ad,rd4ad,eraser,NVIDIA H100 80GB HBM3,0.7930372097038763,0.9530152900304281,0.9141274238227147,0.7051282051282052,0.7961399276236429,0.7019400352733686,0.7584905660377358,0.8325395071104214,0.7524752475247525,0.7916666666666666,0.7169811320754716,10.014692529,99.85328854824166,0.000775,val_f1,353.0,93.0,567.0,888.72753,0.0006897231111787448,0.0031200575294161145
jobA_rd4ad_fire_hood_20260428_084945,C:\Users\Usuario\Desktop\Thesis\Pipeline\Real-time-visual-defect-detection\data\outputs\Experiment 1\jobA_rd4ad_fire_hood_20260428_084945,jobA,rd4ad,rd4ad,fire_hood,NVIDIA H100 80GB HBM3,0.8048433982471095,0.9489332661696249,0.8914027149321267,0.869757174392936,0.8804469273743016,0.8068592057761733,0.803921568627451,0.8527162166655194,0.8141592920353983,0.7419354838709677,0.9019607843137255,10.209666927999999,97.94638322813346,0.000638,val_f1,360.0,91.0,554.0,1060.274421,0.0008285533019288507,0.0027460383177297003
jobA_rd4ad_mint_20260428_090829,C:\Users\Usuario\Desktop\Thesis\Pipeline\Real-time-visual-defect-detection\data\outputs\Experiment 1\jobA_rd4ad_mint_20260428_090829,jobA,rd4ad,rd4ad,mint,NVIDIA H100 80GB HBM3,0.7079967136793098,0.9606722537528894,0.9147058823529411,0.9510703363914373,0.9325337331334332,0.8751733703190014,0.6017250126839168,0.8233751574386265,0.8520710059171598,0.75,0.9863013698630136,10.002754143999999,99.97246167718666,0.000736,val_f1,240.0,100.0,721.0,701.945945,0.0012536137364804745,0.002543411725077889
jobA_rd4ad_mounts_20260428_092108,C:\Users\Usuario\Desktop\Thesis\Pipeline\Real-time-visual-defect-detection\data\outputs\Experiment 1\jobA_rd4ad_mounts_20260428_092108,jobA,rd4ad,rd4ad,mounts,NVIDIA H100 80GB HBM3,0.8418082788671023,0.9640330279276452,0.8726114649681529,0.8954248366013072,0.8838709677419355,0.8067978533094812,0.8461538461538461,0.9031239871524194,0.8034188034188035,0.7230769230769231,0.9038461538461539,10.216471751999999,97.8811550946799,0.000897,val_f1,359.0,92.0,559.0,874.590653,0.001293660181981977,0.008662125867959376
jobA_rd4ad_pcb_20260428_093630,C:\Users\Usuario\Desktop\Thesis\Pipeline\Real-time-visual-defect-detection\data\outputs\Experiment 1\jobA_rd4ad_pcb_20260428_093630,jobA,rd4ad,rd4ad,pcb,NVIDIA H100 80GB HBM3,0.9211988884477968,0.9818833596987824,0.9617346938775511,0.8231441048034934,0.8870588235294118,0.8276481149012568,0.932843137254902,0.9453152875731574,0.9,0.9183673469387755,0.8823529411764706,10.009673195,99.90336339044184,0.003537,val_f1,354.0,91.0,557.0,930.632185,0.002545674698370876,0.009524462931671517
jobA_val_defect_audiojack_20260427_093548,C:\Users\Usuario\Desktop\Thesis\Pipeline\Real-time-visual-defect-detection\data\outputs\Experiment 1\jobA_val_defect_audiojack_20260427_093548,jobA,anomalib_patchcore,patchcore,audiojack,NVIDIA A100-SXM4-80GB,0.7283805799934832,0.9268912652932837,0.8538899430740038,0.967741935483871,0.907258064516129,0.8368794326241135,0.7283653846153846,0.8069053968033666,0.7819548872180451,0.6419753086419753,1.0,57.692244504,17.333352112676057,32.961716,val_f1,354.0,92.0,564.0,584.842156,35.36858974803578,43.279518398161855
jobA_val_defect_audiojack_20260427_093548,C:\Users\Usuario\Desktop\Thesis\Pipeline\Real-time-visual-defect-detection\data\outputs\Experiment 1\jobA_val_defect_audiojack_20260427_093548,jobA,anomalib_padim,padim,audiojack,NVIDIA A100-SXM4-80GB,0.8988161181709569,0.9748967354598934,0.974025974025974,0.8064516129032258,0.8823529411764706,0.8226950354609929,0.9019230769230768,0.9350900254147635,0.8627450980392157,0.88,0.8461538461538461,4.7792313779999995,209.23867136150233,47.292679,val_f1,354.0,92.0,564.0,11.368751,34.82407494747277,104.97365812486218
jobA_val_defect_audiojack_20260427_093548,C:\Users\Usuario\Desktop\Thesis\Pipeline\Real-time-visual-defect-detection\data\outputs\Experiment 1\jobA_val_defect_audiojack_20260427_093548,jobA,subspacead,subspacead,audiojack,NVIDIA A100-SXM4-80GB,0.8414032801129574,0.9574576204238109,0.9312169312169312,0.7569892473118279,0.8351126927639383,0.7535460992907801,0.8735576923076923,0.8979406548937323,0.8440366972477065,0.8070175438596491,0.8846153846153846,45.457704275999994,21.998471830985917,5.710297,val_f1,354.0,92.0,564.0,75.636726,5.489977692112778,6.542386328789496
jobA_val_defect_bottle_cap_20260427_095145,C:\Users\Usuario\Desktop\Thesis\Pipeline\Real-time-visual-defect-detection\data\outputs\Experiment 1\jobA_val_defect_bottle_cap_20260427_095145,jobA,anomalib_patchcore,patchcore,bottle_cap,NVIDIA A100-SXM4-80GB,0.9275764177724962,0.9822715900753721,0.9497716894977168,0.906318082788671,0.927536231884058,0.8835125448028673,0.9557692307692308,0.9646578144017571,0.9122807017543859,0.8387096774193549,1.0,57.679498584,17.337183098591552,31.772589,val_f1,353.0,92.0,558.0,574.727386,30.280839149398034,40.928650550592955
jobA_val_defect_bottle_cap_20260427_095145,C:\Users\Usuario\Desktop\Thesis\Pipeline\Real-time-visual-defect-detection\data\outputs\Experiment 1\jobA_val_defect_bottle_cap_20260427_095145,jobA,anomalib_padim,padim,bottle_cap,NVIDIA A100-SXM4-80GB,0.9329680244712925,0.9700619262136055,0.9654427645788337,0.9738562091503268,0.9696312364425163,0.9498207885304659,0.9221153846153846,0.8552285264218915,0.9433962264150944,0.9259259259259259,0.9615384615384616,4.909750536,203.67633098591548,46.896526,val_f1,353.0,92.0,558.0,10.012139,34.48301043654933,90.24469233909723
jobA_val_defect_bottle_cap_20260427_095145,C:\Users\Usuario\Desktop\Thesis\Pipeline\Real-time-visual-defect-detection\data\outputs\Experiment 1\jobA_val_defect_bottle_cap_20260427_095145,jobA,subspacead,subspacead,bottle_cap,NVIDIA A100-SXM4-80GB,0.8662881538698534,0.9683839502514113,0.9182692307692307,0.8322440087145969,0.8731428571428571,0.8010752688172043,0.8822115384615384,0.9204981340308342,0.8363636363636363,0.7931034482758621,0.8846153846153846,44.957011566,22.243471830985914,4.916382,val_f1,353.0,92.0,558.0,68.678847,4.73773014906681,6.1714497505969215
jobA_val_defect_button_battery_20260427_100706,C:\Users\Usuario\Desktop\Thesis\Pipeline\Real-time-visual-defect-detection\data\outputs\Experiment 1\jobA_val_defect_button_battery_20260427_100706,jobA,anomalib_patchcore,patchcore,button_battery,NVIDIA A100-SXM4-80GB,0.8950227247533533,0.9765113035624446,0.9354838709677419,0.8731182795698925,0.9032258064516129,0.8451957295373665,0.9151873767258383,0.9287230737131188,0.8928571428571429,0.8333333333333334,0.9615384615384616,56.87427167999999,17.582643192488263,36.60054,val_f1,347.0,91.0,562.0,552.427555,35.5712817083929,47.84595329120595
jobA_val_defect_button_battery_20260427_100706,C:\Users\Usuario\Desktop\Thesis\Pipeline\Real-time-visual-defect-detection\data\outputs\Experiment 1\jobA_val_defect_button_battery_20260427_100706,jobA,anomalib_padim,padim,button_battery,NVIDIA A100-SXM4-80GB,0.8955104755570336,0.9585077860866015,0.9702970297029703,0.843010752688172,0.9021864211737629,0.8487544483985765,0.9418145956607495,0.9630789077371944,0.9423076923076923,0.9423076923076923,0.9423076923076923,4.728387426,211.48858920187794,50.65406,val_f1,347.0,91.0,562.0,9.892285,38.31367512339169,90.17586290503061
jobA_val_defect_button_battery_20260427_100706,C:\Users\Usuario\Desktop\Thesis\Pipeline\Real-time-visual-defect-detection\data\outputs\Experiment 1\jobA_val_defect_button_battery_20260427_100706,jobA,subspacead,subspacead,button_battery,NVIDIA A100-SXM4-80GB,0.8599933488526771,0.9687640976014057,0.8989247311827957,0.8989247311827957,0.8989247311827957,0.8327402135231317,0.8279092702169626,0.8807902165944879,0.8245614035087719,0.7580645161290323,0.9038461538461539,45.241481586,22.10360798122066,4.459803,val_f1,347.0,91.0,562.0,67.799929,4.470231648572941,6.434793109278525
jobA_val_defect_end_cap_20260427_102210,C:\Users\Usuario\Desktop\Thesis\Pipeline\Real-time-visual-defect-detection\data\outputs\Experiment 1\jobA_val_defect_end_cap_20260427_102210,jobA,anomalib_patchcore,patchcore,end_cap,NVIDIA A100-SXM4-80GB,0.8506256057802449,0.9658821767483747,0.9271844660194175,0.8162393162393162,0.8681818181818182,0.7946902654867256,0.8816568047337279,0.9103357427674615,0.8545454545454545,0.8103448275862069,0.9038461538461539,56.79958962,17.605760563380283,35.013866,val_f1,346.0,91.0,565.0,549.509385,33.41845250867077,42.36793529477894
jobA_val_defect_end_cap_20260427_102210,C:\Users\Usuario\Desktop\Thesis\Pipeline\Real-time-visual-defect-detection\data\outputs\Experiment 1\jobA_val_defect_end_cap_20260427_102210,jobA,anomalib_padim,padim,end_cap,NVIDIA A100-SXM4-80GB,0.7965239228125827,0.9342275067766305,0.913232104121475,0.8995726495726496,0.9063509149623251,0.8460176991150442,0.76232741617357,0.7927068648654979,0.7899159663865546,0.7014925373134329,0.9038461538461539,4.8260773200000004,207.20762441314554,34.87191,val_f1,346.0,91.0,565.0,10.131923,44.17814301952873,77.57557867327307
jobA_val_defect_end_cap_20260427_102210,C:\Users\Usuario\Desktop\Thesis\Pipeline\Real-time-visual-defect-detection\data\outputs\Experiment 1\jobA_val_defect_end_cap_20260427_102210,jobA,subspacead,subspacead,end_cap,NVIDIA A100-SXM4-80GB,0.8270111904132523,0.9462955639631397,0.9506172839506173,0.6581196581196581,0.7777777777777778,0.6884955752212389,0.8052268244575937,0.8035516986703409,0.8080808080808081,0.851063829787234,0.7692307692307693,45.41125494,22.020971830985914,4.117755,val_f1,346.0,91.0,565.0,66.841218,3.837006320658418,4.682173860378755
jobA_val_defect_eraser_20260427_105300,C:\Users\Usuario\Desktop\Thesis\Pipeline\Real-time-visual-defect-detection\data\outputs\Experiment 1\jobA_val_defect_eraser_20260427_105300,jobA,anomalib_patchcore,patchcore,eraser,NVIDIA A100-SXM4-80GB,0.8573340240006907,0.9660343594804143,0.9326683291770573,0.7991452991452992,0.8607594936708861,0.7865961199294532,0.8099056603773586,0.8567720049276415,0.7962962962962963,0.7818181818181819,0.8113207547169812,57.607096475999995,17.358971830985915,29.726894,val_f1,353.0,93.0,567.0,573.817724,28.64410057453194,39.43885798739572
jobA_val_defect_eraser_20260427_105300,C:\Users\Usuario\Desktop\Thesis\Pipeline\Real-time-visual-defect-detection\data\outputs\Experiment 1\jobA_val_defect_eraser_20260427_105300,jobA,anomalib_padim,padim,eraser,NVIDIA A100-SXM4-80GB,0.983035483035483,0.9948952614789182,0.986784140969163,0.9572649572649573,0.9718004338394793,0.9541446208112875,0.969811320754717,0.9793925425628816,0.9245283018867925,0.9245283018867925,0.9245283018867925,4.732424202,211.3081854460094,64.023758,val_f1,353.0,93.0,567.0,9.470434,34.54498278492629,115.05142203355447
jobA_val_defect_eraser_20260427_105300,C:\Users\Usuario\Desktop\Thesis\Pipeline\Real-time-visual-defect-detection\data\outputs\Experiment 1\jobA_val_defect_eraser_20260427_105300,jobA,subspacead,subspacead,eraser,NVIDIA A100-SXM4-80GB,0.796879046879047,0.95361267259202,0.9031476997578692,0.7970085470085471,0.8467650397275823,0.7619047619047619,0.7806603773584906,0.851714200502921,0.7927927927927928,0.7586206896551724,0.8301886792452831,45.138997914,22.15379342723005,4.468838,val_f1,353.0,93.0,567.0,71.019396,4.486898696783817,7.059769847454169
jobA_val_defect_fire_hood_20260427_110832,C:\Users\Usuario\Desktop\Thesis\Pipeline\Real-time-visual-defect-detection\data\outputs\Experiment 1\jobA_val_defect_fire_hood_20260427_110832,jobA,anomalib_patchcore,patchcore,fire_hood,NVIDIA A100-SXM4-80GB,0.8176950145345661,0.9515671423104457,0.89086859688196,0.8830022075055187,0.8869179600886918,0.8158844765342961,0.8200980392156862,0.8463156042375896,0.8070175438596491,0.7301587301587301,0.9019607843137255,58.4042592,17.122039906103286,32.990421,val_f1,360.0,91.0,554.0,597.015894,33.72658967499686,43.57681852934376
jobA_val_defect_fire_hood_20260427_110832,C:\Users\Usuario\Desktop\Thesis\Pipeline\Real-time-visual-defect-detection\data\outputs\Experiment 1\jobA_val_defect_fire_hood_20260427_110832,jobA,anomalib_padim,padim,fire_hood,NVIDIA A100-SXM4-80GB,0.9807225755688151,0.9940374151757797,0.9800884955752213,0.977924944812362,0.9790055248618784,0.9657039711191335,0.9544117647058824,0.9571552613921176,0.9345794392523364,0.8928571428571429,0.9803921568627451,4.569091968,218.8618591549296,61.036606,val_f1,360.0,91.0,554.0,11.34532,36.00156964405929,105.63846906447253
jobA_val_defect_fire_hood_20260427_110832,C:\Users\Usuario\Desktop\Thesis\Pipeline\Real-time-visual-defect-detection\data\outputs\Experiment 1\jobA_val_defect_fire_hood_20260427_110832,jobA,subspacead,subspacead,fire_hood,NVIDIA A100-SXM4-80GB,0.8316613118265468,0.9553479132831827,0.9125964010282777,0.7836644591611479,0.8432304038004751,0.7617328519855595,0.8112745098039216,0.8542164511481755,0.780952380952381,0.7592592592592593,0.803921568627451,44.587418652,22.427852112676053,3.246504,val_f1,360.0,91.0,554.0,70.572153,3.0953935561793866,4.592458361821459
jobA_val_defect_mint_20260427_112452,C:\Users\Usuario\Desktop\Thesis\Pipeline\Real-time-visual-defect-detection\data\outputs\Experiment 1\jobA_val_defect_mint_20260427_112452,jobA,anomalib_patchcore,patchcore,mint,NVIDIA A100-SXM4-80GB,0.77217125382263,0.9682888544610628,0.9310344827586207,0.908256880733945,0.9195046439628483,0.855755894590846,0.6823947234906139,0.8652714701297262,0.8588957055214724,0.7777777777777778,0.958904109589041,41.077518600000005,24.344215962441314,32.319656,val_f1,240.0,100.0,721.0,266.645037,33.81389728944693,38.8248316767748
jobA_val_defect_mint_20260427_112452,C:\Users\Usuario\Desktop\Thesis\Pipeline\Real-time-visual-defect-detection\data\outputs\Experiment 1\jobA_val_defect_mint_20260427_112452,jobA,anomalib_padim,padim,mint,NVIDIA A100-SXM4-80GB,0.7265279109041947,0.9623460806285714,0.9233128834355828,0.9204892966360856,0.9218989280245024,0.8585298196948682,0.6128868594622019,0.8039197534063196,0.874251497005988,0.776595744680851,1.0,4.592936466,217.72562441314554,28.763275,val_f1,240.0,100.0,721.0,8.387665,38.65427202253199,57.817895725961854
jobA_val_defect_mint_20260427_112452,C:\Users\Usuario\Desktop\Thesis\Pipeline\Real-time-visual-defect-detection\data\outputs\Experiment 1\jobA_val_defect_mint_20260427_112452,jobA,subspacead,subspacead,mint,NVIDIA A100-SXM4-80GB,0.8018850700625313,0.9745000450629968,0.9283536585365854,0.9311926605504587,0.9297709923664123,0.8723994452149791,0.765093860984272,0.9055173890375368,0.8765432098765432,0.797752808988764,0.9726027397260274,44.46877467,22.48769014084507,2.448028,val_f1,240.0,100.0,721.0,49.165711,2.608630194592832,3.306506049013284
jobA_val_defect_mounts_20260427_113532,C:\Users\Usuario\Desktop\Thesis\Pipeline\Real-time-visual-defect-detection\data\outputs\Experiment 1\jobA_val_defect_mounts_20260427_113532,jobA,anomalib_patchcore,patchcore,mounts,NVIDIA A100-SXM4-80GB,0.8455337690631808,0.9651887742243908,0.9498607242339833,0.7429193899782135,0.8337408312958435,0.7567084078711985,0.8447115384615385,0.9139177730167034,0.8421052631578947,0.9302325581395349,0.7692307692307693,58.466587686,17.103786384976527,35.660915,val_f1,359.0,92.0,559.0,591.793877,32.69113300323486,49.04897579284535
jobA_val_defect_mounts_20260427_113532,C:\Users\Usuario\Desktop\Thesis\Pipeline\Real-time-visual-defect-detection\data\outputs\Experiment 1\jobA_val_defect_mounts_20260427_113532,jobA,anomalib_padim,padim,mounts,NVIDIA A100-SXM4-80GB,0.934705882352941,0.9819379336528573,0.9279661016949152,0.954248366013072,0.9409237379162191,0.9016100178890877,0.9442307692307692,0.9581185089748412,0.8947368421052632,0.8225806451612904,0.9807692307692307,4.592265515999999,217.7574460093897,34.719475,val_f1,359.0,92.0,559.0,9.661785,34.016581001281736,89.40692341041981
jobA_val_defect_mounts_20260427_113532,C:\Users\Usuario\Desktop\Thesis\Pipeline\Real-time-visual-defect-detection\data\outputs\Experiment 1\jobA_val_defect_mounts_20260427_113532,jobA,subspacead,subspacead,mounts,NVIDIA A100-SXM4-80GB,0.8866230936819173,0.9749881201248779,0.9578947368421052,0.7930283224400871,0.867699642431466,0.8014311270125224,0.8721153846153846,0.9288569653814902,0.845360824742268,0.9111111111111111,0.7884615384615384,45.218963652,22.11461502347418,5.158107,val_f1,359.0,92.0,559.0,68.871031,4.625857141017914,7.369048613608533
jobA_val_defect_pcb_20260427_103714,C:\Users\Usuario\Desktop\Thesis\Pipeline\Real-time-visual-defect-detection\data\outputs\Experiment 1\jobA_val_defect_pcb_20260427_103714,jobA,anomalib_patchcore,patchcore,pcb,NVIDIA A100-SXM4-80GB,0.922742710952318,0.9802949476215763,0.9540229885057471,0.9061135371179039,0.9294512877939529,0.8868940754039497,0.9382352941176471,0.9522986998234012,0.8888888888888888,0.8421052631578947,0.9411764705882353,57.64579602,17.34731924882629,34.670021,val_f1,354.0,91.0,557.0,578.140321,33.53951161317151,45.49147916985391
jobA_val_defect_pcb_20260427_103714,C:\Users\Usuario\Desktop\Thesis\Pipeline\Real-time-visual-defect-detection\data\outputs\Experiment 1\jobA_val_defect_pcb_20260427_103714,jobA,anomalib_padim,padim,pcb,NVIDIA A100-SXM4-80GB,0.9185964447973182,0.9767209898944674,0.9392624728850325,0.9454148471615721,0.9423286180631121,0.9048473967684022,0.9367647058823529,0.9476386612149134,0.8932038834951457,0.8846153846153846,0.9019607843137255,4.764378036,209.89098122065727,56.133816,val_f1,354.0,91.0,557.0,10.264331,46.66790395794493,104.06725438297055
jobA_val_defect_pcb_20260427_103714,C:\Users\Usuario\Desktop\Thesis\Pipeline\Real-time-visual-defect-detection\data\outputs\Experiment 1\jobA_val_defect_pcb_20260427_103714,jobA,subspacead,subspacead,pcb,NVIDIA A100-SXM4-80GB,0.8950641789069738,0.9765560241107986,0.9166666666666666,0.888646288209607,0.9024390243902439,0.8420107719928187,0.8975490196078431,0.9330272897004962,0.8490566037735849,0.8181818181818182,0.8823529411764706,45.128392643999995,22.159,3.678843,val_f1,354.0,91.0,557.0,71.269621,3.639895229628592,4.332434857776592
jobA_val_defect_phone_battery_20260427_115142,C:\Users\Usuario\Desktop\Thesis\Pipeline\Real-time-visual-defect-detection\data\outputs\Experiment 1\jobA_val_defect_phone_battery_20260427_115142,jobA,anomalib_patchcore,patchcore,phone_battery,NVIDIA A100-SXM4-80GB,0.9349961201640615,0.9847927834527743,0.9728395061728395,0.8473118279569892,0.9057471264367816,0.8540925266903915,0.9536489151873767,0.967761115239932,0.912621359223301,0.9215686274509803,0.9038461538461539,56.865936563999995,17.585220657276995,35.450569,val_f1,347.0,91.0,562.0,553.450627,31.638868685850163,46.793219076177124
jobA_val_defect_phone_battery_20260427_115142,C:\Users\Usuario\Desktop\Thesis\Pipeline\Real-time-visual-defect-detection\data\outputs\Experiment 1\jobA_val_defect_phone_battery_20260427_115142,jobA,anomalib_padim,padim,phone_battery,NVIDIA A100-SXM4-80GB,0.7875180135239995,0.9476247594125189,0.8757637474541752,0.9247311827956989,0.899581589958159,0.8291814946619217,0.8116370808678501,0.8604050369406547,0.8031496062992126,0.68,0.9807692307692307,4.810126602,207.89474178403756,29.712446,val_f1,347.0,91.0,562.0,10.799463,39.12168752532644,79.39791920569635
jobA_val_defect_phone_battery_20260427_115142,C:\Users\Usuario\Desktop\Thesis\Pipeline\Real-time-visual-defect-detection\data\outputs\Experiment 1\jobA_val_defect_phone_battery_20260427_115142,jobA,subspacead,subspacead,phone_battery,NVIDIA A100-SXM4-80GB,0.8601707127812881,0.9683777318315836,0.9149888143176734,0.8795698924731182,0.8969298245614035,0.8327402135231317,0.9186390532544378,0.9412772128612786,0.875,0.8166666666666667,0.9423076923076923,45.103643322,22.171157276995306,3.434976,val_f1,347.0,91.0,562.0,68.982894,3.4409217932789598,5.188577897061584
jobA_val_defect_plastic_nut_20260427_120705,C:\Users\Usuario\Desktop\Thesis\Pipeline\Real-time-visual-defect-detection\data\outputs\Experiment 1\jobA_val_defect_plastic_nut_20260427_120705,jobA,anomalib_patchcore,patchcore,plastic_nut,NVIDIA A100-SXM4-80GB,0.9141474147414742,0.9732941083596351,0.9446902654867256,0.9488888888888889,0.9467849223946785,0.9128856624319419,0.9639024390243903,0.9712909445856974,0.9306930693069307,0.9215686274509803,0.94,58.469683002000004,17.10288028169014,30.806398,val_f1,360.0,91.0,551.0,596.168631,28.3191079243575,38.114184879726835
jobA_val_defect_plastic_nut_20260427_120705,C:\Users\Usuario\Desktop\Thesis\Pipeline\Real-time-visual-defect-detection\data\outputs\Experiment 1\jobA_val_defect_plastic_nut_20260427_120705,jobA,anomalib_padim,padim,plastic_nut,NVIDIA A100-SXM4-80GB,0.9747634763476347,0.9921823027285587,0.9837587006960556,0.9422222222222222,0.9625425652667423,0.9401088929219601,0.9951219512195122,0.9962090845562543,0.9690721649484536,1.0,0.94,4.715993808,212.044382629108,77.995796,val_f1,360.0,91.0,551.0,10.769973,34.753401652421104,104.8283686235216
jobA_val_defect_plastic_nut_20260427_120705,C:\Users\Usuario\Desktop\Thesis\Pipeline\Real-time-visual-defect-detection\data\outputs\Experiment 1\jobA_val_defect_plastic_nut_20260427_120705,jobA,subspacead,subspacead,plastic_nut,NVIDIA A100-SXM4-80GB,0.8569416941694169,0.9561729964021749,0.9343434343434344,0.8222222222222222,0.8747044917257684,0.8076225045372051,0.8400000000000001,0.8442572418065069,0.822429906542056,0.7719298245614035,0.88,44.788098306,22.327359154929578,4.11288,val_f1,360.0,91.0,551.0,68.98374,3.7779508628467524,5.08425136619144
jobA_val_defect_plastic_plug_20260427_122314,C:\Users\Usuario\Desktop\Thesis\Pipeline\Real-time-visual-defect-detection\data\outputs\Experiment 1\jobA_val_defect_plastic_plug_20260427_122314,jobA,anomalib_patchcore,patchcore,plastic_plug,NVIDIA A100-SXM4-80GB,0.8679653679653679,0.9704483036912858,0.8967032967032967,0.8831168831168831,0.8898582333696837,0.8193202146690519,0.8856015779092703,0.9313187436506979,0.8411214953271028,0.8181818181818182,0.8653846153846154,56.86162587,17.58655399061033,31.755384,val_f1,349.0,91.0,559.0,559.068118,31.71011541307587,44.43262221183612
jobA_val_defect_plastic_plug_20260427_122314,C:\Users\Usuario\Desktop\Thesis\Pipeline\Real-time-visual-defect-detection\data\outputs\Experiment 1\jobA_val_defect_plastic_plug_20260427_122314,jobA,anomalib_padim,padim,plastic_plug,NVIDIA A100-SXM4-80GB,0.8096576962556344,0.946943160052298,0.9058823529411765,0.8333333333333334,0.8680947012401353,0.7906976744186046,0.9028599605522682,0.9267590612825461,0.8648648648648649,0.8135593220338984,0.9230769230769231,4.746260256,210.69219718309859,44.948158,val_f1,349.0,91.0,559.0,10.742749,43.5885299014062,68.60534930125975
jobA_val_defect_plastic_plug_20260427_122314,C:\Users\Usuario\Desktop\Thesis\Pipeline\Real-time-visual-defect-detection\data\outputs\Experiment 1\jobA_val_defect_plastic_plug_20260427_122314,jobA,subspacead,subspacead,plastic_plug,NVIDIA A100-SXM4-80GB,0.8803945195697774,0.975023664320363,0.9774647887323944,0.7510822510822511,0.8494492044063647,0.7799642218246869,0.8683431952662722,0.9149844446021901,0.8282828282828283,0.8723404255319149,0.7884615384615384,44.910130692,22.26669014084507,3.814791,val_f1,349.0,91.0,559.0,68.471146,3.532859150896367,4.5725567015734585
jobA_val_defect_porcelain_doll_20260427_123823,C:\Users\Usuario\Desktop\Thesis\Pipeline\Real-time-visual-defect-detection\data\outputs\Experiment 1\jobA_val_defect_porcelain_doll_20260427_123823,jobA,anomalib_patchcore,patchcore,porcelain_doll,NVIDIA A100-SXM4-80GB,0.8747145549273916,0.9681200908655844,0.9203354297693921,0.9440860215053763,0.9320594479830149,0.8861209964412812,0.8865877712031558,0.8978472288351174,0.8793103448275862,0.796875,0.9807692307692307,56.802319428,17.604915492957748,30.048311,val_f1,347.0,91.0,562.0,552.972214,29.87816562849222,37.85714480492376
jobA_val_defect_porcelain_doll_20260427_123823,C:\Users\Usuario\Desktop\Thesis\Pipeline\Real-time-visual-defect-detection\data\outputs\Experiment 1\jobA_val_defect_porcelain_doll_20260427_123823,jobA,anomalib_padim,padim,porcelain_doll,NVIDIA A100-SXM4-80GB,0.8764660237224254,0.9643059328890109,0.9401913875598086,0.8451612903225807,0.8901472253680635,0.8274021352313167,0.8693293885601577,0.877390741168096,0.8440366972477065,0.8070175438596491,0.8846153846153846,5.072021178,197.16005399061035,40.422417,val_f1,347.0,91.0,562.0,10.43198,33.45458915553142,74.55910019413118
jobA_val_defect_porcelain_doll_20260427_123823,C:\Users\Usuario\Desktop\Thesis\Pipeline\Real-time-visual-defect-detection\data\outputs\Experiment 1\jobA_val_defect_porcelain_doll_20260427_123823,jobA,subspacead,subspacead,porcelain_doll,NVIDIA A100-SXM4-80GB,0.7719986697705354,0.9439147692575958,0.8944591029023746,0.7290322580645161,0.8033175355450237,0.7046263345195729,0.8185404339250494,0.8763691310431186,0.8,0.7586206896551724,0.8461538461538461,45.049685735999994,22.197713615023474,3.370642,val_f1,347.0,91.0,562.0,69.641408,3.322237054097284,4.408446336561633
jobA_val_defect_regulator_20260427_125342,C:\Users\Usuario\Desktop\Thesis\Pipeline\Real-time-visual-defect-detection\data\outputs\Experiment 1\jobA_val_defect_regulator_20260427_125342,jobA,anomalib_patchcore,patchcore,regulator,NVIDIA A100-SXM4-80GB,0.6993603411513859,0.9079876630564664,0.8236363636363636,0.9658848614072495,0.8891069676153092,0.8014059753954306,0.6622641509433962,0.7491045252644553,0.7375886524822695,0.5909090909090909,0.9811320754716981,58.135409748,17.201220657276995,25.457085,val_f1,358.0,93.0,569.0,589.36279,31.063397731781006,34.472168070421034
jobA_val_defect_regulator_20260427_125342,C:\Users\Usuario\Desktop\Thesis\Pipeline\Real-time-visual-defect-detection\data\outputs\Experiment 1\jobA_val_defect_regulator_20260427_125342,jobA,anomalib_padim,padim,regulator,NVIDIA A100-SXM4-80GB,0.8130063965884861,0.9591468533145442,0.9623824451410659,0.6545842217484008,0.7791878172588832,0.6942003514938488,0.8316037735849057,0.9021180402613298,0.8043478260869565,0.9487179487179487,0.6981132075471698,4.762856364,209.9580516431925,36.188015,val_f1,358.0,93.0,569.0,9.884433,29.05314266204834,74.18501623352962
jobA_val_defect_regulator_20260427_125342,C:\Users\Usuario\Desktop\Thesis\Pipeline\Real-time-visual-defect-detection\data\outputs\Experiment 1\jobA_val_defect_regulator_20260427_125342,jobA,subspacead,subspacead,regulator,NVIDIA A100-SXM4-80GB,0.6622814498933902,0.9062671727324692,0.8417721518987342,0.8507462686567164,0.8462354188759279,0.7451669595782073,0.6504716981132076,0.7418199737150541,0.7575757575757576,0.6329113924050633,0.9433962264150944,45.010388514,22.217093896713617,4.403117,val_f1,358.0,93.0,569.0,69.819489,4.6039960360527035,4.922151918858607
jobA_val_defect_rolled_strip_base_20260426_131533,C:\Users\Usuario\Desktop\Thesis\Pipeline\Real-time-visual-defect-detection\data\outputs\Experiment 1\jobA_val_defect_rolled_strip_base_20260426_131533,jobA,anomalib_patchcore,patchcore,rolled_strip_base,Tesla T4,0.9890238611713665,0.9976599453524958,0.980349344978166,0.9739696312364425,0.9771490750816104,0.9625668449197861,0.99375,0.9953005025262135,0.9714285714285714,0.9622641509433962,0.9807692307692307,11.681697876000001,85.60399561403507,29.9862,val_f1,357.0,92.0,561.0,246.903936,26.323138999938966,45.12725754363418
jobA_val_defect_rolled_strip_base_20260426_131533,C:\Users\Usuario\Desktop\Thesis\Pipeline\Real-time-visual-defect-detection\data\outputs\Experiment 1\jobA_val_defect_rolled_strip_base_20260426_131533,jobA,anomalib_padim,padim,rolled_strip_base,Tesla T4,0.9546420824295011,0.9889434859063782,0.962877030162413,0.9002169197396963,0.9304932735426009,0.8894830659536542,0.9769230769230769,0.9838354493808491,0.9230769230769231,0.9230769230769231,0.9230769230769231,1.732333512,577.2560263157894,47.160492,val_f1,357.0,92.0,561.0,9.737058,33.63909337997436,84.40991341266094
jobA_val_defect_rolled_strip_base_20260426_131533,C:\Users\Usuario\Desktop\Thesis\Pipeline\Real-time-visual-defect-detection\data\outputs\Experiment 1\jobA_val_defect_rolled_strip_base_20260426_131533,jobA,subspacead,subspacead,rolled_strip_base,Tesla T4,0.9857917570498915,0.9966053689677025,0.9804772234273319,0.9804772234273319,0.9804772234273319,0.9679144385026738,0.9788461538461538,0.9831760993274127,0.9433962264150944,0.9259259259259259,0.9615384615384616,21.557850300000002,46.38681578947368,11.990966,val_f1,357.0,92.0,561.0,81.790185,10.129553961753846,18.08939303648446
jobA_val_defect_sim_card_set_20260426_133656,C:\Users\Usuario\Desktop\Thesis\Pipeline\Real-time-visual-defect-detection\data\outputs\Experiment 1\jobA_val_defect_sim_card_set_20260426_133656,jobA,anomalib_patchcore,patchcore,sim_card_set,Tesla T4,0.9858862144420131,0.9969383378937846,0.9846491228070176,0.9824945295404814,0.9835706462212487,0.9730700179533214,0.9887254901960784,0.9886982322919532,0.9902912621359223,0.9807692307692307,1.0,11.194857228,89.32673245614035,31.101135,val_f1,358.0,91.0,557.0,239.316551,24.787360343933106,42.38135376644343
jobA_val_defect_sim_card_set_20260426_133656,C:\Users\Usuario\Desktop\Thesis\Pipeline\Real-time-visual-defect-detection\data\outputs\Experiment 1\jobA_val_defect_sim_card_set_20260426_133656,jobA,anomalib_padim,padim,sim_card_set,Tesla T4,0.940656455142232,0.9756472724026403,0.9739696312364425,0.9824945295404814,0.9782135076252724,0.9640933572710951,0.9980392156862745,0.9984461416542485,0.9902912621359223,0.9807692307692307,1.0,1.69507398,589.9447324561403,32.977329,val_f1,358.0,91.0,557.0,10.98435,23.762997331619264,54.24677335876866
jobA_val_defect_sim_card_set_20260426_133656,C:\Users\Usuario\Desktop\Thesis\Pipeline\Real-time-visual-defect-detection\data\outputs\Experiment 1\jobA_val_defect_sim_card_set_20260426_133656,jobA,subspacead,subspacead,sim_card_set,Tesla T4,0.9938949671772429,0.9987901074973798,0.989010989010989,0.9846827133479212,0.9868421052631579,0.9784560143626571,0.9955882352941177,0.9967262168819263,0.970873786407767,0.9615384615384616,0.9803921568627451,21.121292544,47.345587719298244,9.755653,val_f1,358.0,91.0,557.0,80.700201,7.555453586578369,20.20707633354471
jobA_val_defect_switch_20260426_135555,C:\Users\Usuario\Desktop\Thesis\Pipeline\Real-time-visual-defect-detection\data\outputs\Experiment 1\jobA_val_defect_switch_20260426_135555,jobA,anomalib_patchcore,patchcore,switch,Tesla T4,0.9521827719252612,0.9901083913697666,0.9925925925925926,0.8626609442060086,0.9230769230769231,0.8814159292035398,0.9139423076923079,0.9393321820011082,0.8541666666666666,0.9318181818181818,0.7884615384615384,11.079218592,90.25907456140351,29.796898,val_f1,353.0,92.0,565.0,236.763665,26.840553572683625,41.11254009770733
jobA_val_defect_switch_20260426_135555,C:\Users\Usuario\Desktop\Thesis\Pipeline\Real-time-visual-defect-detection\data\outputs\Experiment 1\jobA_val_defect_switch_20260426_135555,jobA,anomalib_padim,padim,switch,Tesla T4,0.9131226427363767,0.9814717288011838,0.9032921810699589,0.9420600858369099,0.9222689075630253,0.8690265486725663,0.8475961538461539,0.876625585078455,0.819672131147541,0.7142857142857143,0.9615384615384616,1.689641652,591.8414342105262,18.425259,val_f1,353.0,92.0,565.0,7.043787,19.597630818684895,52.93602013280975
jobA_val_defect_switch_20260426_135555,C:\Users\Usuario\Desktop\Thesis\Pipeline\Real-time-visual-defect-detection\data\outputs\Experiment 1\jobA_val_defect_switch_20260426_135555,jobA,subspacead,subspacead,switch,Tesla T4,0.8960636406988339,0.9774895195444103,0.9530864197530864,0.8283261802575107,0.886337543053961,0.8247787610619469,0.8798076923076924,0.9147866199015791,0.8518518518518519,0.8214285714285714,0.8846153846153846,22.472983932,44.49787280701754,15.126022,val_f1,353.0,92.0,565.0,76.403508,14.281814363267687,18.879182258900656
jobA_val_defect_tape_20260427_130941,C:\Users\Usuario\Desktop\Thesis\Pipeline\Real-time-visual-defect-detection\data\outputs\Experiment 1\jobA_val_defect_tape_20260427_130941,jobA,anomalib_patchcore,patchcore,tape,NVIDIA A100-SXM4-80GB,0.8252136752136752,0.9578087460543556,0.9143518518518519,0.844017094017094,0.8777777777777778,0.8063380281690141,0.8288461538461538,0.8757219605191778,0.8070175438596491,0.7419354838709677,0.8846153846153846,58.41951213,17.117568075117372,26.819569,val_f1,360.0,92.0,568.0,594.822158,26.751394958496093,38.63390059756418
jobA_val_defect_tape_20260427_130941,C:\Users\Usuario\Desktop\Thesis\Pipeline\Real-time-visual-defect-detection\data\outputs\Experiment 1\jobA_val_defect_tape_20260427_130941,jobA,anomalib_padim,padim,tape,NVIDIA A100-SXM4-80GB,0.9243376068376068,0.9795348872780634,0.9336188436830836,0.9316239316239316,0.932620320855615,0.8890845070422535,0.870673076923077,0.8774500297056672,0.8490566037735849,0.8333333333333334,0.8653846153846154,4.507160088,221.86919953051643,33.410301,val_f1,360.0,92.0,568.0,9.343646,32.288586902618405,86.12811061663506
jobA_val_defect_tape_20260427_130941,C:\Users\Usuario\Desktop\Thesis\Pipeline\Real-time-visual-defect-detection\data\outputs\Experiment 1\jobA_val_defect_tape_20260427_130941,jobA,subspacead,subspacead,tape,NVIDIA A100-SXM4-80GB,0.7817094017094017,0.9500824529043383,0.9029649595687331,0.7158119658119658,0.798569725864124,0.7024647887323944,0.7975961538461539,0.8689751530523353,0.7676767676767676,0.8085106382978723,0.7307692307692307,44.372341901999995,22.536561032863847,5.504294,val_f1,360.0,92.0,568.0,72.134322,5.307354211807251,8.16945587264167
jobA_val_defect_terminalblock_20260426_141508,C:\Users\Usuario\Desktop\Thesis\Pipeline\Real-time-visual-defect-detection\data\outputs\Experiment 1\jobA_val_defect_terminalblock_20260426_141508,jobA,anomalib_patchcore,patchcore,terminalblock,Tesla T4,0.8696048632218846,0.9662107400411952,0.9249448123620309,0.8914893617021277,0.9079089924160346,0.8503521126760564,0.8176100628930818,0.8496087201808771,0.8173913043478261,0.7580645161290323,0.8867924528301887,10.956330924,91.2714298245614,26.59861,val_f1,350.0,92.0,568.0,233.874765,26.194056919642858,36.81310744995766
jobA_val_defect_terminalblock_20260426_141508,C:\Users\Usuario\Desktop\Thesis\Pipeline\Real-time-visual-defect-detection\data\outputs\Experiment 1\jobA_val_defect_terminalblock_20260426_141508,jobA,anomalib_padim,padim,terminalblock,Tesla T4,0.9628310898827616,0.9922066656106703,0.9836829836829837,0.8978723404255319,0.9388209121245829,0.903169014084507,0.9414610546686017,0.9552995201197904,0.9230769230769231,0.9411764705882353,0.9056603773584906,1.552198008,644.2476710526315,31.631771,val_f1,350.0,92.0,568.0,7.662567,22.03536690497885,57.852454635944774
jobA_val_defect_terminalblock_20260426_141508,C:\Users\Usuario\Desktop\Thesis\Pipeline\Real-time-visual-defect-detection\data\outputs\Experiment 1\jobA_val_defect_terminalblock_20260426_141508,jobA,subspacead,subspacead,terminalblock,Tesla T4,0.9432045158488926,0.9868474245440847,0.9833333333333333,0.8787234042553191,0.9280898876404494,0.8873239436619719,0.9240445089501692,0.9561974021437374,0.9,0.9574468085106383,0.8490566037735849,22.798662096,43.86222368421052,16.718126,val_f1,350.0,92.0,568.0,79.292675,13.920328227841125,21.447871898082976
jobA_val_defect_toothbrush_20260426_140527,C:\Users\Usuario\Desktop\Thesis\Pipeline\Real-time-visual-defect-detection\data\outputs\Experiment 1\jobA_val_defect_toothbrush_20260426_140527,jobA,anomalib_patchcore,patchcore,toothbrush,Tesla T4,0.9145519077196096,0.9815954242902495,0.9622166246851386,0.8304347826086956,0.8914819136522754,0.8333333333333334,0.9451923076923077,0.9645455314511889,0.8932038834951457,0.9019607843137255,0.8846153846153846,10.935051684,91.44904385964912,41.412579,val_f1,351.0,92.0,558.0,236.281342,36.8399452481951,50.14915305013242
jobA_val_defect_toothbrush_20260426_140527,C:\Users\Usuario\Desktop\Thesis\Pipeline\Real-time-visual-defect-detection\data\outputs\Experiment 1\jobA_val_defect_toothbrush_20260426_140527,jobA,anomalib_padim,padim,toothbrush,Tesla T4,0.9623558118899733,0.9901704416972201,0.957983193277311,0.991304347826087,0.9743589743589743,0.956989247311828,0.9596153846153845,0.9718207494274658,0.896551724137931,0.8125,1.0,1.680253524,595.1482807017543,35.685795,val_f1,351.0,92.0,558.0,7.07281,30.74986117226737,95.15844985713129
jobA_val_defect_toothbrush_20260426_140527,C:\Users\Usuario\Desktop\Thesis\Pipeline\Real-time-visual-defect-detection\data\outputs\Experiment 1\jobA_val_defect_toothbrush_20260426_140527,jobA,subspacead,subspacead,toothbrush,Tesla T4,0.8686113575865129,0.9697947706112781,0.9100877192982456,0.9021739130434783,0.9061135371179039,0.8458781362007168,0.8937499999999999,0.9217478313982714,0.8596491228070176,0.7903225806451613,0.9423076923076923,22.49629944,44.45175438596491,9.597597,val_f1,351.0,92.0,558.0,78.515498,9.358165429562938,13.199471661318903
jobA_val_defect_toy_20260427_132540,C:\Users\Usuario\Desktop\Thesis\Pipeline\Real-time-visual-defect-detection\data\outputs\Experiment 1\jobA_val_defect_toy_20260427_132540,jobA,anomalib_patchcore,patchcore,toy,NVIDIA A100-SXM4-80GB,0.9537582417582419,0.9873797512830309,0.9705159705159705,0.8681318681318682,0.9164733178654292,0.8702702702702703,0.9455882352941176,0.9457926113931688,0.8958333333333334,0.9555555555555556,0.8431372549019608,58.532784252,17.084443661971832,36.917114,val_f1,359.0,91.0,555.0,592.722252,32.71872169494629,41.92774144266988
jobA_val_defect_toy_20260427_132540,C:\Users\Usuario\Desktop\Thesis\Pipeline\Real-time-visual-defect-detection\data\outputs\Experiment 1\jobA_val_defect_toy_20260427_132540,jobA,anomalib_padim,padim,toy,NVIDIA A100-SXM4-80GB,0.9487912087912087,0.9786765483127444,0.9698924731182795,0.9912087912087912,0.9804347826086957,0.9675675675675676,0.9382352941176471,0.9223149108954921,0.9532710280373832,0.9107142857142857,1.0,4.676582418,213.83136150234745,53.099472,val_f1,359.0,91.0,555.0,10.078859,38.28250608444214,94.70613359723772
jobA_val_defect_toy_20260427_132540,C:\Users\Usuario\Desktop\Thesis\Pipeline\Real-time-visual-defect-detection\data\outputs\Experiment 1\jobA_val_defect_toy_20260427_132540,jobA,subspacead,subspacead,toy,NVIDIA A100-SXM4-80GB,0.8655384615384615,0.9683910562134507,0.9472222222222222,0.7494505494505495,0.8368098159509203,0.7603603603603604,0.8151960784313725,0.8728607001973528,0.8172043010752689,0.9047619047619048,0.7450980392156863,45.135093624,22.155708920187795,4.514976,val_f1,359.0,91.0,555.0,69.05872,4.224530518054962,5.043769266317179
jobA_val_defect_toy_brick_20260427_134153,C:\Users\Usuario\Desktop\Thesis\Pipeline\Real-time-visual-defect-detection\data\outputs\Experiment 1\jobA_val_defect_toy_brick_20260427_134153,jobA,anomalib_patchcore,patchcore,toy_brick,NVIDIA A100-SXM4-80GB,0.7091208791208792,0.9280288193287021,0.872,0.7186813186813187,0.7879518072289157,0.6828828828828829,0.7289215686274509,0.8261337749286904,0.7339449541284404,0.6896551724137931,0.7843137254901961,58.256013329999995,17.165610328638497,41.542259,val_f1,356.0,91.0,555.0,584.937127,41.680058059692385,48.26302630246341
jobA_val_defect_toy_brick_20260427_134153,C:\Users\Usuario\Desktop\Thesis\Pipeline\Real-time-visual-defect-detection\data\outputs\Experiment 1\jobA_val_defect_toy_brick_20260427_134153,jobA,anomalib_padim,padim,toy_brick,NVIDIA A100-SXM4-80GB,0.876813186813187,0.9706382742697652,0.92,0.8593406593406593,0.8886363636363637,0.8234234234234235,0.8897058823529412,0.9218619261172986,0.8785046728971962,0.8392857142857143,0.9215686274509803,4.829207994,207.07329342723006,44.851238,val_f1,356.0,91.0,555.0,11.769155,42.156550559997555,105.02750744662443
jobA_val_defect_toy_brick_20260427_134153,C:\Users\Usuario\Desktop\Thesis\Pipeline\Real-time-visual-defect-detection\data\outputs\Experiment 1\jobA_val_defect_toy_brick_20260427_134153,jobA,subspacead,subspacead,toy_brick,NVIDIA A100-SXM4-80GB,0.7485934065934066,0.9364393653369864,0.8244972577696527,0.9912087912087912,0.9001996007984032,0.8198198198198198,0.7112745098039216,0.804355409044608,0.7299270072992701,0.5813953488372093,0.9803921568627451,45.013560936000005,22.215528169014085,2.301464,val_f1,356.0,91.0,555.0,70.262848,2.7757656002044677,3.468664696452382
jobA_val_defect_transistor1_20260426_134638,C:\Users\Usuario\Desktop\Thesis\Pipeline\Real-time-visual-defect-detection\data\outputs\Experiment 1\jobA_val_defect_transistor1_20260426_134638,jobA,anomalib_patchcore,patchcore,transistor1,Tesla T4,0.9583628318584071,0.9896643881497209,0.9456521739130435,0.9623893805309734,0.9539473684210527,0.9239130434782609,0.9852941176470588,0.9885266307353467,0.9523809523809523,0.9259259259259259,0.9803921568627451,12.087100116,82.73282894736843,31.575903,val_f1,357.0,91.0,552.0,235.652195,30.627494888305662,41.795445053978305
jobA_val_defect_transistor1_20260426_134638,C:\Users\Usuario\Desktop\Thesis\Pipeline\Real-time-visual-defect-detection\data\outputs\Experiment 1\jobA_val_defect_transistor1_20260426_134638,jobA,anomalib_padim,padim,transistor1,Tesla T4,0.9543805309734513,0.9867834938573913,0.9651972157772621,0.9203539823008849,0.942242355605889,0.907608695652174,0.9622549019607842,0.9721340014858101,0.9411764705882353,0.9411764705882353,0.9411764705882353,1.679001576,595.592043859649,38.189751,val_f1,357.0,91.0,552.0,7.539316,28.832729787826537,95.31265294235365
jobA_val_defect_transistor1_20260426_134638,C:\Users\Usuario\Desktop\Thesis\Pipeline\Real-time-visual-defect-detection\data\outputs\Experiment 1\jobA_val_defect_transistor1_20260426_134638,jobA,subspacead,subspacead,transistor1,Tesla T4,0.9330973451327432,0.9833820853181127,0.9589371980676329,0.8783185840707964,0.9168591224018475,0.8695652173913043,0.925,0.9345084606372108,0.8888888888888888,0.9166666666666666,0.8627450980392157,22.508720652,44.427223684210524,11.708078,val_f1,357.0,91.0,552.0,75.607064,10.610754108428955,15.441263051159615
jobA_val_defect_u_block_20260427_135747,C:\Users\Usuario\Desktop\Thesis\Pipeline\Real-time-visual-defect-detection\data\outputs\Experiment 1\jobA_val_defect_u_block_20260427_135747,jobA,anomalib_patchcore,patchcore,u_block,NVIDIA A100-SXM4-80GB,0.9619599109131403,0.9881648008607786,0.9655172413793104,0.9977728285077951,0.9813800657174151,0.9690346083788707,0.9565,0.9532974064036146,0.9523809523809523,0.9090909090909091,1.0,58.567746924000005,17.0742441314554,29.025848,val_f1,359.0,90.0,549.0,593.292363,26.336464557647705,37.662190078361526
jobA_val_defect_u_block_20260427_135747,C:\Users\Usuario\Desktop\Thesis\Pipeline\Real-time-visual-defect-detection\data\outputs\Experiment 1\jobA_val_defect_u_block_20260427_135747,jobA,anomalib_padim,padim,u_block,NVIDIA A100-SXM4-80GB,0.9701113585746103,0.9819340546463834,0.9910514541387024,0.9866369710467706,0.9888392857142857,0.9817850637522769,0.989,0.9891464050825887,0.9803921568627451,0.9615384615384616,1.0,4.706297622,212.48125821596244,54.026546,val_f1,359.0,90.0,549.0,10.708772,30.952841176986695,81.47496829213438
jobA_val_defect_u_block_20260427_135747,C:\Users\Usuario\Desktop\Thesis\Pipeline\Real-time-visual-defect-detection\data\outputs\Experiment 1\jobA_val_defect_u_block_20260427_135747,jobA,subspacead,subspacead,u_block,NVIDIA A100-SXM4-80GB,0.8080623608017818,0.9465403829828809,0.9007633587786259,0.7884187082405345,0.8408551068883611,0.75591985428051,0.8655,0.8966355329599017,0.8518518518518519,0.7931034482758621,0.92,44.705337156,22.368694835680753,3.151164,val_f1,359.0,90.0,549.0,68.944533,3.0557227659225465,3.993287543677009
jobA_val_defect_usb_20260427_141331,C:\Users\Usuario\Desktop\Thesis\Pipeline\Real-time-visual-defect-detection\data\outputs\Experiment 1\jobA_val_defect_usb_20260427_141331,jobA,anomalib_patchcore,patchcore,usb,NVIDIA A100-SXM4-80GB,0.8673646334590541,0.9696963294660538,0.941952506596306,0.7660944206008584,0.8449704142011835,0.768141592920354,0.86875,0.9173103676532006,0.8316831683168316,0.8571428571428571,0.8076923076923077,57.60963458399999,17.358206572769955,32.598541,val_f1,353.0,92.0,565.0,574.516023,31.072085891107115,45.76452017444398
jobA_val_defect_usb_20260427_141331,C:\Users\Usuario\Desktop\Thesis\Pipeline\Real-time-visual-defect-detection\data\outputs\Experiment 1\jobA_val_defect_usb_20260427_141331,jobA,anomalib_padim,padim,usb,NVIDIA A100-SXM4-80GB,0.6980318203494169,0.9094242004170086,0.8582677165354331,0.9356223175965666,0.8952772073921971,0.8194690265486726,0.7278846153846154,0.7581814579643549,0.7903225806451613,0.6805555555555556,0.9423076923076923,4.6424197739999995,215.40489906103286,32.284176,val_f1,353.0,92.0,565.0,9.759861,48.334400697187945,72.35099878433948
jobA_val_defect_usb_20260427_141331,C:\Users\Usuario\Desktop\Thesis\Pipeline\Real-time-visual-defect-detection\data\outputs\Experiment 1\jobA_val_defect_usb_20260427_141331,jobA,subspacead,subspacead,usb,NVIDIA A100-SXM4-80GB,0.8740625135474921,0.9700238357885492,0.9523809523809523,0.6866952789699571,0.7980049875311721,0.7132743362831858,0.8427884615384615,0.907667710428568,0.8089887640449438,0.972972972972973,0.6923076923076923,44.834581721999996,22.304211267605638,4.744302,val_f1,353.0,92.0,565.0,71.546904,4.394403053052498,5.797489546910888
jobA_val_defect_usb_adaptor_20260427_142927,C:\Users\Usuario\Desktop\Thesis\Pipeline\Real-time-visual-defect-detection\data\outputs\Experiment 1\jobA_val_defect_usb_adaptor_20260427_142927,jobA,anomalib_patchcore,patchcore,usb_adaptor,NVIDIA A100-SXM4-80GB,0.8809255702015854,0.9726378686424393,0.9251559251559252,0.9137577002053389,0.9194214876033058,0.8655172413793103,0.857985257985258,0.9033187810524828,0.8524590163934426,0.7761194029850746,0.9454545454545454,54.396368556,18.383579812206573,32.700504,val_f1,331.0,92.0,580.0,504.191939,32.178744572465135,40.13169427280309
jobA_val_defect_usb_adaptor_20260427_142927,C:\Users\Usuario\Desktop\Thesis\Pipeline\Real-time-visual-defect-detection\data\outputs\Experiment 1\jobA_val_defect_usb_adaptor_20260427_142927,jobA,anomalib_padim,padim,usb_adaptor,NVIDIA A100-SXM4-80GB,0.9396568854739352,0.9779049865805054,0.9907621247113164,0.8809034907597536,0.9326086956521739,0.8931034482758621,0.9538083538083537,0.9750393635358741,0.9333333333333333,0.98,0.8909090909090909,4.688043096,213.3086150234742,48.580795,val_f1,331.0,92.0,580.0,11.558806,27.420046344880134,69.59496497716258
jobA_val_defect_usb_adaptor_20260427_142927,C:\Users\Usuario\Desktop\Thesis\Pipeline\Real-time-visual-defect-detection\data\outputs\Experiment 1\jobA_val_defect_usb_adaptor_20260427_142927,jobA,subspacead,subspacead,usb_adaptor,NVIDIA A100-SXM4-80GB,0.9589543176348502,0.9924273709225855,0.9925742574257426,0.8234086242299795,0.9001122334455668,0.846551724137931,0.965110565110565,0.9814907452889694,0.9433962264150944,0.9803921568627451,0.9090909090909091,43.839142409999994,22.810664319248826,4.904749,val_f1,331.0,92.0,580.0,68.39358,4.029961714180567,5.862962453517091
jobA_val_defect_vcpill_20260427_144354,C:\Users\Usuario\Desktop\Thesis\Pipeline\Real-time-visual-defect-detection\data\outputs\Experiment 1\jobA_val_defect_vcpill_20260427_144354,jobA,anomalib_patchcore,patchcore,vcpill,NVIDIA A100-SXM4-80GB,0.8213201320132013,0.9463009524933834,0.9164556962025316,0.8044444444444444,0.8568047337278106,0.7803992740471869,0.8555714968914395,0.8918001964326643,0.819047619047619,0.7962962962962963,0.8431372549019608,58.778644188,17.012981220657277,34.14275,val_f1,362.0,92.0,551.0,603.318797,33.42135897721394,40.67375222524007
jobA_val_defect_vcpill_20260427_144354,C:\Users\Usuario\Desktop\Thesis\Pipeline\Real-time-visual-defect-detection\data\outputs\Experiment 1\jobA_val_defect_vcpill_20260427_144354,jobA,anomalib_padim,padim,vcpill,NVIDIA A100-SXM4-80GB,0.9141474147414741,0.9757949581724823,0.9393939393939394,0.8955555555555555,0.9169510807736063,0.867513611615245,0.953610712577714,0.9576548726487946,0.9333333333333333,0.9074074074074074,0.9607843137254902,4.616476373999999,216.61542018779343,46.848148,val_f1,362.0,92.0,551.0,10.872603,37.36947781024593,75.4836743927002
jobA_val_defect_vcpill_20260427_144354,C:\Users\Usuario\Desktop\Thesis\Pipeline\Real-time-visual-defect-detection\data\outputs\Experiment 1\jobA_val_defect_vcpill_20260427_144354,jobA,subspacead,subspacead,vcpill,NVIDIA A100-SXM4-80GB,0.881958195819582,0.9697868777793229,0.9087048832271762,0.9511111111111111,0.9294245385450597,0.8820326678765881,0.8995695839311335,0.9146363220845403,0.8547008547008547,0.7575757575757576,0.9803921568627451,44.75074194,22.34599765258216,2.815569,val_f1,362.0,92.0,551.0,71.466353,2.7949411892654874,3.917822502983941
jobA_val_defect_wooden_beads_20260427_145955,C:\Users\Usuario\Desktop\Thesis\Pipeline\Real-time-visual-defect-detection\data\outputs\Experiment 1\jobA_val_defect_wooden_beads_20260427_145955,jobA,anomalib_patchcore,patchcore,wooden_beads,NVIDIA A100-SXM4-80GB,0.8628141724815391,0.9713521112198336,0.9522673031026253,0.7838899803536346,0.8599137931034483,0.7818791946308725,0.9223057644110276,0.956182854727639,0.9090909090909091,0.9433962264150944,0.8771929824561403,52.111085166,19.189774647887326,37.363552,val_f1,313.0,92.0,596.0,450.753142,34.65953230583805,44.26893359036249
jobA_val_defect_wooden_beads_20260427_145955,C:\Users\Usuario\Desktop\Thesis\Pipeline\Real-time-visual-defect-detection\data\outputs\Experiment 1\jobA_val_defect_wooden_beads_20260427_145955,jobA,anomalib_padim,padim,wooden_beads,NVIDIA A100-SXM4-80GB,0.9443804620283179,0.987107334402018,0.9768421052631578,0.9115913555992141,0.943089430894309,0.9060402684563759,0.9739348370927318,0.988439478384,0.9734513274336283,0.9821428571428571,0.9649122807017544,4.719515975999999,211.8861384976526,48.400539,val_f1,313.0,92.0,596.0,9.58607,34.29292895876128,89.27952878835862
jobA_val_defect_wooden_beads_20260427_145955,C:\Users\Usuario\Desktop\Thesis\Pipeline\Real-time-visual-defect-detection\data\outputs\Experiment 1\jobA_val_defect_wooden_beads_20260427_145955,jobA,subspacead,subspacead,wooden_beads,NVIDIA A100-SXM4-80GB,0.8762278978389,0.9719793123031752,0.9408033826638478,0.8742632612966601,0.9063136456211812,0.8456375838926175,0.931328320802005,0.9585852053646335,0.905982905982906,0.8833333333333333,0.9298245614035088,45.068606952,22.188394366197183,3.722936,val_f1,313.0,92.0,596.0,61.962602,3.5059364499716925,4.775104849652363
jobA_val_defect_woodstick_20260427_151350,C:\Users\Usuario\Desktop\Thesis\Pipeline\Real-time-visual-defect-detection\data\outputs\Experiment 1\jobA_val_defect_woodstick_20260427_151350,jobA,anomalib_patchcore,patchcore,woodstick,NVIDIA A100-SXM4-80GB,0.6588118811881188,0.9064341359575322,0.8160291438979964,0.9955555555555555,0.8968968968968969,0.8130671506352087,0.647,0.7409712095057552,0.7246376811594203,0.5681818181818182,1.0,58.529208833999995,17.08548591549296,35.300694,val_f1,360.0,90.0,551.0,596.868027,39.70429350598024,43.568567004733616
jobA_val_defect_woodstick_20260427_151350,C:\Users\Usuario\Desktop\Thesis\Pipeline\Real-time-visual-defect-detection\data\outputs\Experiment 1\jobA_val_defect_woodstick_20260427_151350,jobA,anomalib_padim,padim,woodstick,NVIDIA A100-SXM4-80GB,0.8757095709570958,0.964319133667878,0.918141592920354,0.9222222222222223,0.9201773835920177,0.8693284936479129,0.8235,0.8669444975449854,0.8166666666666667,0.7,0.98,4.644623472,215.3027136150235,28.915731,val_f1,360.0,90.0,551.0,11.894392,28.795387211412486,53.33896058400472
jobA_val_defect_woodstick_20260427_151350,C:\Users\Usuario\Desktop\Thesis\Pipeline\Real-time-visual-defect-detection\data\outputs\Experiment 1\jobA_val_defect_woodstick_20260427_151350,jobA,subspacead,subspacead,woodstick,NVIDIA A100-SXM4-80GB,0.7966336633663367,0.9439711497890853,0.8869179600886918,0.8888888888888888,0.8879023307436182,0.8166969147005445,0.8035,0.8449139685604943,0.8070175438596491,0.71875,0.92,44.209505106,22.61957042253521,2.242934,val_f1,360.0,90.0,551.0,71.04574,2.347297500855852,3.230943384965261
jobA_val_defect_zipper_20260426_132534,C:\Users\Usuario\Desktop\Thesis\Pipeline\Real-time-visual-defect-detection\data\outputs\Experiment 1\jobA_val_defect_zipper_20260426_132534,jobA,anomalib_patchcore,patchcore,zipper,Tesla T4,0.9846424642464247,0.9964444306338256,0.9769585253456221,0.9422222222222222,0.9592760180995475,0.9346642468239564,0.962,0.9678344561653671,0.9245283018867925,0.875,0.98,10.69818066,93.47383771929825,30.863831,val_f1,360.0,90.0,551.0,241.761713,27.019718283473857,43.47079558478461
jobA_val_defect_zipper_20260426_132534,C:\Users\Usuario\Desktop\Thesis\Pipeline\Real-time-visual-defect-detection\data\outputs\Experiment 1\jobA_val_defect_zipper_20260426_132534,jobA,anomalib_padim,padim,zipper,Tesla T4,0.9575137513751375,0.9886965625018523,0.9578713968957872,0.96,0.9589345172031076,0.9328493647912885,0.925,0.9263081398955145,0.8785046728971962,0.8245614035087719,0.94,1.68458028,593.6196447368421,27.241463,val_f1,360.0,90.0,551.0,9.031288,23.221967130604355,53.77205176459418
jobA_val_defect_zipper_20260426_132534,C:\Users\Usuario\Desktop\Thesis\Pipeline\Real-time-visual-defect-detection\data\outputs\Experiment 1\jobA_val_defect_zipper_20260426_132534,jobA,subspacead,subspacead,zipper,Tesla T4,0.9943894389438944,0.9987028035222394,0.9822616407982262,0.9844444444444445,0.9833518312985572,0.9727767695099818,0.9915,0.993484262817147,0.9523809523809523,0.9090909090909091,1.0,21.270806508000003,47.01278947368421,10.569555,val_f1,360.0,90.0,551.0,82.183441,8.082438667221824,19.132490899827744
offline_colab_csflow_real_iad_eraser_20260526-002709,C:\Users\Usuario\Desktop\Thesis\Pipeline\Real-time-visual-defect-detection\data\outputs\Experiment 1\offline_colab_csflow_real_iad_eraser_20260526-002709,offline_colab,csflow,csflow,eraser,Tesla T4,0.8936512771419868,0.9751997822514171,0.9359267734553776,0.8720682302771855,0.9028697571743929,0.8447971781305115,,,,,,32.876584039637955,26.013758090294605,14.919400215148926,val_f1,,,,,14.286622864859444,50100.32635162532
offline_colab_csflow_real_iad_fire_hood_20260526-014237,C:\Users\Usuario\Desktop\Thesis\Pipeline\Real-time-visual-defect-detection\data\outputs\Experiment 1\offline_colab_csflow_real_iad_fire_hood_20260526-014237,offline_colab,csflow,csflow,fire_hood,Tesla T4,0.9924008810572686,0.9980604767721548,0.9890590809628009,0.9955947136563876,0.9923161361141604,0.9873646209386282,,,,,,32.71508978495509,25.24308306505752,25.395471572875977,val_f1,,,,,16.02656566619873,18897.62771243881
offline_colab_csflow_real_iad_mint_20260526-025950,C:\Users\Usuario\Desktop\Thesis\Pipeline\Real-time-visual-defect-detection\data\outputs\Experiment 1\offline_colab_csflow_real_iad_mint_20260526-025950,offline_colab,csflow,csflow,mint,Tesla T4,0.8604911223698023,0.9833141419587703,0.9487179487179487,0.9051987767584098,0.9264475743348982,0.869625520110957,,,,,,32.81257295293358,25.202348337413873,10.448986053466797,val_f1,,,,,10.670063431583234,17.679855275956132
offline_colab_csflow_real_iad_mounts_20260526-035223,C:\Users\Usuario\Desktop\Thesis\Pipeline\Real-time-visual-defect-detection\data\outputs\Experiment 1\offline_colab_csflow_real_iad_mounts_20260526-035223,offline_colab,csflow,csflow,mounts,Tesla T4,0.9178043478260869,0.981926255827585,0.9715762273901809,0.8173913043478261,0.8878394332939789,0.8303571428571429,,,,,,32.82124054479209,25.890736311725693,11.03724193572998,val_f1,,,,,9.181039872169494,1328.4900946389073
offline_colab_csflow_real_iad_pcb_20260527-010718,C:\Users\Usuario\Desktop\Thesis\Pipeline\Real-time-visual-defect-detection\data\outputs\Experiment 1\offline_colab_csflow_real_iad_pcb_20260527-010718,offline_colab,csflow,csflow,pcb,NVIDIA RTX PRO 6000 Blackwell Server Edition,0.9578757002337788,0.9882272146696915,0.9770642201834863,0.9301310043668122,0.9530201342281879,0.9245960502692998,,,,,,27.59501675762497,26.75169699351449,19.613771438598633,val_f1,,,,,16.797088834974502,43.837383786663736
offline_colab_csflow_real_iad_phone_battery_20260527-013959,C:\Users\Usuario\Desktop\Thesis\Pipeline\Real-time-visual-defect-detection\data\outputs\Experiment 1\offline_colab_csflow_real_iad_phone_battery_20260527-013959,offline_colab,csflow,csflow,phone_battery,NVIDIA RTX PRO 6000 Blackwell Server Edition,0.9750581975390755,0.9952348028266679,0.9951100244498777,0.875268817204301,0.9313501144164759,0.8932384341637011,,,,,,28.578530418146936,25.327591161793528,24.458614349365234,val_f1,,,,,12.337993213810872,5367.610086767135
offline_colab_csflow_real_iad_plastic_nut_20260527-015135,C:\Users\Usuario\Desktop\Thesis\Pipeline\Real-time-visual-defect-detection\data\outputs\Experiment 1\offline_colab_csflow_real_iad_plastic_nut_20260527-015135,offline_colab,csflow,csflow,plastic_nut,NVIDIA RTX PRO 6000 Blackwell Server Edition,0.9817111111111111,0.9945040899619794,0.9882352941176471,0.9333333333333333,0.96,0.9363636363636364,,,,,,28.18661551272271,25.950167178308824,18.533288955688477,val_f1,,,,,12.73126745223999,94.47222173478869
offline_colab_csflow_real_iad_plastic_plug_20260527-020338,C:\Users\Usuario\Desktop\Thesis\Pipeline\Real-time-visual-defect-detection\data\outputs\Experiment 1\offline_colab_csflow_real_iad_plastic_plug_20260527-020338,offline_colab,csflow,csflow,plastic_plug,NVIDIA RTX PRO 6000 Blackwell Server Edition,0.9517490147179977,0.987322785886896,0.9867021276595744,0.8012958963282938,0.8843861740166866,0.8267857142857142,,,,,,28.496437169647898,25.587661732448346,20.29532814025879,val_f1,,,,,15.761696441886352,272.070259069521
offline_colab_csflow_real_iad_porcelain_doll_20260527-051128,C:\Users\Usuario\Desktop\Thesis\Pipeline\Real-time-visual-defect-detection\data\outputs\Experiment 1\offline_colab_csflow_real_iad_porcelain_doll_20260527-051128,offline_colab,csflow,csflow,porcelain_doll,NVIDIA RTX PRO 6000 Blackwell Server Edition,0.6416926309974842,0.8220764843868658,0.7793427230046949,0.7139784946236559,0.745230078563412,0.5960854092526691,,,,,,50.05870125033789,19.976547034233135,11.260988159179687,val_f1,,,,,14.25166947829224,13.93727749097253
offline_colab_csflow_real_iad_regulator_20260527-021447,C:\Users\Usuario\Desktop\Thesis\Pipeline\Real-time-visual-defect-detection\data\outputs\Experiment 1\offline_colab_csflow_real_iad_regulator_20260527-021447,offline_colab,csflow,csflow,regulator,NVIDIA RTX PRO 6000 Blackwell Server Edition,0.7697021276595745,0.9401715009730183,0.9224376731301939,0.7085106382978723,0.8014440433212997,0.7105263157894737,,,,,,28.2706102771866,26.60256033575318,10.889984130859375,val_f1,,,,,10.387827281951905,14.7392571195643
offline_colab_csflow_real_iad_rolled_strip_base_20260527-022635,C:\Users\Usuario\Desktop\Thesis\Pipeline\Real-time-visual-defect-detection\data\outputs\Experiment 1\offline_colab_csflow_real_iad_rolled_strip_base_20260527-022635,offline_colab,csflow,csflow,rolled_strip_base,NVIDIA RTX PRO 6000 Blackwell Server Edition,0.9985569985569986,0.9997155339546102,0.9978308026030369,0.9956709956709957,0.9967497291440953,0.9946524064171123,,,,,,28.36690125668173,25.554043839612973,21.122215270996094,val_f1,,,,,10.478962667060621,558.4862625196382
offline_colab_csflow_real_iad_sim_card_set_20260527-023845,C:\Users\Usuario\Desktop\Thesis\Pipeline\Real-time-visual-defect-detection\data\outputs\Experiment 1\offline_colab_csflow_real_iad_sim_card_set_20260527-023845,offline_colab,csflow,csflow,sim_card_set,NVIDIA RTX PRO 6000 Blackwell Server Edition,0.9924070021881838,0.998562657103526,1.0,0.975929978118162,0.9878183831672205,0.9802513464991023,,,,,,28.56297952063773,24.35208563873546,61.98908233642578,val_f1,,,,,11.185898380279541,12646.492421718864
offline_colab_csflow_real_iad_switch_20260527-025004,C:\Users\Usuario\Desktop\Thesis\Pipeline\Real-time-visual-defect-detection\data\outputs\Experiment 1\offline_colab_csflow_real_iad_switch_20260527-025004,offline_colab,csflow,csflow,switch,NVIDIA RTX PRO 6000 Blackwell Server Edition,0.9361916440395901,0.9862255682562955,0.9788359788359788,0.7939914163090128,0.876777251184834,0.8156028368794326,,,,,,28.276955617020125,26.653257014839678,13.71992015838623,val_f1,,,,,10.760066548172308,723.7326172533976
offline_colab_csflow_real_iad_tape_20260527-030106,C:\Users\Usuario\Desktop\Thesis\Pipeline\Real-time-visual-defect-detection\data\outputs\Experiment 1\offline_colab_csflow_real_iad_tape_20260527-030106,offline_colab,csflow,csflow,tape,NVIDIA RTX PRO 6000 Blackwell Server Edition,0.8787606837606837,0.9688432387974987,0.9634146341463414,0.6752136752136753,0.7939698492462313,0.7112676056338029,,,,,,28.311716214810872,27.090408164130515,9.284769058227539,val_f1,,,,,9.088232765197754,334184.94603814324
offline_colab_csflow_real_iad_terminalblock_20260527-031217,C:\Users\Usuario\Desktop\Thesis\Pipeline\Real-time-visual-defect-detection\data\outputs\Experiment 1\offline_colab_csflow_real_iad_terminalblock_20260527-031217,offline_colab,csflow,csflow,terminalblock,NVIDIA RTX PRO 6000 Blackwell Server Edition,0.9408146737583997,0.9880408495390786,0.9809976247030879,0.8768577494692145,0.9260089686098656,0.8838028169014085,,,,,,28.448646566893085,26.87554504557677,10.053756713867188,val_f1,,,,,8.206580004741236,32518.382060969205
offline_colab_csflow_real_iad_toothbrush_20260527-032353,C:\Users\Usuario\Desktop\Thesis\Pipeline\Real-time-visual-defect-detection\data\outputs\Experiment 1\offline_colab_csflow_real_iad_toothbrush_20260527-032353,offline_colab,csflow,csflow,toothbrush,NVIDIA RTX PRO 6000 Blackwell Server Edition,0.9901279383770862,0.9978829518724044,0.9762419006479481,0.9804772234273319,0.9783549783549783,0.964221824686941,,,,,,27.797440545597926,26.447450507467334,21.440418243408203,val_f1,,,,,15.19491729444387,1866.3399812776975
offline_colab_csflow_real_iad_toy_20260527-033516,C:\Users\Usuario\Desktop\Thesis\Pipeline\Real-time-visual-defect-detection\data\outputs\Experiment 1\offline_colab_csflow_real_iad_toy_20260527-033516,offline_colab,csflow,csflow,toy,NVIDIA RTX PRO 6000 Blackwell Server Edition,0.9453846153846154,0.9835421351460897,0.9562363238512035,0.9604395604395605,0.9583333333333334,0.9315315315315316,,,,,,27.61458325044628,26.990839406418402,13.620870590209961,val_f1,,,,,11.99803591966629,42.91977986136636
offline_colab_csflow_real_iad_toy_brick_20260527-034718,C:\Users\Usuario\Desktop\Thesis\Pipeline\Real-time-visual-defect-detection\data\outputs\Experiment 1\offline_colab_csflow_real_iad_toy_brick_20260527-034718,offline_colab,csflow,csflow,toy_brick,NVIDIA RTX PRO 6000 Blackwell Server Edition,0.8925962925962927,0.9743929440829344,0.952,0.7846153846153846,0.8602409638554217,0.7906137184115524,,,,,,27.90130283209616,25.136827875954683,23.110340118408203,val_f1,,,,,18.93779056240814,625.5237458868341
offline_colab_csflow_real_iad_transistor1_20260527-035831,C:\Users\Usuario\Desktop\Thesis\Pipeline\Real-time-visual-defect-detection\data\outputs\Experiment 1\offline_colab_csflow_real_iad_transistor1_20260527-035831,offline_colab,csflow,csflow,transistor1,NVIDIA RTX PRO 6000 Blackwell Server Edition,0.9884942136597765,0.9967726262916698,0.9847161572052402,0.9955849889624724,0.9901207464324918,0.9836956521739131,,,,,,28.102484778997493,26.746990719889194,20.226364135742188,val_f1,,,,,14.872912310590648,35684.310701597606
offline_colab_csflow_real_iad_u_block_20260527-041014,C:\Users\Usuario\Desktop\Thesis\Pipeline\Real-time-visual-defect-detection\data\outputs\Experiment 1\offline_colab_csflow_real_iad_u_block_20260527-041014,offline_colab,csflow,csflow,u_block,NVIDIA RTX PRO 6000 Blackwell Server Edition,0.9908240534521158,0.9955795625488071,0.9977578475336323,0.9910913140311804,0.994413407821229,0.9908925318761385,,,,,,27.777875759550447,26.15330736683874,23.775903701782227,val_f1,,,,,8.521500978469849,6941.339776727298
offline_colab_csflow_real_iad_usb_20260527-042122,C:\Users\Usuario\Desktop\Thesis\Pipeline\Real-time-visual-defect-detection\data\outputs\Experiment 1\offline_colab_csflow_real_iad_usb_20260527-042122,offline_colab,csflow,csflow,usb,NVIDIA RTX PRO 6000 Blackwell Server Edition,0.9226591924323378,0.9827325174950662,0.9261603375527426,0.9420600858369099,0.9340425531914893,0.8900709219858156,,,,,,27.697251507096883,27.256103890948417,10.328866958618164,val_f1,,,,,10.129513533747925,243.38751193893825
offline_colab_csflow_real_iad_usb_adaptor_20260527-043248,C:\Users\Usuario\Desktop\Thesis\Pipeline\Real-time-visual-defect-detection\data\outputs\Experiment 1\offline_colab_csflow_real_iad_usb_adaptor_20260527-043248,offline_colab,csflow,csflow,usb_adaptor,NVIDIA RTX PRO 6000 Blackwell Server Edition,0.9674358517462579,0.9941900868568347,0.9932584269662922,0.9057377049180327,0.947481243301179,0.9155172413793103,,,,,,27.877364684470727,25.02967285086212,16.740676879882812,val_f1,,,,,10.328559025474217,1076.214855436419
offline_colab_csflow_real_iad_vcpill_20260527-051231,C:\Users\Usuario\Desktop\Thesis\Pipeline\Real-time-visual-defect-detection\data\outputs\Experiment 1\offline_colab_csflow_real_iad_vcpill_20260527-051231,offline_colab,csflow,csflow,vcpill,NVIDIA RTX PRO 6000 Blackwell Server Edition,0.7729064185389747,0.9160069709506855,0.8515625,0.9667405764966741,0.9055036344755971,0.8351449275362319,,,,,,50.02468956958778,19.990129046356827,12.482699975967407,val_f1,,,,,13.74497024318155,17.889895260361044
offline_colab_csflow_real_iad_wooden_beads_20260527-051334,C:\Users\Usuario\Desktop\Thesis\Pipeline\Real-time-visual-defect-detection\data\outputs\Experiment 1\offline_colab_csflow_real_iad_wooden_beads_20260527-051334,offline_colab,csflow,csflow,wooden_beads,NVIDIA RTX PRO 6000 Blackwell Server Edition,0.9193134896708629,0.9947050486143894,0.9980392156862745,1.0,0.9990186457311089,0.9983221476510067,,,,,,50.21831771918752,19.913052555679656,12.534656524658203,val_f1,,,,,5.961874653249305,18.349133774344384
offline_colab_csflow_real_iad_woodstick_20260527-051437,C:\Users\Usuario\Desktop\Thesis\Pipeline\Real-time-visual-defect-detection\data\outputs\Experiment 1\offline_colab_csflow_real_iad_woodstick_20260527-051437,offline_colab,csflow,csflow,woodstick,NVIDIA RTX PRO 6000 Blackwell Server Edition,0.8971404420991733,0.9884387275837815,0.989010989010989,1.0,0.994475138121547,0.990909090909091,,,,,,104.68071657325117,9.552857801658647,12.238048839569093,val_f1,,,,,6.55234402063493,17.7422759163368
offline_colab_csflow_real_iad_zipper_20260527-051540,C:\Users\Usuario\Desktop\Thesis\Pipeline\Real-time-visual-defect-detection\data\outputs\Experiment 1\offline_colab_csflow_real_iad_zipper_20260527-051540,offline_colab,csflow,csflow,zipper,NVIDIA RTX PRO 6000 Blackwell Server Edition,0.9635104688128368,0.9954823069527006,0.9977827050997783,1.0,0.9988901220865705,0.9981818181818182,,,,,,102.98735906700493,9.7099295395019,12.930770988464356,val_f1,,,,,6.0977941446546176,18.911041822124393
offline_colab_draem_real_iad_button_battery_20260527-010822,C:\Users\Usuario\Desktop\Thesis\Pipeline\Real-time-visual-defect-detection\data\outputs\Experiment 1\offline_colab_draem_real_iad_button_battery_20260527-010822,offline_colab,draem,draem,button_battery,Tesla T4,0.5375346413923069,0.8244988924596099,0.8242753623188406,0.978494623655914,0.8947885939036381,0.8096085409252669,,,,,,8.6029474380205,79.38556288514454,0.7290253524780274,val_f1,,,,,0.7952969591306835,0.8028956020452553
offline_colab_draem_real_iad_end_cap_20260527-010906,C:\Users\Usuario\Desktop\Thesis\Pipeline\Real-time-visual-defect-detection\data\outputs\Experiment 1\offline_colab_draem_real_iad_end_cap_20260527-010906,offline_colab,draem,draem,end_cap,Tesla T4,0.5509075689488061,0.8442324916136058,0.8252252252252252,0.9786324786324786,0.895405669599218,0.8106194690265487,,,,,,8.534483334127996,79.41572497833263,0.7703138422966004,val_f1,,,,,0.8253131173200949,0.8370683164464902
offline_colab_draem_real_iad_eraser_20260526-002918,C:\Users\Usuario\Desktop\Thesis\Pipeline\Real-time-visual-defect-detection\data\outputs\Experiment 1\offline_colab_draem_real_iad_eraser_20260526-002918,offline_colab,draem,draem,eraser,NVIDIA RTX PRO 6000 Blackwell Server Edition,0.4968452199643183,0.8555513744076837,0.8315412186379928,0.9893390191897654,0.9036027263875365,0.8253968253968254,,,,,,19.989189400357372,35.02779751306777,0.9924433827400208,val_f1,,,,,0.9973067574355067,0.9972333056586129
offline_colab_draem_real_iad_fire_hood_20260526-011824,C:\Users\Usuario\Desktop\Thesis\Pipeline\Real-time-visual-defect-detection\data\outputs\Experiment 1\offline_colab_draem_real_iad_fire_hood_20260526-011824,offline_colab,draem,draem,fire_hood,NVIDIA RTX PRO 6000 Blackwell Server Edition,0.6979955947136564,0.892747949164747,0.8454198473282443,0.9757709251101322,0.9059304703476483,0.8339350180505415,,,,,,20.020436483761777,32.083012129488964,0.998166024684906,val_f1,,,,,0.9983389353752137,0.9985074432410858
offline_colab_draem_real_iad_mint_20260526-020827,C:\Users\Usuario\Desktop\Thesis\Pipeline\Real-time-visual-defect-detection\data\outputs\Experiment 1\offline_colab_draem_real_iad_mint_20260526-020827,offline_colab,draem,draem,mint,NVIDIA RTX PRO 6000 Blackwell Server Edition,0.7542334200556848,0.9601903837390094,0.9056338028169014,0.9831804281345565,0.9428152492668622,0.8918169209431346,,,,,,20.018030400861736,32.45020340017412,0.9979172348976135,val_f1,,,,,0.9986622386903905,0.9988804234459495
offline_colab_draem_real_iad_mounts_20260526-024147,C:\Users\Usuario\Desktop\Thesis\Pipeline\Real-time-visual-defect-detection\data\outputs\Experiment 1\offline_colab_draem_real_iad_mounts_20260526-024147,offline_colab,draem,draem,mounts,NVIDIA RTX PRO 6000 Blackwell Server Edition,0.7606304347826086,0.942239098948865,0.9196428571428571,0.6717391304347826,0.7763819095477387,0.6821428571428572,,,,,,20.008351257115464,34.8789942246783,0.9983635544776917,val_f1,,,,,0.9980761897563935,0.9988309211057166
offline_colab_draem_real_iad_pcb_20260526-033101,C:\Users\Usuario\Desktop\Thesis\Pipeline\Real-time-visual-defect-detection\data\outputs\Experiment 1\offline_colab_draem_real_iad_pcb_20260526-033101,offline_colab,draem,draem,pcb,NVIDIA RTX PRO 6000 Blackwell Server Edition,0.7799170746769001,0.9382165974962382,0.9158415841584159,0.8078602620087336,0.8584686774941996,0.7809694793536804,,,,,,19.98810680429031,33.9532989898898,0.9992837309837341,val_f1,,,,,0.9989467672627381,0.9995503066408582
offline_colab_draem_real_iad_phone_battery_20260526-042005,C:\Users\Usuario\Desktop\Thesis\Pipeline\Real-time-visual-defect-detection\data\outputs\Experiment 1\offline_colab_draem_real_iad_phone_battery_20260526-042005,offline_colab,draem,draem,phone_battery,NVIDIA RTX PRO 6000 Blackwell Server Edition,0.7631748143221373,0.94044326409938,0.9532163742690059,0.7010752688172043,0.8079306071871127,0.7241992882562278,,,,,,20.0331410213628,32.691890236086785,0.999077558517456,val_f1,,,,,0.9984580985049611,0.9990962311785708
offline_colab_draem_real_iad_plastic_nut_20260526-050813,C:\Users\Usuario\Desktop\Thesis\Pipeline\Real-time-visual-defect-detection\data\outputs\Experiment 1\offline_colab_draem_real_iad_plastic_nut_20260526-050813,offline_colab,draem,draem,plastic_nut,NVIDIA RTX PRO 6000 Blackwell Server Edition,0.6417999999999999,0.8746327086551186,0.8640776699029126,0.9888888888888889,0.9222797927461138,0.8636363636363636,,,,,,20.031427885485094,33.21094304362842,0.9947909116744995,val_f1,,,,,0.9956165516376495,0.9969907122188144
offline_colab_draem_real_iad_plastic_plug_20260526-055813,C:\Users\Usuario\Desktop\Thesis\Pipeline\Real-time-visual-defect-detection\data\outputs\Experiment 1\offline_colab_draem_real_iad_plastic_plug_20260526-055813,offline_colab,draem,draem,plastic_plug,NVIDIA RTX PRO 6000 Blackwell Server Edition,0.7840284117476786,0.9474257593735054,0.9393939393939394,0.6695464362850972,0.7818411097099621,0.6910714285714286,,,,,,20.009286908946574,33.129322217762294,0.9987251162528992,val_f1,,,,,0.9974625516183597,0.9987947877745906
offline_colab_draem_real_iad_porcelain_doll_20260526-064625,C:\Users\Usuario\Desktop\Thesis\Pipeline\Real-time-visual-defect-detection\data\outputs\Experiment 1\offline_colab_draem_real_iad_porcelain_doll_20260526-064625,offline_colab,draem,draem,porcelain_doll,NVIDIA RTX PRO 6000 Blackwell Server Edition,0.5706684403059528,0.8331862773008127,0.8362919132149902,0.9118279569892473,0.8724279835390947,0.7793594306049823,,,,,,20.025399896792713,33.27525751324941,0.9976646900177002,val_f1,,,,,0.9985786025057134,0.9988221705600779
offline_colab_draem_real_iad_regulator_20260526-233015,C:\Users\Usuario\Desktop\Thesis\Pipeline\Real-time-visual-defect-detection\data\outputs\Experiment 1\offline_colab_draem_real_iad_regulator_20260526-233015,offline_colab,draem,draem,regulator,Tesla T4,0.476,0.8047003480854891,0.8362989323843416,1.0,0.9108527131782946,0.8385964912280702,,,,,,8.574354175711258,80.53107402440503,0.41427624225616455,val_f1,,,,,0.4939517351112477,0.4959627465460987
offline_colab_draem_real_iad_rolled_strip_base_20260527-000215,C:\Users\Usuario\Desktop\Thesis\Pipeline\Real-time-visual-defect-detection\data\outputs\Experiment 1\offline_colab_draem_real_iad_rolled_strip_base_20260527-000215,offline_colab,draem,draem,rolled_strip_base,Tesla T4,0.49851327124054395,0.8248084638769873,0.84,1.0,0.9130434782608696,0.8431372549019608,,,,,,8.568532400815851,78.82011513821422,0.41427624225616455,val_f1,,,,,0.4831146847589922,0.4913267135718527
offline_colab_draem_real_iad_sim_card_set_20260527-000318,C:\Users\Usuario\Desktop\Thesis\Pipeline\Real-time-visual-defect-detection\data\outputs\Experiment 1\offline_colab_draem_real_iad_sim_card_set_20260527-000318,offline_colab,draem,draem,sim_card_set,Tesla T4,0.15354485776805252,0.656591852318598,0.8431734317343174,1.0,0.914914914914915,0.8473967684021544,,,,,,8.567172137016566,78.680687236365,0.392184853553772,val_f1,,,,,0.5270470325427098,0.47059405915529035
offline_colab_draem_real_iad_switch_20260527-001245,C:\Users\Usuario\Desktop\Thesis\Pipeline\Real-time-visual-defect-detection\data\outputs\Experiment 1\offline_colab_draem_real_iad_switch_20260527-001245,offline_colab,draem,draem,switch,Tesla T4,0.7512262415695892,0.9208282482809163,0.8366247755834829,1.0,0.9110459433040079,0.8386524822695035,,,,,,8.603031110508205,79.24161308012982,0.8021268339753151,val_f1,,,,,0.8450578163158843,0.8828146877537157
offline_colab_draem_real_iad_tape_20260527-001329,C:\Users\Usuario\Desktop\Thesis\Pipeline\Real-time-visual-defect-detection\data\outputs\Experiment 1\offline_colab_draem_real_iad_tape_20260527-001329,offline_colab,draem,draem,tape,Tesla T4,0.8207478632478632,0.9328094407206808,0.8387096774193549,1.0,0.9122807017543859,0.8415492957746479,,,,,,8.499589460274164,80.41089156638733,0.9118549746274947,val_f1,,,,,0.9205365981642298,0.9525206233335941
offline_colab_draem_real_iad_terminalblock_20260527-001414,C:\Users\Usuario\Desktop\Thesis\Pipeline\Real-time-visual-defect-detection\data\outputs\Experiment 1\offline_colab_draem_real_iad_terminalblock_20260527-001414,offline_colab,draem,draem,terminalblock,Tesla T4,0.5348786306826887,0.8408314716262679,0.8440860215053764,1.0,0.9154518950437317,0.846830985915493,,,,,,8.645094483956772,79.33455257084823,0.7937422087192535,val_f1,,,,,0.825548609452163,0.834439630806804
offline_colab_draem_real_iad_toothbrush_20260527-002845,C:\Users\Usuario\Desktop\Thesis\Pipeline\Real-time-visual-defect-detection\data\outputs\Experiment 1\offline_colab_draem_real_iad_toothbrush_20260527-002845,offline_colab,draem,draem,toothbrush,Tesla T4,0.8361923945283103,0.9523426831447362,0.8458715596330275,1.0,0.9165009940357853,0.8497316636851521,,,,,,8.53374564089269,78.82723595769063,0.7352014162540436,val_f1,,,,,0.7785544094097903,0.8539522390821798
offline_colab_draem_real_iad_toy_20260527-002932,C:\Users\Usuario\Desktop\Thesis\Pipeline\Real-time-visual-defect-detection\data\outputs\Experiment 1\offline_colab_draem_real_iad_toy_20260527-002932,offline_colab,draem,draem,toy,Tesla T4,0.6222637362637362,0.8688038286635308,0.8410351201478743,1.0,0.9136546184738956,0.8450450450450451,,,,,,8.626127344456703,78.72069782339076,0.6897274152636528,val_f1,,,,,0.7107669654304565,0.7339048564156898
offline_colab_draem_real_iad_toy_brick_20260527-003018,C:\Users\Usuario\Desktop\Thesis\Pipeline\Real-time-visual-defect-detection\data\outputs\Experiment 1\offline_colab_draem_real_iad_toy_brick_20260527-003018,offline_colab,draem,draem,toy_brick,Tesla T4,0.5581418581418581,0.8185313609705712,0.8410351201478743,1.0,0.9136546184738956,0.8447653429602888,,,,,,8.488670261193723,77.66387199765049,0.8397336988449097,val_f1,,,,,0.8688763245498652,0.8784740601561205
offline_colab_draem_real_iad_transistor1_20260527-004216,C:\Users\Usuario\Desktop\Thesis\Pipeline\Real-time-visual-defect-detection\data\outputs\Experiment 1\offline_colab_draem_real_iad_transistor1_20260527-004216,offline_colab,draem,draem,transistor1,Tesla T4,0.630387762838094,0.8552234398511813,0.825136612021858,1.0,0.9041916167664671,0.8260869565217391,,,,,,8.580102245314382,77.96657790843008,0.7310106568336486,val_f1,,,,,0.7626113015415631,0.780050425730954
offline_colab_draem_real_iad_u_block_20260527-004302,C:\Users\Usuario\Desktop\Thesis\Pipeline\Real-time-visual-defect-detection\data\outputs\Experiment 1\offline_colab_draem_real_iad_u_block_20260527-004302,offline_colab,draem,draem,u_block,Tesla T4,0.726792873051225,0.8922382764447598,0.8253676470588235,1.0,0.9043303121852971,0.8269581056466302,,,,,,8.539436138501843,77.70631393351172,0.6699124803543091,val_f1,,,,,0.6913848964269234,0.7316274037499332
offline_colab_draem_real_iad_usb_20260527-004346,C:\Users\Usuario\Desktop\Thesis\Pipeline\Real-time-visual-defect-detection\data\outputs\Experiment 1\offline_colab_draem_real_iad_usb_20260527-004346,offline_colab,draem,draem,usb,Tesla T4,0.199789787159499,0.6899349034715904,0.8262411347517731,1.0,0.9048543689320389,0.8262411347517731,,,,,,8.608177092949516,79.3763501213345,0.8112255651950836,val_f1,,,,,0.9460365718665433,0.8831147792255817
offline_colab_draem_real_iad_usb_adaptor_20260527-004431,C:\Users\Usuario\Desktop\Thesis\Pipeline\Real-time-visual-defect-detection\data\outputs\Experiment 1\offline_colab_draem_real_iad_usb_adaptor_20260527-004431,offline_colab,draem,draem,usb_adaptor,Tesla T4,0.3860032074126871,0.7828820876201054,0.8413793103448276,1.0,0.9138576779026217,0.8413793103448276,,,,,,8.530094718968257,82.04264651999216,0.6881075305938721,val_f1,,,,,0.7592187740098908,0.7354277812381109
offline_colab_draem_real_iad_vcpill_20260527-005218,C:\Users\Usuario\Desktop\Thesis\Pipeline\Real-time-visual-defect-detection\data\outputs\Experiment 1\offline_colab_draem_real_iad_vcpill_20260527-005218,offline_colab,draem,draem,vcpill,Tesla T4,0.42221905117341,0.770804506345146,0.8244972577696527,1.0,0.9038076152304608,0.8260869565217391,,,,,,8.551002218440306,78.05147135172759,0.6760542207360267,val_f1,,,,,0.745494312409638,0.7326683122507613
offline_colab_draem_real_iad_wooden_beads_20260527-005304,C:\Users\Usuario\Desktop\Thesis\Pipeline\Real-time-visual-defect-detection\data\outputs\Experiment 1\offline_colab_draem_real_iad_wooden_beads_20260527-005304,offline_colab,draem,draem,wooden_beads,Tesla T4,0.6515592891177201,0.9151869562856649,0.8546712802768166,0.9705304518664047,0.9089236430542779,0.8338926174496645,,,,,,8.5809405539279,84.0459549003849,0.7054735132455826,val_f1,,,,,0.7267102870324874,0.7509089188676911
offline_colab_draem_real_iad_woodstick_20260527-005348,C:\Users\Usuario\Desktop\Thesis\Pipeline\Real-time-visual-defect-detection\data\outputs\Experiment 1\offline_colab_draem_real_iad_woodstick_20260527-005348,offline_colab,draem,draem,woodstick,Tesla T4,0.3718444444444444,0.7360137138976192,0.8364312267657993,1.0,0.9109311740890689,0.84,,,,,,8.541534512485464,77.32410898698254,0.6271897453069687,val_f1,,,,,0.746667130274864,0.6923433505237238
offline_colab_draem_real_iad_zipper_20260527-005432,C:\Users\Usuario\Desktop\Thesis\Pipeline\Real-time-visual-defect-detection\data\outputs\Experiment 1\offline_colab_draem_real_iad_zipper_20260527-005432,offline_colab,draem,draem,zipper,Tesla T4,0.6061777777777778,0.7997114039649247,0.8444022770398482,0.9888888888888889,0.9109518935516889,0.8418181818181818,,,,,,8.586050458812979,77.65298003088489,0.8894122215509414,val_f1,,,,,0.9366528093619612,0.9625236277464372
offline_colab_rd4ad_real_iad_phone_battery_20260526-230111,C:\Users\Usuario\Desktop\Thesis\Pipeline\Real-time-visual-defect-detection\data\outputs\Experiment 1\offline_colab_rd4ad_real_iad_phone_battery_20260526-230111,offline_colab,rd4ad,rd4ad,phone_battery,NVIDIA RTX PRO 6000 Blackwell Server Edition,0.8656246535860769,0.968283708333892,0.9151785714285714,0.8817204301075269,0.8981380065717416,0.8345195729537367,,,,,,5.671527985767662,60.10467051050057,0.0008860061643645167,val_f1,,,,,0.0010069419249421772,0.006315800394757741
offline_colab_rd4ad_real_iad_plastic_nut_20260526-231038,C:\Users\Usuario\Desktop\Thesis\Pipeline\Real-time-visual-defect-detection\data\outputs\Experiment 1\offline_colab_rd4ad_real_iad_plastic_nut_20260526-231038,offline_colab,rd4ad,rd4ad,plastic_nut,NVIDIA RTX PRO 6000 Blackwell Server Edition,0.9012444444444444,0.9686755980702808,0.9445727482678984,0.9088888888888889,0.9263873159682899,0.8818181818181818,,,,,,5.608732429094826,62.29400688591647,0.0009700037189759314,val_f1,,,,,0.0007749330905789975,0.0030263129551894963
offline_colab_rd4ad_real_iad_plastic_plug_20260526-231943,C:\Users\Usuario\Desktop\Thesis\Pipeline\Real-time-visual-defect-detection\data\outputs\Experiment 1\offline_colab_rd4ad_real_iad_plastic_plug_20260526-231943,offline_colab,rd4ad,rd4ad,plastic_plug,NVIDIA RTX PRO 6000 Blackwell Server Edition,0.8635078265903676,0.9692878995428752,0.9526462395543176,0.7386609071274298,0.8321167883211679,0.7535714285714286,,,,,,5.623584042843634,61.10846369482944,0.0007171779288910329,val_f1,,,,,0.0005219611037731382,0.0022539260090538955
offline_colab_rd4ad_real_iad_porcelain_doll_20260527-011945,C:\Users\Usuario\Desktop\Thesis\Pipeline\Real-time-visual-defect-detection\data\outputs\Experiment 1\offline_colab_rd4ad_real_iad_porcelain_doll_20260527-011945,offline_colab,rd4ad,rd4ad,porcelain_doll,NVIDIA RTX PRO 6000 Blackwell Server Edition,0.8057915627511998,0.9737370673594128,0.8173076923076923,0.9139784946236559,0.8629441624365483,0.7597864768683275,,,,,,9.871216791493516,101.30463357483407,0.000972,val_f1,,,,,0.0012035128092101918,0.0013448673834065275
offline_colab_rd4ad_real_iad_regulator_20260526-232837,C:\Users\Usuario\Desktop\Thesis\Pipeline\Real-time-visual-defect-detection\data\outputs\Experiment 1\offline_colab_rd4ad_real_iad_regulator_20260526-232837,offline_colab,rd4ad,rd4ad,regulator,NVIDIA RTX PRO 6000 Blackwell Server Edition,0.800063829787234,0.9515061716269393,0.9814814814814815,0.5638297872340425,0.7162162162162162,0.631578947368421,,,,,,5.596494117544513,66.55579037131122,0.0029079364612698555,val_f1,,,,,0.0012998646649066358,0.0031906392629025503
offline_colab_rd4ad_real_iad_rolled_strip_base_20260526-233740,C:\Users\Usuario\Desktop\Thesis\Pipeline\Real-time-visual-defect-detection\data\outputs\Experiment 1\offline_colab_rd4ad_real_iad_rolled_strip_base_20260526-233740,offline_colab,rd4ad,rd4ad,rolled_strip_base,NVIDIA RTX PRO 6000 Blackwell Server Edition,0.9930692203419477,0.9982178073071268,0.9933184855233853,0.9653679653679653,0.9791437980241493,0.966131907308378,,,,,,5.632723796790025,60.200068779814174,0.0023259692825376987,val_f1,,,,,0.0007935745245894662,0.00927228214775083
offline_colab_rd4ad_real_iad_sim_card_set_20260526-234658,C:\Users\Usuario\Desktop\Thesis\Pipeline\Real-time-visual-defect-detection\data\outputs\Experiment 1\offline_colab_rd4ad_real_iad_sim_card_set_20260526-234658,offline_colab,rd4ad,rd4ad,sim_card_set,NVIDIA RTX PRO 6000 Blackwell Server Edition,0.9663894967177243,0.9925123258636523,0.9429175475687104,0.975929978118162,0.9591397849462366,0.9317773788150808,,,,,,5.599431464982557,55.16411407773685,0.000945598934777081,val_f1,,,,,0.0007332239093375393,0.007208783467375639
offline_colab_rd4ad_real_iad_switch_20260526-235553,C:\Users\Usuario\Desktop\Thesis\Pipeline\Real-time-visual-defect-detection\data\outputs\Experiment 1\offline_colab_rd4ad_real_iad_switch_20260526-235553,offline_colab,rd4ad,rd4ad,switch,NVIDIA RTX PRO 6000 Blackwell Server Edition,0.9644827888236841,0.9927066780416083,0.9927536231884058,0.8819742489270386,0.9340909090909091,0.8971631205673759,,,,,,5.641114882996751,66.09520983405231,0.0024111412931233644,val_f1,,,,,0.0012436857629966522,0.01121714500729854
offline_colab_rd4ad_real_iad_tape_20260527-000428,C:\Users\Usuario\Desktop\Thesis\Pipeline\Real-time-visual-defect-detection\data\outputs\Experiment 1\offline_colab_rd4ad_real_iad_tape_20260527-000428,offline_colab,rd4ad,rd4ad,tape,NVIDIA RTX PRO 6000 Blackwell Server Edition,0.8283119658119659,0.9561973278900958,0.9587020648967551,0.6944444444444444,0.80545229244114,0.7235915492957746,,,,,,5.6455535915507475,69.17951191559501,0.0006218230701051652,val_f1,,,,,0.0006118292841711081,0.006572097728330379
offline_colab_rd4ad_real_iad_terminalblock_20260527-001310,C:\Users\Usuario\Desktop\Thesis\Pipeline\Real-time-visual-defect-detection\data\outputs\Experiment 1\offline_colab_rd4ad_real_iad_terminalblock_20260527-001310,offline_colab,rd4ad,rd4ad,terminalblock,NVIDIA RTX PRO 6000 Blackwell Server Edition,0.9522183553308381,0.9904562653194275,0.9947229551451188,0.8004246284501062,0.8870588235294118,0.8309859154929577,,,,,,5.5820452588045235,69.76024141193342,0.0023008640855550766,val_f1,,,,,0.0008131515171100414,0.010750458298958918
offline_colab_rd4ad_real_iad_toothbrush_20260527-002202,C:\Users\Usuario\Desktop\Thesis\Pipeline\Real-time-visual-defect-detection\data\outputs\Experiment 1\offline_colab_rd4ad_real_iad_toothbrush_20260527-002202,offline_colab,rd4ad,rd4ad,toothbrush,NVIDIA RTX PRO 6000 Blackwell Server Edition,0.819403249369162,0.95447445215132,0.9004854368932039,0.8047722342733189,0.8499427262313861,0.7656529516994633,,,,,,5.624487196790578,62.72223753160482,0.0019498863257467747,val_f1,,,,,0.0020375593680631823,0.004244451957286099
offline_colab_rd4ad_real_iad_toy_20260527-003123,C:\Users\Usuario\Desktop\Thesis\Pipeline\Real-time-visual-defect-detection\data\outputs\Experiment 1\offline_colab_rd4ad_real_iad_toy_20260527-003123,offline_colab,rd4ad,rd4ad,toy,NVIDIA RTX PRO 6000 Blackwell Server Edition,0.8673626373626373,0.9678415713937233,0.9095127610208816,0.8615384615384616,0.8848758465011286,0.8162162162162162,,,,,,5.626776369383545,65.93314319904695,0.0017216721316799521,val_f1,,,,,0.0016954424430150538,0.004800017385431412
offline_colab_rd4ad_real_iad_toy_brick_20260527-004045,C:\Users\Usuario\Desktop\Thesis\Pipeline\Real-time-visual-defect-detection\data\outputs\Experiment 1\offline_colab_rd4ad_real_iad_toy_brick_20260527-004045,offline_colab,rd4ad,rd4ad,toy_brick,NVIDIA RTX PRO 6000 Blackwell Server Edition,0.6826950826950826,0.9171070892157427,0.8212996389891697,1.0,0.9018830525272546,0.8212996389891697,,,,,,5.601429308677286,56.66039204610267,0.0006219496135599911,val_f1,,,,,0.0016472535002082962,0.0027170393972882774
offline_colab_rd4ad_real_iad_transistor1_20260527-012031,C:\Users\Usuario\Desktop\Thesis\Pipeline\Real-time-visual-defect-detection\data\outputs\Experiment 1\offline_colab_rd4ad_real_iad_transistor1_20260527-012031,offline_colab,rd4ad,rd4ad,transistor1,NVIDIA RTX PRO 6000 Blackwell Server Edition,0.5402786526886851,0.8587644960933409,0.7790178571428571,0.7704194260485652,0.7746947835738068,0.6322463768115942,,,,,,11.30987233646942,88.41832783341285,0.0011610000000000001,val_f1,,,,,0.0014857919177278167,0.001473229857605385
offline_colab_rd4ad_real_iad_u_block_20260527-012116,C:\Users\Usuario\Desktop\Thesis\Pipeline\Real-time-visual-defect-detection\data\outputs\Experiment 1\offline_colab_rd4ad_real_iad_u_block_20260527-012116,offline_colab,rd4ad,rd4ad,u_block,NVIDIA RTX PRO 6000 Blackwell Server Edition,0.8725133077134133,0.9630247775769034,0.9059304703476483,0.9866369710467706,0.9445628997867804,0.9052823315118397,,,,,,11.495968059858702,86.98701969186673,0.00135,val_f1,,,,,0.0011072773569355356,0.0019459769065248444
offline_colab_rd4ad_real_iad_usb_20260527-012201,C:\Users\Usuario\Desktop\Thesis\Pipeline\Real-time-visual-defect-detection\data\outputs\Experiment 1\offline_colab_rd4ad_real_iad_usb_20260527-012201,offline_colab,rd4ad,rd4ad,usb,NVIDIA RTX PRO 6000 Blackwell Server Edition,0.8258356146008821,0.977055131249087,0.9979550102249489,1.0,0.9989764585465711,0.9982758620689656,,,,,,11.72652995427217,85.27671902084583,0.0015390000000000002,val_f1,,,,,0.0007592170712153897,0.002222962168657537
offline_colab_rd4ad_real_iad_usb_adaptor_20260527-012246,C:\Users\Usuario\Desktop\Thesis\Pipeline\Real-time-visual-defect-detection\data\outputs\Experiment 1\offline_colab_rd4ad_real_iad_usb_adaptor_20260527-012246,offline_colab,rd4ad,rd4ad,usb_adaptor,NVIDIA RTX PRO 6000 Blackwell Server Edition,0.8045434469613321,0.999,0.9979550102249489,1.0,0.9989764585465711,0.9982758620689656,,,,,,11.155461528830216,89.64218982922368,0.0017280000000000002,val_f1,,,,,0.0008387938421713759,0.0025083062258927803
offline_colab_rd4ad_real_iad_vcpill_20260527-012331,C:\Users\Usuario\Desktop\Thesis\Pipeline\Real-time-visual-defect-detection\data\outputs\Experiment 1\offline_colab_rd4ad_real_iad_vcpill_20260527-012331,offline_colab,rd4ad,rd4ad,vcpill,NVIDIA RTX PRO 6000 Blackwell Server Edition,0.9381469345606287,0.9691576736926879,1.0,0.9844789356984479,0.9921787709497206,0.9873188405797102,,,,,,11.762165124621731,85.0183609399175,0.000972,val_f1,,,,,0.0004794288083119833,0.0013722231036528627
offline_colab_rd4ad_real_iad_wooden_beads_20260527-012416,C:\Users\Usuario\Desktop\Thesis\Pipeline\Real-time-visual-defect-detection\data\outputs\Experiment 1\offline_colab_rd4ad_real_iad_wooden_beads_20260527-012416,offline_colab,rd4ad,rd4ad,wooden_beads,NVIDIA RTX PRO 6000 Blackwell Server Edition,0.8333083562689464,0.9965072085394233,0.863013698630137,0.9901768172888016,0.9222323879231473,0.8573825503355704,,,,,,12.066061647762712,82.87708360792438,0.0011610000000000001,val_f1,,,,,0.0014161073220954725,0.0016526065863630302
offline_colab_rd4ad_real_iad_woodstick_20260527-012501,C:\Users\Usuario\Desktop\Thesis\Pipeline\Real-time-visual-defect-detection\data\outputs\Experiment 1\offline_colab_rd4ad_real_iad_woodstick_20260527-012501,offline_colab,rd4ad,rd4ad,woodstick,NVIDIA RTX PRO 6000 Blackwell Server Edition,0.8205352901160282,0.9612520235418606,0.8,0.8888888888888888,0.8421052631578947,0.7272727272727273,,,,,,11.923353500499676,83.86902224764977,0.00135,val_f1,,,,,0.0017178769828605541,0.0018461008931952242
offline_colab_rd4ad_real_iad_zipper_20260527-012546,C:\Users\Usuario\Desktop\Thesis\Pipeline\Real-time-visual-defect-detection\data\outputs\Experiment 1\offline_colab_rd4ad_real_iad_zipper_20260527-012546,offline_colab,rd4ad,rd4ad,zipper,NVIDIA RTX PRO 6000 Blackwell Server Edition,0.999,0.999,0.9977827050997783,1.0,0.9988901220865705,0.9981818181818182,,,,,,11.394480877860902,87.76178666840073,0.0015390000000000002,val_f1,,,,,0.0008161793129601926,0.0022033519604074867
offline_colab_stfpm_real_iad_pcb_20260526-211544,C:\Users\Usuario\Desktop\Thesis\Pipeline\Real-time-visual-defect-detection\data\outputs\Experiment 1\offline_colab_stfpm_real_iad_pcb_20260526-211544,offline_colab,stfpm,stfpm,pcb,NVIDIA RTX PRO 6000 Blackwell Server Edition,0.7784614706012086,0.9128500919040757,0.9154589371980676,0.8275109170305677,0.8692660550458715,0.7953321364452424,,,,,,1.9344749605035898,86.59874476077134,0.011118837632238865,val_f1,,,,,0.012067399128819958,0.01726792910437234
offline_colab_stfpm_real_iad_phone_battery_20260526-212046,C:\Users\Usuario\Desktop\Thesis\Pipeline\Real-time-visual-defect-detection\data\outputs\Experiment 1\offline_colab_stfpm_real_iad_phone_battery_20260526-212046,offline_colab,stfpm,stfpm,phone_battery,NVIDIA RTX PRO 6000 Blackwell Server Edition,0.6904334331005431,0.9173150626663445,0.8767772511848341,0.7956989247311828,0.8342728297632468,0.7384341637010676,,,,,,1.9052609946597954,78.7346466948599,0.021812940016388893,val_f1,,,,,0.023886805400252342,0.030474430719210254
offline_colab_stfpm_real_iad_plastic_nut_20260526-212533,C:\Users\Usuario\Desktop\Thesis\Pipeline\Real-time-visual-defect-detection\data\outputs\Experiment 1\offline_colab_stfpm_real_iad_plastic_nut_20260526-212533,offline_colab,stfpm,stfpm,plastic_nut,NVIDIA RTX PRO 6000 Blackwell Server Edition,0.40784444444444445,0.7924193565365913,0.8175182481751825,0.9955555555555555,0.8977955911823647,0.8145454545454546,,,,,,1.9424260399980333,81.3574206595892,0.04415835440158844,val_f1,,,,,0.05586961280554533,0.054622698351740835
offline_colab_stfpm_real_iad_regulator_20260526-172655,C:\Users\Usuario\Desktop\Thesis\Pipeline\Real-time-visual-defect-detection\data\outputs\Experiment 1\offline_colab_stfpm_real_iad_regulator_20260526-172655,offline_colab,stfpm,stfpm,regulator,Tesla T4,0.5023829787234043,0.8290574860400536,0.8246869409660107,0.9808510638297873,0.8960155490767736,0.8122807017543859,,,,,,3.151166220000232,121.48184665238584,0.06257791817188263,val_f1,,,,,0.07139227572828531,0.07147590000420175
offline_colab_stfpm_real_iad_rolled_strip_base_20260526-175052,C:\Users\Usuario\Desktop\Thesis\Pipeline\Real-time-visual-defect-detection\data\outputs\Experiment 1\offline_colab_stfpm_real_iad_rolled_strip_base_20260526-175052,offline_colab,stfpm,stfpm,rolled_strip_base,Tesla T4,0.8961257597621235,0.9767895267070735,0.9738372093023255,0.7251082251082251,0.8312655086848635,0.7575757575757576,,,,,,3.2685545776920453,110.52050650706715,0.017966702580451965,val_f1,,,,,0.011575203407743965,0.036647807946831826
offline_colab_stfpm_real_iad_sim_card_set_20260526-181325,C:\Users\Usuario\Desktop\Thesis\Pipeline\Real-time-visual-defect-detection\data\outputs\Experiment 1\offline_colab_stfpm_real_iad_sim_card_set_20260526-181325,offline_colab,stfpm,stfpm,sim_card_set,Tesla T4,0.9551203501094093,0.9883692300590361,0.963882618510158,0.9343544857768052,0.9488888888888888,0.9174147217235189,,,,,,3.285644892303865,101.83852655996041,0.0008922655833885074,val_f1,,,,,0.0006694955675629899,0.005055042026455961
offline_colab_stfpm_real_iad_switch_20260526-183639,C:\Users\Usuario\Desktop\Thesis\Pipeline\Real-time-visual-defect-detection\data\outputs\Experiment 1\offline_colab_stfpm_real_iad_switch_20260526-183639,offline_colab,stfpm,stfpm,switch,Tesla T4,0.8286327406499081,0.9609565348723728,0.938337801608579,0.7510729613733905,0.8343265792610249,0.7535460992907801,,,,,,3.1437263753818736,120.48804427915276,0.009458804503083229,val_f1,,,,,0.008695273061415978,0.017820526116283795
offline_colab_stfpm_real_iad_tape_20260526-185832,C:\Users\Usuario\Desktop\Thesis\Pipeline\Real-time-visual-defect-detection\data\outputs\Experiment 1\offline_colab_stfpm_real_iad_tape_20260526-185832,offline_colab,stfpm,stfpm,tape,Tesla T4,0.7343589743589743,0.9302019373548963,0.8798185941043084,0.8290598290598291,0.8536853685368538,0.7658450704225352,,,,,,3.0664616682186305,127.97292511519053,0.004321922082453966,val_f1,,,,,0.006232697942759841,0.01408165901288406
offline_colab_stfpm_real_iad_terminalblock_20260526-192100,C:\Users\Usuario\Desktop\Thesis\Pipeline\Real-time-visual-defect-detection\data\outputs\Experiment 1\offline_colab_stfpm_real_iad_terminalblock_20260526-192100,offline_colab,stfpm,stfpm,terminalblock,Tesla T4,0.5273491365158579,0.8479297632868754,0.829225352112676,1.0,0.9066410009624639,0.829225352112676,,,,,,3.053615300853022,127.8712048907788,0.16355304419994354,val_f1,,,,,0.18931982044092158,0.19077462052843372
offline_colab_stfpm_real_iad_toothbrush_20260526-194345,C:\Users\Usuario\Desktop\Thesis\Pipeline\Real-time-visual-defect-detection\data\outputs\Experiment 1\offline_colab_stfpm_real_iad_toothbrush_20260526-194345,offline_colab,stfpm,stfpm,toothbrush,Tesla T4,0.762472885032538,0.939278877479197,0.8693069306930693,0.9522776572668112,0.9089026915113871,0.8425760286225402,,,,,,3.259305256569271,112.69891598381749,0.003829519497230649,val_f1,,,,,0.005316157668486846,0.009185501579356879
offline_colab_stfpm_real_iad_toy_20260526-200614,C:\Users\Usuario\Desktop\Thesis\Pipeline\Real-time-visual-defect-detection\data\outputs\Experiment 1\offline_colab_stfpm_real_iad_toy_20260526-200614,offline_colab,stfpm,stfpm,toy,Tesla T4,0.45178021978021976,0.7970410863385318,0.8336755646817249,0.8923076923076924,0.8619957537154991,0.7657657657657657,,,,,,3.2874246013285107,110.18544754957422,0.04368589073419571,val_f1,,,,,0.05051868163049221,0.04968545526102349
offline_colab_stfpm_real_iad_toy_brick_20260526-202732,C:\Users\Usuario\Desktop\Thesis\Pipeline\Real-time-visual-defect-detection\data\outputs\Experiment 1\offline_colab_stfpm_real_iad_toy_brick_20260526-202732,offline_colab,stfpm,stfpm,toy_brick,NVIDIA RTX PRO 6000 Blackwell Server Edition,0.6432456432456433,0.9014111950307239,0.837378640776699,0.7582417582417582,0.7958477508650519,0.6805054151624549,,,,,,1.969177734654065,72.07322472797141,0.002928498899564147,val_f1,,,,,0.003522842320510083,0.004817385819822468
offline_colab_stfpm_real_iad_transistor1_20260526-203211,C:\Users\Usuario\Desktop\Thesis\Pipeline\Real-time-visual-defect-detection\data\outputs\Experiment 1\offline_colab_stfpm_real_iad_transistor1_20260526-203211,offline_colab,stfpm,stfpm,transistor1,NVIDIA RTX PRO 6000 Blackwell Server Edition,0.6279572769638995,0.8257682592668381,0.8665105386416861,0.8167770419426048,0.8409090909090909,0.7463768115942029,,,,,,1.9340843949262834,90.4286524144496,0.030463779345154762,val_f1,,,,,0.0380355759777806,0.03843642822641542
offline_colab_stfpm_real_iad_u_block_20260526-203706,C:\Users\Usuario\Desktop\Thesis\Pipeline\Real-time-visual-defect-detection\data\outputs\Experiment 1\offline_colab_stfpm_real_iad_u_block_20260526-203706,offline_colab,stfpm,stfpm,u_block,NVIDIA RTX PRO 6000 Blackwell Server Edition,0.5661247216035635,0.8626071105426246,0.8346774193548387,0.9220489977728286,0.8761904761904762,0.7868852459016393,,,,,,1.9523946630265205,80.52551509697308,0.004218264948576689,val_f1,,,,,0.006397584457881749,0.007761932142547649
offline_colab_stfpm_real_iad_usb_20260526-204136,C:\Users\Usuario\Desktop\Thesis\Pipeline\Real-time-visual-defect-detection\data\outputs\Experiment 1\offline_colab_stfpm_real_iad_usb_20260526-204136,offline_colab,stfpm,stfpm,usb,NVIDIA RTX PRO 6000 Blackwell Server Edition,0.8536393098011738,0.9661708180119444,0.9706840390879479,0.6394849785407726,0.7710219922380336,0.6861702127659575,,,,,,1.999909620571224,89.97482718264719,0.007621343247592449,val_f1,,,,,0.0057670672647464945,0.015375162860530513
offline_colab_stfpm_real_iad_usb_adaptor_20260526-204617,C:\Users\Usuario\Desktop\Thesis\Pipeline\Real-time-visual-defect-detection\data\outputs\Experiment 1\offline_colab_stfpm_real_iad_usb_adaptor_20260526-204617,offline_colab,stfpm,stfpm,usb_adaptor,NVIDIA RTX PRO 6000 Blackwell Server Edition,0.6428412330719886,0.9011797638706815,0.842832469775475,1.0,0.9147141518275539,0.843103448275862,,,,,,1.9998548327489987,70.73809992778719,0.030685866251587868,val_f1,,,,,0.046946053210969854,0.05054563034295303
offline_colab_stfpm_real_iad_vcpill_20260526-205041,C:\Users\Usuario\Desktop\Thesis\Pipeline\Real-time-visual-defect-detection\data\outputs\Experiment 1\offline_colab_stfpm_real_iad_vcpill_20260526-205041,offline_colab,stfpm,stfpm,vcpill,NVIDIA RTX PRO 6000 Blackwell Server Edition,0.8211455291870651,0.9457537618900298,0.9038901601830663,0.8758314855875832,0.8896396396396397,0.822463768115942,,,,,,1.93688675360541,79.79040574116986,0.006280581466853619,val_f1,,,,,0.0063627692594165255,0.009819311474939342
offline_colab_stfpm_real_iad_wooden_beads_20260526-205525,C:\Users\Usuario\Desktop\Thesis\Pipeline\Real-time-visual-defect-detection\data\outputs\Experiment 1\offline_colab_stfpm_real_iad_wooden_beads_20260526-205525,offline_colab,stfpm,stfpm,wooden_beads,NVIDIA RTX PRO 6000 Blackwell Server Edition,0.8260054648510715,0.9643266590591972,0.9163265306122449,0.8821218074656189,0.8988988988988988,0.8305369127516778,,,,,,1.9994587953129093,79.53430142767813,0.008871293626725674,val_f1,,,,,0.009817493833258919,0.017312694473598293
offline_colab_stfpm_real_iad_woodstick_20260526-205949,C:\Users\Usuario\Desktop\Thesis\Pipeline\Real-time-visual-defect-detection\data\outputs\Experiment 1\offline_colab_stfpm_real_iad_woodstick_20260526-205949,offline_colab,stfpm,stfpm,woodstick,NVIDIA RTX PRO 6000 Blackwell Server Edition,0.5847333333333333,0.8607915026307515,0.8255578093306288,0.9044444444444445,0.8632025450689291,0.7654545454545455,,,,,,1.9451477381864442,72.15256386972189,0.012021014466881752,val_f1,,,,,0.014080803878605365,0.014848446767363284
offline_colab_stfpm_real_iad_zipper_20260526-210433,C:\Users\Usuario\Desktop\Thesis\Pipeline\Real-time-visual-defect-detection\data\outputs\Experiment 1\offline_colab_stfpm_real_iad_zipper_20260526-210433,offline_colab,stfpm,stfpm,zipper,NVIDIA RTX PRO 6000 Blackwell Server Edition,0.9250444444444443,0.9818982865799379,0.9443155452436195,0.9044444444444445,0.923950056753689,0.8781818181818182,,,,,,1.9383424181763653,73.80082553847537,0.0091291144490242,val_f1,,,,,0.008167782654054464,0.017208355812148916
