experiment,experiment_dir,model,category,gpu_name,auroc,aupr,global_auroc,precision,recall,f1,accuracy,mean_latency_ms,throughput_fps,threshold_value,warmup_frames,calibration_frames,streaming_frames,mean_score_ok,mean_score_ng,_report_mtime_ns,_report_size,_frames_mtime_ns,_frames_size
coldstart_csflow_real_iad_audiojack,C:\Users\Usuario\Desktop\Thesis\Pipeline\Real-time-visual-defect-detection\data\outputs\Experiment 3\coldstart_csflow_real_iad_audiojack,csflow,audiojack,Tesla T4,0.744239885348914,0.8805225676169193,0.7210891853158417,0.9,0.4003868471953578,0.5542168674698795,0.5309859154929577,135.8150972746418,6.244243255588934,3.848443508148194,200,100,710,3.775896161331414,3.8522202784134296,1779134003354221600,2539,1779134003385519400,223265
coldstart_csflow_real_iad_bottle_cap,C:\Users\Usuario\Desktop\Thesis\Pipeline\Real-time-visual-defect-detection\data\outputs\Experiment 3\coldstart_csflow_real_iad_bottle_cap,csflow,bottle_cap,NVIDIA L4,0.9928856816699284,0.9976049631207988,0.9808637067840836,0.9918032786885246,0.9471624266144814,0.968968968968969,0.9559032716927454,84.9384041607376,8.900245514724654,3.848058938980103,200,100,703,3.7341666308542094,3.9641080798468247,1779011890145596600,2555,1779011890027010200,221420
coldstart_csflow_real_iad_button_battery,C:\Users\Usuario\Desktop\Thesis\Pipeline\Real-time-visual-defect-detection\data\outputs\Experiment 3\coldstart_csflow_real_iad_button_battery,csflow,button_battery,NVIDIA L4,0.8503873756751329,0.9376832880441428,0.8168130555643636,0.993006993006993,0.2746615087040619,0.4303030303030303,0.4628571428571428,86.26475354857442,9.024055125632293,4.0193586349487305,200,100,700,3.82814610851267,3.972447878156917,1779011889333532200,2566,1779011889298243700,224768
coldstart_csflow_real_iad_end_cap,C:\Users\Usuario\Desktop\Thesis\Pipeline\Real-time-visual-defect-detection\data\outputs\Experiment 3\coldstart_csflow_real_iad_end_cap,csflow,end_cap,NVIDIA L4,0.754268808114962,0.8939433534940457,0.7294748520710059,0.9852941176470588,0.1288461538461538,0.227891156462585,0.3532763532763532,86.20893539030939,8.93108614646898,4.061216831207275,200,100,702,3.8765171949680033,3.9555844921332137,1779011891172964400,2546,1779011891155138700,217476
coldstart_csflow_real_iad_eraser,C:\Users\Usuario\Desktop\Thesis\Pipeline\Real-time-visual-defect-detection\data\outputs\Experiment 3\coldstart_csflow_real_iad_eraser,csflow,eraser,NVIDIA L4,0.786413347728727,0.914118041910384,0.7664947216890595,0.9905660377358492,0.201535508637236,0.3349282296650718,0.4151472650771388,87.20159017391394,8.98516389421975,4.128729343414307,200,100,713,3.8430413492023945,4.000933785356167,1779011889433241300,2547,1779011889444323500,218913
coldstart_csflow_real_iad_fire_hood,C:\Users\Usuario\Desktop\Thesis\Pipeline\Real-time-visual-defect-detection\data\outputs\Experiment 3\coldstart_csflow_real_iad_fire_hood,csflow,fire_hood,NVIDIA L4,0.7856649293216458,0.8997930032307007,0.7801320777067046,0.9489795918367347,0.1845238095238095,0.3089700996677741,0.4099290780141844,86.0028817914897,8.710681185703653,4.461129665374756,200,100,705,3.941165027333729,4.200311447892871,1779011890906926500,2551,1779011890952715600,220017
coldstart_csflow_real_iad_mint,C:\Users\Usuario\Desktop\Thesis\Pipeline\Real-time-visual-defect-detection\data\outputs\Experiment 3\coldstart_csflow_real_iad_mint,csflow,mint,NVIDIA L4,0.46379156889716,0.9473400469039552,0.4639938506351647,0.8333333333333334,0.0068775790921595,0.0136425648021828,0.0499342969776609,84.468139752964,8.944623580999574,4.288598537445068,200,100,761,3.995451597606434,3.982018244479677,1779011889778567200,2541,1779011889799270800,228045
coldstart_csflow_real_iad_mounts,C:\Users\Usuario\Desktop\Thesis\Pipeline\Real-time-visual-defect-detection\data\outputs\Experiment 3\coldstart_csflow_real_iad_mounts,csflow,mounts,NVIDIA L4,0.8239927622456706,0.9325837283853692,0.7944369597498254,0.970479704797048,0.5146771037181996,0.6726342710997443,0.6394366197183099,85.14695413238928,9.142502194028197,3.974243402481079,200,100,710,3.876239830525077,3.9845416153946966,1779011889243390200,2548,1779011889202954000,218209
coldstart_csflow_real_iad_pcb,C:\Users\Usuario\Desktop\Thesis\Pipeline\Real-time-visual-defect-detection\data\outputs\Experiment 3\coldstart_csflow_real_iad_pcb,csflow,pcb,NVIDIA L4,0.7197593574722355,0.8715229322802729,0.6860806009955516,1.0,0.0176817288801571,0.0347490347490347,0.2877492877492877,86.4902888347575,8.95453693647727,4.058823108673096,200,100,702,3.819662059526987,3.875006026509703,1779011890570553900,2523,1779011890583318200,213503
coldstart_csflow_real_iad_phone_battery,C:\Users\Usuario\Desktop\Thesis\Pipeline\Real-time-visual-defect-detection\data\outputs\Experiment 3\coldstart_csflow_real_iad_phone_battery,csflow,phone_battery,NVIDIA L4,0.6014681168151695,0.8421304382396254,0.610341292238746,0.9876543209876544,0.1547388781431334,0.2675585284280937,0.3742857142857143,85.00102736429848,8.881541625289952,4.274165630340576,200,100,700,4.009216989975809,4.082720782816756,1779011891275034900,2560,1779011891267003800,222908
coldstart_csflow_real_iad_plastic_nut,C:\Users\Usuario\Desktop\Thesis\Pipeline\Real-time-visual-defect-detection\data\outputs\Experiment 3\coldstart_csflow_real_iad_plastic_nut,csflow,plastic_nut,NVIDIA L4,0.5842673267326732,0.76178247301367,0.5702376237623762,0.7553648068669528,0.352,0.4802182810368349,0.4572649572649572,84.89373925213032,8.85485906933112,3.9864461421966553,200,100,702,3.93092675374286,3.95831152009964,1779011889699072500,2545,1779011889682949200,222149
coldstart_csflow_real_iad_plastic_plug,C:\Users\Usuario\Desktop\Thesis\Pipeline\Real-time-visual-defect-detection\data\outputs\Experiment 3\coldstart_csflow_real_iad_plastic_plug,csflow,plastic_plug,NVIDIA L4,0.7755810284993165,0.9090942374273756,0.7702071721526974,0.9864864864864864,0.1420233463035019,0.2482993197278911,0.3676680972818312,85.97756143918915,8.734931559869509,4.157971382141113,200,100,699,3.8438050128318166,3.975875903660221,1779011891040306700,2560,1779011891033403800,221740
coldstart_csflow_real_iad_porcelain_doll,C:\Users\Usuario\Desktop\Thesis\Pipeline\Real-time-visual-defect-detection\data\outputs\Experiment 3\coldstart_csflow_real_iad_porcelain_doll,csflow,porcelain_doll,NVIDIA L4,0.4617010707000243,0.724143813436861,0.4718637367747936,0.9333333333333332,0.0270793036750483,0.0526315789473684,0.28,86.68323826285157,8.88113812127682,4.265525817871094,200,100,700,3.970269776432892,3.957978140685268,1779011889001730000,2551,1779011888986567800,223967
coldstart_csflow_real_iad_regulator,C:\Users\Usuario\Desktop\Thesis\Pipeline\Real-time-visual-defect-detection\data\outputs\Experiment 3\coldstart_csflow_real_iad_regulator,csflow,regulator,NVIDIA L4,0.5728162854599637,0.7764841578754437,0.5631458260768606,0.9166666666666666,0.0210727969348659,0.0411985018726591,0.2888888888888888,86.04383421666184,9.068516076949155,3.9941751956939697,200,100,720,3.812323965207495,3.8290919608996745,1779011889076559700,2555,1779011889067115800,224372
coldstart_csflow_real_iad_rolled_strip_base,C:\Users\Usuario\Desktop\Thesis\Pipeline\Real-time-visual-defect-detection\data\outputs\Experiment 3\coldstart_csflow_real_iad_rolled_strip_base,csflow,rolled_strip_base,NVIDIA L4,0.7813597728104809,0.905136454854573,0.7372923283957213,0.9673202614379084,0.2884990253411306,0.4444444444444444,0.4788732394366197,86.887118507047,8.706711381019947,4.0208282470703125,200,100,710,3.8990987956826455,3.974579098628976,1779011892637945700,2569,1779011892621350600,230061
coldstart_csflow_real_iad_sim_card_set,C:\Users\Usuario\Desktop\Thesis\Pipeline\Real-time-visual-defect-detection\data\outputs\Experiment 3\coldstart_csflow_real_iad_sim_card_set,csflow,sim_card_set,NVIDIA L4,0.8907380895569872,0.957820022353784,0.8524665950847053,1.0,0.0787401574803149,0.145985401459854,0.3371104815864023,85.31992450707033,8.641116673610583,4.325207710266113,200,100,706,4.011699310456864,4.159726408522899,1779011890984853700,2541,1779011890997515000,223124
coldstart_csflow_real_iad_switch,C:\Users\Usuario\Desktop\Thesis\Pipeline\Real-time-visual-defect-detection\data\outputs\Experiment 3\coldstart_csflow_real_iad_switch,csflow,switch,NVIDIA L4,0.7153515122265122,0.8874327624847422,0.6721515041827542,1.0,0.1756756756756756,0.2988505747126437,0.3985915492957746,86.30554790283576,9.05137799718002,3.9438955783844,200,100,710,3.852816135933002,3.8950650912914497,1779011890457336000,2535,1779011890440859700,219029
coldstart_csflow_real_iad_tape,C:\Users\Usuario\Desktop\Thesis\Pipeline\Real-time-visual-defect-detection\data\outputs\Experiment 3\coldstart_csflow_real_iad_tape,csflow,tape,NVIDIA L4,0.7353653846153847,0.9012745350216496,0.728798076923077,0.9907407407407408,0.4115384615384615,0.5815217391304347,0.5722222222222222,85.5115837930877,9.192490707616484,4.050776958465576,200,100,720,3.87773594379425,4.0717496064993055,1779011889920287200,2541,1779011889937242100,218400
coldstart_csflow_real_iad_terminalblock,C:\Users\Usuario\Desktop\Thesis\Pipeline\Real-time-visual-defect-detection\data\outputs\Experiment 3\coldstart_csflow_real_iad_terminalblock,csflow,terminalblock,NVIDIA L4,0.630402552121144,0.8532283677614644,0.6318953793928488,1.0,0.1051625239005736,0.1903114186851211,0.3408450704225352,85.12414819013838,9.2411814197362,3.951796293258667,200,100,710,3.788072526136184,3.830968236376177,1779011892830157900,2545,1779011892839979500,225418
coldstart_csflow_real_iad_toothbrush,C:\Users\Usuario\Desktop\Thesis\Pipeline\Real-time-visual-defect-detection\data\outputs\Experiment 3\coldstart_csflow_real_iad_toothbrush,csflow,toothbrush,NVIDIA L4,0.9075004133597884,0.9681758364254214,0.9028191137566136,0.994186046511628,0.333984375,0.5,0.5121255349500713,86.56880213124695,8.845781895551283,4.429842948913574,200,100,701,4.029688649707371,4.346842133440077,1779011890623166100,2533,1779011890707188600,219978
coldstart_csflow_real_iad_toy,C:\Users\Usuario\Desktop\Thesis\Pipeline\Real-time-visual-defect-detection\data\outputs\Experiment 3\coldstart_csflow_real_iad_toy,csflow,toy,NVIDIA L4,0.7304208790990525,0.8862430916058732,0.7077631239199952,1.0,0.0415019762845849,0.079696394686907,0.3120567375886525,85.42447538011854,9.075731230403353,4.055028915405273,200,100,705,3.822639038814372,3.88076929094292,1779011890369028100,2527,1779011890388754300,214154
coldstart_csflow_real_iad_toy_brick,C:\Users\Usuario\Desktop\Thesis\Pipeline\Real-time-visual-defect-detection\data\outputs\Experiment 3\coldstart_csflow_real_iad_toy_brick,csflow,toy_brick,NVIDIA L4,0.6755263370170203,0.8404923143571219,0.6753549245785271,0.9803921568627452,0.0988142292490118,0.1795332136445242,0.349002849002849,86.54626635899328,8.571341576393158,4.630743980407715,200,100,702,4.0038334459674605,4.187211002756956,1779011889097945400,2552,1779011889143599600,219283
coldstart_csflow_real_iad_transistor1,C:\Users\Usuario\Desktop\Thesis\Pipeline\Real-time-visual-defect-detection\data\outputs\Experiment 3\coldstart_csflow_real_iad_transistor1,csflow,transistor1,NVIDIA L4,0.7170277825433188,0.8618045185141187,0.6943920234935564,0.9523809523809524,0.0795228628230616,0.146788990825688,0.3357142857142857,85.42574546854406,9.106317570730164,4.109034538269043,200,100,700,3.844517886941203,3.937271650458425,1779011889349212200,2557,1779011889375584700,220969
coldstart_csflow_real_iad_u_block,C:\Users\Usuario\Desktop\Thesis\Pipeline\Real-time-visual-defect-detection\data\outputs\Experiment 3\coldstart_csflow_real_iad_u_block,csflow,u_block,NVIDIA L4,0.5959960121247521,0.8176172091453232,0.5880756487850072,1.0,0.0621242484969939,0.1169811320754717,0.329512893982808,86.38948344270132,8.877904745589543,4.233631610870361,200,100,698,3.987919283871675,4.027939307187984,1779011889639186300,2535,1779011889649604900,216390
coldstart_csflow_real_iad_usb,C:\Users\Usuario\Desktop\Thesis\Pipeline\Real-time-visual-defect-detection\data\outputs\Experiment 3\coldstart_csflow_real_iad_usb,csflow,usb,NVIDIA L4,0.7357173021235521,0.8851268673938926,0.6636653394465895,0.9726027397260274,0.137065637065637,0.2402707275803722,0.3676056338028169,87.14202612675597,8.891243913638291,3.882321834564209,200,100,710,3.755107077459494,3.805417990592456,1779011892884309400,2541,1779011892921250900,215301
coldstart_csflow_real_iad_usb_adaptor,C:\Users\Usuario\Desktop\Thesis\Pipeline\Real-time-visual-defect-detection\data\outputs\Experiment 3\coldstart_csflow_real_iad_usb_adaptor,csflow,usb_adaptor,NVIDIA L4,0.6608374779399968,0.8801217900687006,0.645200660081135,0.9805825242718448,0.1863468634686347,0.3131782945736434,0.3698435277382645,86.43357617640419,8.410833541241232,4.117534637451172,200,100,703,3.9667301622236737,4.027052803233101,1779011890773277800,2558,1779011890742313700,221660
coldstart_csflow_real_iad_vcpill,C:\Users\Usuario\Desktop\Thesis\Pipeline\Real-time-visual-defect-detection\data\outputs\Experiment 3\coldstart_csflow_real_iad_vcpill,csflow,vcpill,NVIDIA L4,0.6097510860631677,0.8261703013815629,0.6088656021290751,1.0,0.0998003992015968,0.1814882032667876,0.3602836879432624,86.04430746668992,8.851326787853264,4.426489353179932,200,100,705,3.971634948954863,4.076613221577779,1779011889590564900,2533,1779011889571380000,216999
coldstart_csflow_real_iad_wooden_beads,C:\Users\Usuario\Desktop\Thesis\Pipeline\Real-time-visual-defect-detection\data\outputs\Experiment 3\coldstart_csflow_real_iad_wooden_beads,csflow,wooden_beads,NVIDIA L4,0.7382541552152859,0.92835879882688,0.7337521266849889,1.0,0.2031802120141342,0.3377386196769456,0.3566333808844508,85.73532717690641,8.852294971946463,4.178218841552734,200,100,701,3.882632160186768,4.026501401574367,1779011889516239500,2544,1779011889507774500,222277
coldstart_csflow_real_iad_woodstick,C:\Users\Usuario\Desktop\Thesis\Pipeline\Real-time-visual-defect-detection\data\outputs\Experiment 3\coldstart_csflow_real_iad_woodstick,csflow,woodstick,Tesla T4,0.744239885348914,0.8805225676169193,0.7210891853158417,0.9,0.4003868471953578,0.5542168674698795,0.5309859154929577,140.2924954858873,6.100422390467669,3.848443031311035,200,100,710,3.775896186038002,3.852220318995316,1779134003210064100,2539,1779134003231082100,222540
coldstart_csflow_real_iad_zipper,C:\Users\Usuario\Desktop\Thesis\Pipeline\Real-time-visual-defect-detection\data\outputs\Experiment 3\coldstart_csflow_real_iad_zipper,csflow,zipper,Tesla T4,0.744239885348914,0.8805225676169193,0.7210891853158417,0.9,0.4003868471953578,0.5542168674698795,0.5309859154929577,139.73747329577057,6.124218513718472,3.848443746566773,200,100,710,3.7758961810966847,3.8522203360581537,1779134003081132300,2535,1779134003121029200,223267
coldstart_draem_real_iad_audiojack,C:\Users\Usuario\Desktop\Thesis\Pipeline\Real-time-visual-defect-detection\data\outputs\Experiment 3\coldstart_draem_real_iad_audiojack,draem,audiojack,NVIDIA A100-SXM4-80GB,0.6434742085166515,0.8160373716890218,0.5725087942594281,0.9545454545454546,0.0406189555125725,0.0779220779220779,0.3,29.828635630986057,18.30349555303262,0.7093636989593506,200,100,710,0.7011861588053135,0.702765613967261,1779130045145049000,2553,1779130045145049000,223552
coldstart_draem_real_iad_bottle_cap,C:\Users\Usuario\Desktop\Thesis\Pipeline\Real-time-visual-defect-detection\data\outputs\Experiment 3\coldstart_draem_real_iad_bottle_cap,draem,bottle_cap,NVIDIA A100-SXM4-80GB,0.2831508887801696,0.6329639723261397,0.348601598173516,0.9473684210526316,0.035225048923679,0.0679245283018867,0.2972972972972973,29.85286183641573,17.976302781050773,0.7790528535842896,200,100,703,0.7701226041341821,0.7677007569492214,1779130044515525000,2573,1779130044528717400,222424
coldstart_draem_real_iad_button_battery,C:\Users\Usuario\Desktop\Thesis\Pipeline\Real-time-visual-defect-detection\data\outputs\Experiment 3\coldstart_draem_real_iad_button_battery,draem,button_battery,NVIDIA A100-SXM4-80GB,0.4376235321474246,0.7044731746456878,0.431672849880035,0.65,0.0502901353965183,0.0933572710951525,0.2785714285714286,29.84360192428768,17.93760942544898,0.7203807830810547,200,100,700,0.7118173179730691,0.710268091417604,1779130044608525900,2567,1779130044595406500,225697
coldstart_draem_real_iad_end_cap,C:\Users\Usuario\Desktop\Thesis\Pipeline\Real-time-visual-defect-detection\data\outputs\Experiment 3\coldstart_draem_real_iad_end_cap,draem,end_cap,NVIDIA A100-SXM4-80GB,0.4642540152155537,0.760745248984146,0.4743026204564666,1.0,0.0192307692307692,0.0377358490566037,0.2735042735042735,29.85963805413216,17.803390456892785,0.7796698808670044,200,100,702,0.7606724592355582,0.7607728806825784,1779130045177748000,2552,1779130045187278300,219180
coldstart_draem_real_iad_eraser,C:\Users\Usuario\Desktop\Thesis\Pipeline\Real-time-visual-defect-detection\data\outputs\Experiment 3\coldstart_draem_real_iad_eraser,draem,eraser,NVIDIA A100-SXM4-80GB,0.568757997440819,0.8003628534597911,0.5559720889315419,1.0,0.0230326295585412,0.0450281425891182,0.2861150070126227,29.79831390883963,18.41590803871171,0.6354348659515381,200,100,713,0.610233802969257,0.6121292674838925,1779130044863494100,2544,1779130044873767100,220685
coldstart_draem_real_iad_fire_hood,C:\Users\Usuario\Desktop\Thesis\Pipeline\Real-time-visual-defect-detection\data\outputs\Experiment 3\coldstart_draem_real_iad_fire_hood,draem,fire_hood,NVIDIA A100-SXM4-80GB,0.7634150675195451,0.8818753589686767,0.6606945431572298,1.0,0.0119047619047619,0.0235294117647058,0.2936170212765957,29.85062957872194,16.899697527554892,0.731417715549469,200,100,705,0.7064564761830799,0.7121634382813696,1779130044673170100,2551,1779130044684225200,221104
coldstart_draem_real_iad_mint,C:\Users\Usuario\Desktop\Thesis\Pipeline\Real-time-visual-defect-detection\data\outputs\Experiment 3\coldstart_draem_real_iad_mint,draem,mint,NVIDIA A100-SXM4-80GB,0.47629258030585,0.9609740154496492,0.5399910996035278,1.0,0.0371389270976616,0.0716180371352785,0.0801576872536136,29.808913366623297,17.06578400737016,0.7388928532600403,200,100,761,0.6922514911960153,0.6962619141010667,1779130045011564400,2544,1779130044995371400,229998
coldstart_draem_real_iad_mounts,C:\Users\Usuario\Desktop\Thesis\Pipeline\Real-time-visual-defect-detection\data\outputs\Experiment 3\coldstart_draem_real_iad_mounts,draem,mounts,NVIDIA A100-SXM4-80GB,0.6128342298577033,0.8161686909613188,0.5404812713272822,0.9761904761904762,0.0802348336594911,0.1482820976491862,0.3366197183098591,29.84457746197129,18.11954946151654,0.8512972593307495,200,100,710,0.8459305697350047,0.8472769370051046,1779130045060442500,2562,1779130045071957200,219937
coldstart_draem_real_iad_pcb,C:\Users\Usuario\Desktop\Thesis\Pipeline\Real-time-visual-defect-detection\data\outputs\Experiment 3\coldstart_draem_real_iad_pcb,draem,pcb,NVIDIA A100-SXM4-80GB,0.40587558659161,0.6759387401557475,0.4870822602481753,0.6,0.0176817288801571,0.0343511450381679,0.2792022792022792,29.808857733615227,17.838313503987667,0.8218367099761963,200,100,702,0.8176787646940953,0.8169731271758763,1779130045594908700,2540,1779130045606015500,215143
coldstart_draem_real_iad_phone_battery,C:\Users\Usuario\Desktop\Thesis\Pipeline\Real-time-visual-defect-detection\data\outputs\Experiment 3\coldstart_draem_real_iad_phone_battery,draem,phone_battery,NVIDIA A100-SXM4-80GB,0.2857278751942163,0.7153719526253175,0.2721300905814334,0.9452054794520548,0.1334622823984526,0.2338983050847458,0.3542857142857142,29.842727568570485,16.433489143255212,0.7963486313819885,200,100,700,0.7854018247192674,0.7443861727327166,1779130046068153600,2579,1779130046054995400,224720
coldstart_draem_real_iad_plastic_nut,C:\Users\Usuario\Desktop\Thesis\Pipeline\Real-time-visual-defect-detection\data\outputs\Experiment 3\coldstart_draem_real_iad_plastic_nut,draem,plastic_nut,NVIDIA A100-SXM4-80GB,0.4437178217821782,0.6898790581509006,0.5047079207920792,0.7619047619047619,0.032,0.0614203454894433,0.3034188034188034,29.80972219088398,17.380152487192614,0.7046697735786438,200,100,702,0.7020178151012647,0.7018430018424988,1779130045690375400,2558,1779130045682902200,223150
coldstart_draem_real_iad_plastic_plug,C:\Users\Usuario\Desktop\Thesis\Pipeline\Real-time-visual-defect-detection\data\outputs\Experiment 3\coldstart_draem_real_iad_plastic_plug,draem,plastic_plug,NVIDIA A100-SXM4-80GB,0.5078346829319591,0.8132967138642191,0.5236512777368808,0.9583333333333334,0.0447470817120622,0.0855018587360594,0.296137339055794,29.81641539342057,17.38423714126477,0.5441208481788635,200,100,699,0.5407991373861158,0.5412173514700122,1779130045974141200,2573,1779130045963489300,223465
coldstart_draem_real_iad_porcelain_doll,C:\Users\Usuario\Desktop\Thesis\Pipeline\Real-time-visual-defect-detection\data\outputs\Experiment 3\coldstart_draem_real_iad_porcelain_doll,draem,porcelain_doll,NVIDIA A100-SXM4-80GB,0.6562661846931117,0.8598891810541338,0.6397089133398864,1.0,0.0406189555125725,0.0780669144981412,0.2914285714285714,29.82271647286065,17.39917280102996,0.7148380875587463,200,100,700,0.6844019938687809,0.6901357899090308,1779130045881878700,2562,1779130045872050400,225719
coldstart_draem_real_iad_regulator,C:\Users\Usuario\Desktop\Thesis\Pipeline\Real-time-visual-defect-detection\data\outputs\Experiment 3\coldstart_draem_real_iad_regulator,draem,regulator,NVIDIA A100-SXM4-80GB,0.5166221603003212,0.7414157696394524,0.5059019311892875,0.8888888888888888,0.0153256704980842,0.0301318267419962,0.2847222222222222,29.85876769861496,18.10717065473768,0.8210217952728271,200,100,720,0.8147780750737046,0.8149176762935302,1779130045216162100,2568,1779130045227325600,225288
coldstart_draem_real_iad_rolled_strip_base,C:\Users\Usuario\Desktop\Thesis\Pipeline\Real-time-visual-defect-detection\data\outputs\Experiment 3\coldstart_draem_real_iad_rolled_strip_base,draem,rolled_strip_base,NVIDIA A100-SXM4-80GB,0.4136857937285402,0.6824439519550252,0.4496838543058153,0.7777777777777778,0.0136452241715399,0.0268199233716475,0.2845070422535211,29.81279271689281,17.07368397532807,0.7426134943962097,200,100,710,0.7330151336447237,0.7317975413264819,1779130044940456000,2584,1779130044908625700,231052
coldstart_draem_real_iad_sim_card_set,C:\Users\Usuario\Desktop\Thesis\Pipeline\Real-time-visual-defect-detection\data\outputs\Experiment 3\coldstart_draem_real_iad_sim_card_set,draem,sim_card_set,NVIDIA A100-SXM4-80GB,0.0595720989421776,0.5470885895842996,0.4330708661417323,1.0,0.0137795275590551,0.0271844660194174,0.2903682719546742,29.800973889509947,16.235228320051643,0.5941255688667297,200,100,706,0.5779086194857203,0.5764572013785519,1779130045113439500,2562,1779130045104419700,225091
coldstart_draem_real_iad_switch,C:\Users\Usuario\Desktop\Thesis\Pipeline\Real-time-visual-defect-detection\data\outputs\Experiment 3\coldstart_draem_real_iad_switch,draem,switch,NVIDIA A100-SXM4-80GB,0.6676469996782497,0.8396770905657107,0.6214506917631918,1.0,0.0482625482625482,0.0920810313075506,0.3056338028169014,29.804030036625527,18.09548169933131,0.8045404553413391,200,100,710,0.7998638938491544,0.8007731123550518,1779130044556300300,2547,1779130044567010400,219979
coldstart_draem_real_iad_tape,C:\Users\Usuario\Desktop\Thesis\Pipeline\Real-time-visual-defect-detection\data\outputs\Experiment 3\coldstart_draem_real_iad_tape,draem,tape,NVIDIA A100-SXM4-80GB,0.6753317307692308,0.8456513038742783,0.536923076923077,0.9743589743589745,0.073076923076923,0.1359570661896243,0.3291666666666666,29.8557875486242,18.57646400097472,0.9064164757728576,200,100,720,0.9023945108056068,0.9034905928831836,1779130045395278100,2559,1779130045418973200,220200
coldstart_draem_real_iad_terminalblock,C:\Users\Usuario\Desktop\Thesis\Pipeline\Real-time-visual-defect-detection\data\outputs\Experiment 3\coldstart_draem_real_iad_terminalblock,draem,terminalblock,NVIDIA A100-SXM4-80GB,0.4701383421437408,0.7295000456466774,0.4622345374791669,0.7272727272727273,0.0152963671128107,0.0299625468164794,0.2704225352112676,29.792042870420914,18.54740732111311,0.8009507656097412,200,100,710,0.7919122219723176,0.791689428726984,1779130044634231000,2579,1779130044643402800,227053
coldstart_draem_real_iad_toothbrush,C:\Users\Usuario\Desktop\Thesis\Pipeline\Real-time-visual-defect-detection\data\outputs\Experiment 3\coldstart_draem_real_iad_toothbrush,draem,toothbrush,NVIDIA A100-SXM4-80GB,0.7632791832010581,0.906104299476472,0.7086898561507936,0.9746835443037974,0.30078125,0.4597014925373134,0.4835948644793152,29.80925836234191,17.446180771329914,0.7322723269462585,200,100,701,0.7189133716008019,0.7290317800361663,1779130045287725400,2563,1779130045297472800,221926
coldstart_draem_real_iad_toy,C:\Users\Usuario\Desktop\Thesis\Pipeline\Real-time-visual-defect-detection\data\outputs\Experiment 3\coldstart_draem_real_iad_toy,draem,toy,NVIDIA A100-SXM4-80GB,0.5628041392734424,0.775734884260557,0.5562396965062466,0.5,0.0039525691699604,0.0078431372549019,0.2822695035460993,29.84748686100204,18.071667248526406,0.6959913372993469,200,100,705,0.6635095012846903,0.6654438868812893,1779130044727167700,2541,1779130044715086400,215796
coldstart_draem_real_iad_toy_brick,C:\Users\Usuario\Desktop\Thesis\Pipeline\Real-time-visual-defect-detection\data\outputs\Experiment 3\coldstart_draem_real_iad_toy_brick,draem,toy_brick,NVIDIA A100-SXM4-80GB,0.4975901427764782,0.7385874629588216,0.5215525933693635,0.8666666666666667,0.025691699604743,0.0499040307101727,0.2948717948717949,29.83882299856869,16.36552391891341,0.8330691456794739,200,100,702,0.8093945730705651,0.8099015035883711,1779130045518965500,2569,1779130045505602500,221111
coldstart_draem_real_iad_transistor1,C:\Users\Usuario\Desktop\Thesis\Pipeline\Real-time-visual-defect-detection\data\outputs\Experiment 3\coldstart_draem_real_iad_transistor1,draem,transistor1,NVIDIA A100-SXM4-80GB,0.5615494848169864,0.778066305620143,0.5570132504465592,0.95,0.0377733598409542,0.0726577437858508,0.3071428571428571,29.84646306428333,18.088351589643977,0.7295515537261963,200,100,700,0.7209213336712212,0.7217331941037718,1779130045645255800,2558,1779130045639471800,222670
coldstart_draem_real_iad_u_block,C:\Users\Usuario\Desktop\Thesis\Pipeline\Real-time-visual-defect-detection\data\outputs\Experiment 3\coldstart_draem_real_iad_u_block,draem,u_block,NVIDIA A100-SXM4-80GB,0.4491445201961712,0.6851291369266891,0.4623619097491465,0.5294117647058824,0.0180360721442885,0.0348837209302325,0.2865329512893982,29.83876866190461,17.405509802068117,0.6726028919219971,200,100,698,0.6623406730704571,0.6614833382184138,1779130044967013800,2571,1779130044975178600,218239
coldstart_draem_real_iad_usb,C:\Users\Usuario\Desktop\Thesis\Pipeline\Real-time-visual-defect-detection\data\outputs\Experiment 3\coldstart_draem_real_iad_usb,draem,usb,NVIDIA A100-SXM4-80GB,0.0417672136422136,0.5215646496093956,0.276061776061776,0.0,0.0,0.0,0.2591549295774648,29.84631816479136,18.26536178095442,0.8079935908317566,200,100,710,0.8046385993560156,0.8007245799059113,1779130045770024100,2510,1779130045784288100,216947
coldstart_draem_real_iad_usb_adaptor,C:\Users\Usuario\Desktop\Thesis\Pipeline\Real-time-visual-defect-detection\data\outputs\Experiment 3\coldstart_draem_real_iad_usb_adaptor,draem,usb_adaptor,NVIDIA A100-SXM4-80GB,0.3203914647842131,0.6917364644946681,0.4965907267768329,1.0,0.003690036900369,0.0073529411764705,0.2318634423897581,29.84442253769124,16.468919328063876,0.6894865036010742,200,100,703,0.6816815608036444,0.6808656360610384,1779130045446975100,2559,1779130045468010800,223458
coldstart_draem_real_iad_vcpill,C:\Users\Usuario\Desktop\Thesis\Pipeline\Real-time-visual-defect-detection\data\outputs\Experiment 3\coldstart_draem_real_iad_vcpill,draem,vcpill,NVIDIA A100-SXM4-80GB,0.285321513835075,0.6650124596258389,0.3803618253688701,1.0,0.0439121756487025,0.0841300191204589,0.3205673758865248,29.81155027801504,16.991975036465178,0.6780884861946106,200,100,705,0.6648696120463166,0.6631619911231919,1779130044755289300,2548,1779130044766117200,218801
coldstart_draem_real_iad_wooden_beads,C:\Users\Usuario\Desktop\Thesis\Pipeline\Real-time-visual-defect-detection\data\outputs\Experiment 3\coldstart_draem_real_iad_wooden_beads,draem,wooden_beads,NVIDIA A100-SXM4-80GB,0.5594163067661302,0.8557401676139964,0.5184988875801597,0.9375,0.0795053003533568,0.1465798045602606,0.2524964336661912,29.84629780458141,17.388965815682415,0.7040653824806213,200,100,701,0.6978717746558013,0.6988741439559856,1779130045266073900,2562,1779130045258547100,224115
coldstart_draem_real_iad_woodstick,C:\Users\Usuario\Desktop\Thesis\Pipeline\Real-time-visual-defect-detection\data\outputs\Experiment 3\coldstart_draem_real_iad_woodstick,draem,woodstick,NVIDIA A100-SXM4-80GB,0.3257213930348259,0.6091247129077283,0.4145174129353234,0.0,0.0,0.0,0.2867332382310984,29.849868975732523,16.465955819762762,0.628446638584137,200,100,701,0.62252512084904,0.621577936410904,1779130045724098900,2517,1779130045735704300,220202
coldstart_draem_real_iad_zipper,C:\Users\Usuario\Desktop\Thesis\Pipeline\Real-time-visual-defect-detection\data\outputs\Experiment 3\coldstart_draem_real_iad_zipper,draem,zipper,NVIDIA A100-SXM4-80GB,0.4745074626865672,0.705397293271702,0.502049751243781,1.0,0.002,0.0039920159680638,0.2881597717546362,29.819058328080825,16.74627934545227,0.8885236978530884,200,100,701,0.879077980174354,0.878969319820404,1779130045834153200,2532,1779130045824103900,217889
coldstart_padim_real_iad_audiojack,C:\Users\Usuario\Desktop\Thesis\Pipeline\Real-time-visual-defect-detection\data\outputs\Experiment 3\coldstart_padim_real_iad_audiojack,padim,audiojack,NVIDIA L4,0.4684458965133643,0.730786716237403,0.5037532195508163,0.7061855670103093,0.264990328820116,0.3853727144866385,0.3845070422535211,3.597651690136406,32.27910915045452,147.5518798828125,200,100,710,119.99382974693812,117.08750892653916,1779123341901740000,2563,1779123341890741100,222219
coldstart_padim_real_iad_bottle_cap,C:\Users\Usuario\Desktop\Thesis\Pipeline\Real-time-visual-defect-detection\data\outputs\Experiment 3\coldstart_padim_real_iad_bottle_cap,padim,bottle_cap,NVIDIA L4,0.6214938030006523,0.7738474516689171,0.5594677511415526,0.5,0.0019569471624266,0.0038986354775828,0.2731152204836415,3.5279778975800866,32.07876380374134,166.12452697753906,200,100,703,92.05066575606664,96.7253414124192,1779123341390095800,2552,1779123341368886600,221748
coldstart_padim_real_iad_button_battery,C:\Users\Usuario\Desktop\Thesis\Pipeline\Real-time-visual-defect-detection\data\outputs\Experiment 3\coldstart_padim_real_iad_button_battery,padim,button_battery,NVIDIA L4,0.7793808330955175,0.8908826757135333,0.7430161397723309,0.8,0.0154738878143133,0.0303605313092979,0.27,3.4891354585696326,32.75197933686225,136.32044982910156,200,100,700,55.918344883319456,78.07575183772488,1779123341690823800,2545,1779123341670284000,224977
coldstart_padim_real_iad_end_cap,C:\Users\Usuario\Desktop\Thesis\Pipeline\Real-time-visual-defect-detection\data\outputs\Experiment 3\coldstart_padim_real_iad_end_cap,padim,end_cap,NVIDIA L4,0.6869611158072695,0.8222885078692042,0.6740912933220625,0.6875,0.0423076923076923,0.0797101449275362,0.2763532763532763,3.495011500000312,31.582345002211035,139.95147705078125,200,100,702,50.17839432810689,64.30832063601567,1779123334823369200,2549,1779123334809454800,218555
coldstart_padim_real_iad_eraser,C:\Users\Usuario\Desktop\Thesis\Pipeline\Real-time-visual-defect-detection\data\outputs\Experiment 3\coldstart_padim_real_iad_eraser,padim,eraser,NVIDIA L4,0.766844609724888,0.880600986580679,0.6822866682661548,0.8918918918918919,0.0633397312859884,0.1182795698924731,0.3099579242636746,3.546455321173729,33.35794091556576,153.2005615234375,200,100,713,90.2632203300794,118.42099201839396,1779123335683944400,2554,1779123335664486300,219387
coldstart_padim_real_iad_fire_hood,C:\Users\Usuario\Desktop\Thesis\Pipeline\Real-time-visual-defect-detection\data\outputs\Experiment 3\coldstart_padim_real_iad_fire_hood,padim,fire_hood,NVIDIA L4,0.7036543473110637,0.8745332590329099,0.7884733080628603,0.986206896551724,0.2837301587301587,0.4406779661016949,0.4851063829787234,3.63636308368749,26.5483206968986,108.12062072753906,200,100,705,66.9883072601622,93.56914170204648,1779123337529817400,2563,1779123337443519700,220990
coldstart_padim_real_iad_mint,C:\Users\Usuario\Desktop\Thesis\Pipeline\Real-time-visual-defect-detection\data\outputs\Experiment 3\coldstart_padim_real_iad_mint,padim,mint,NVIDIA L4,0.376810421555142,0.939872277684744,0.3655635569220811,0.9722222222222222,0.0481430536451169,0.091743119266055,0.0893561103810775,3.591248517739147,28.45118830043404,122.17424774169922,200,100,761,71.03577187482048,59.627436639190215,1779123335818364900,2555,1779123335884739400,229244
coldstart_padim_real_iad_mounts,C:\Users\Usuario\Desktop\Thesis\Pipeline\Real-time-visual-defect-detection\data\outputs\Experiment 3\coldstart_padim_real_iad_mounts,padim,mounts,NVIDIA L4,0.7005772502433891,0.8721778585880385,0.6569786309236987,0.9838709677419356,0.2387475538160469,0.384251968503937,0.4492957746478873,3.5801748140889864,32.73522289353711,123.43543243408205,200,100,710,77.70261002545381,102.90202875006688,1779123339047189400,2558,1779123339084781700,219462
coldstart_padim_real_iad_pcb,C:\Users\Usuario\Desktop\Thesis\Pipeline\Real-time-visual-defect-detection\data\outputs\Experiment 3\coldstart_padim_real_iad_pcb,padim,pcb,NVIDIA L4,0.7231898368231928,0.8413054548406742,0.6972780113399228,1.0,0.0196463654223968,0.0385356454720616,0.2891737891737891,3.5217496367536074,31.652185199774525,207.8433074951172,200,100,702,87.63055022639932,112.43218872355104,1779123339618008000,2538,1779123339608014400,213770
coldstart_padim_real_iad_phone_battery,C:\Users\Usuario\Desktop\Thesis\Pipeline\Real-time-visual-defect-detection\data\outputs\Experiment 3\coldstart_padim_real_iad_phone_battery,padim,phone_battery,NVIDIA L4,0.5989472682880427,0.8436229154695707,0.5835843612264958,1.0,0.0154738878143133,0.0304761904761904,0.2728571428571428,3.492352462852588,29.66191038851693,200.2038726806641,200,100,700,58.82231162024326,81.27118478476194,1779123338557806100,2556,1779123338544461800,224148
coldstart_padim_real_iad_plastic_nut,C:\Users\Usuario\Desktop\Thesis\Pipeline\Real-time-visual-defect-detection\data\outputs\Experiment 3\coldstart_padim_real_iad_plastic_nut,padim,plastic_nut,NVIDIA L4,0.4379702970297029,0.6777506483917788,0.5868514851485148,0.825,0.066,0.1222222222222222,0.3247863247863248,3.578019514249,30.04396528597677,164.0594940185547,200,100,702,118.78421870316608,119.64014625549316,1779123333769281700,2535,1779123333760281300,222034
coldstart_padim_real_iad_plastic_plug,C:\Users\Usuario\Desktop\Thesis\Pipeline\Real-time-visual-defect-detection\data\outputs\Experiment 3\coldstart_padim_real_iad_plastic_plug,padim,plastic_plug,NVIDIA L4,0.6689872752129562,0.8367378246786252,0.6630034703964665,0.8717948717948718,0.1322957198443579,0.2297297297297297,0.3476394849785407,3.5527727210294966,29.644415229147945,103.70098876953124,200,100,699,55.50373150593526,68.55375123673376,1779123334702666000,2571,1779123334721385000,222786
coldstart_padim_real_iad_porcelain_doll,C:\Users\Usuario\Desktop\Thesis\Pipeline\Real-time-visual-defect-detection\data\outputs\Experiment 3\coldstart_padim_real_iad_porcelain_doll,padim,porcelain_doll,NVIDIA L4,0.4427075075836847,0.7252843408361095,0.4314508883745019,0.7142857142857143,0.0096711798839458,0.0190839694656488,0.2657142857142857,3.5023949285810625,30.66903164028465,183.9019012451172,200,100,700,76.29039994745307,73.50263906954797,1779123335964320800,2573,1779123335949219400,224310
coldstart_padim_real_iad_regulator,C:\Users\Usuario\Desktop\Thesis\Pipeline\Real-time-visual-defect-detection\data\outputs\Experiment 3\coldstart_padim_real_iad_regulator,padim,regulator,NVIDIA L4,0.7990731065443709,0.9160447713072892,0.7982942451333256,0.975177304964539,0.5268199233716475,0.6840796019900497,0.6472222222222223,3.546835251380445,31.432805387043047,75.6427001953125,200,100,720,37.02577304840088,73.99778854983977,1779123337094384000,2558,1779123337111141600,223344
coldstart_padim_real_iad_rolled_strip_base,C:\Users\Usuario\Desktop\Thesis\Pipeline\Real-time-visual-defect-detection\data\outputs\Experiment 3\coldstart_padim_real_iad_rolled_strip_base,padim,rolled_strip_base,NVIDIA L4,0.971245089599351,0.9873074639614818,0.9485706652417848,0.9894179894179894,0.7290448343079922,0.8395061728395061,0.7985915492957747,3.5509561957778586,27.23853226729081,89.30448150634766,200,100,710,51.416243170723696,113.2939273767304,1779123341520972600,2578,1779123341419015300,229750
coldstart_padim_real_iad_sim_card_set,C:\Users\Usuario\Desktop\Thesis\Pipeline\Real-time-visual-defect-detection\data\outputs\Experiment 3\coldstart_padim_real_iad_sim_card_set,padim,sim_card_set,NVIDIA L4,0.8693529786049471,0.9176513045681524,0.8477889127495427,0.9090909090909092,0.0196850393700787,0.0385356454720616,0.2932011331444759,3.505296898012046,26.907587357569422,180.2628936767578,200,100,706,55.202438123298414,95.26276564410352,1779123336722576400,2569,1779123336702912500,223727
coldstart_padim_real_iad_switch,C:\Users\Usuario\Desktop\Thesis\Pipeline\Real-time-visual-defect-detection\data\outputs\Experiment 3\coldstart_padim_real_iad_switch,padim,switch,NVIDIA L4,0.8008868243243243,0.9067308980041022,0.7969604649292149,1.0,0.0154440154440154,0.0304182509505703,0.2816901408450704,3.5624581436576603,32.19546331935222,167.9703369140625,200,100,710,41.353663474321365,73.37350247725557,1779123341339241100,2541,1779123341318892500,218645
coldstart_padim_real_iad_tape,C:\Users\Usuario\Desktop\Thesis\Pipeline\Real-time-visual-defect-detection\data\outputs\Experiment 3\coldstart_padim_real_iad_tape,padim,tape,NVIDIA L4,0.7828942307692307,0.8851291386971658,0.7755336538461538,1.0,0.0403846153846153,0.077634011090573,0.3069444444444444,3.525439854171787,34.38962625224034,152.2131805419922,200,100,720,43.15274264812469,78.54564770918626,1779123339317155300,2536,1779123339335366100,218875
coldstart_padim_real_iad_terminalblock,C:\Users\Usuario\Desktop\Thesis\Pipeline\Real-time-visual-defect-detection\data\outputs\Experiment 3\coldstart_padim_real_iad_terminalblock,padim,terminalblock,NVIDIA L4,0.5230519115346468,0.7852017760870791,0.4933129518103087,0.9264705882352942,0.1204588910133843,0.2131979695431472,0.3450704225352112,3.550002280287796,32.90490211064544,126.42865753173828,200,100,710,92.59332146874088,94.63725296808246,1779123339954234800,2571,1779123340006896700,226394
coldstart_padim_real_iad_toothbrush,C:\Users\Usuario\Desktop\Thesis\Pipeline\Real-time-visual-defect-detection\data\outputs\Experiment 3\coldstart_padim_real_iad_toothbrush,padim,toothbrush,NVIDIA L4,0.3929811507936508,0.7012374730909647,0.4527064732142857,0.8846153846153846,0.044921875,0.0855018587360594,0.2981455064194008,3.574779231097476,30.61331178065351,185.779052734375,200,100,701,135.60275833695025,121.7943882867694,1779123339391479400,2555,1779123339379473600,219999
coldstart_padim_real_iad_toy,C:\Users\Usuario\Desktop\Thesis\Pipeline\Real-time-visual-defect-detection\data\outputs\Experiment 3\coldstart_padim_real_iad_toy,padim,toy,NVIDIA L4,0.6146344370071702,0.7963893045758297,0.5304884104316047,0.8863636363636364,0.0770750988142292,0.1418181818181818,0.3304964539007092,3.5595922482190474,32.17733686793742,126.32823944091795,200,100,705,99.09116104739395,107.47330057196938,1779123340044155200,2550,1779123340057916800,215352
coldstart_padim_real_iad_toy_brick,C:\Users\Usuario\Desktop\Thesis\Pipeline\Real-time-visual-defect-detection\data\outputs\Experiment 3\coldstart_padim_real_iad_toy_brick,padim,toy_brick,NVIDIA L4,0.7290876825038316,0.8527785928131282,0.7023977575219811,0.9117647058823528,0.0612648221343873,0.1148148148148148,0.3190883190883191,3.520771283490214,27.85159418297372,259.94488525390625,200,100,702,92.58419092334049,142.87968215640825,1779123335741259500,2562,1779123335762811800,220592
coldstart_padim_real_iad_transistor1,C:\Users\Usuario\Desktop\Thesis\Pipeline\Real-time-visual-defect-detection\data\outputs\Experiment 3\coldstart_padim_real_iad_transistor1,padim,transistor1,NVIDIA L4,0.6220141082439373,0.8491821898544669,0.5398673946170691,1.0,0.0715705765407554,0.1335807050092764,0.3328571428571428,3.507602982863968,31.98721609961546,215.9686889648437,200,100,700,107.82928885058098,129.62800022906384,1779123334928423800,2552,1779123334910774700,222159
coldstart_padim_real_iad_u_block,C:\Users\Usuario\Desktop\Thesis\Pipeline\Real-time-visual-defect-detection\data\outputs\Experiment 3\coldstart_padim_real_iad_u_block,padim,u_block,NVIDIA L4,0.5571545100250753,0.7644909908618887,0.5500951652047814,0.8928571428571429,0.0501002004008016,0.0948766603415559,0.3166189111747851,3.6033563381034064,30.202714316162105,129.9958038330078,200,100,698,87.87643603224251,91.37185732013954,1779123341743538600,2558,1779123341731052000,216787
coldstart_padim_real_iad_usb,C:\Users\Usuario\Desktop\Thesis\Pipeline\Real-time-visual-defect-detection\data\outputs\Experiment 3\coldstart_padim_real_iad_usb,padim,usb,NVIDIA L4,0.2153314028314028,0.6287142313072087,0.2362250643500643,0.9375,0.0289575289575289,0.0561797752808988,0.2901408450704225,3.5307015535053465,32.57143663879004,223.24313354492188,200,100,710,106.42832823594412,68.90989353665974,1779123341162770800,2542,1779123341150137800,216331
coldstart_padim_real_iad_usb_adaptor,C:\Users\Usuario\Desktop\Thesis\Pipeline\Real-time-visual-defect-detection\data\outputs\Experiment 3\coldstart_padim_real_iad_usb_adaptor,padim,usb_adaptor,NVIDIA L4,0.7905732162911691,0.892994188878802,0.7682038000504229,0.967741935483871,0.055350553505535,0.1047120418848167,0.2702702702702703,3.720016095306153,25.20911057086744,137.5087432861328,200,100,703,46.19660039866193,67.15195913420392,1779123339539183100,2565,1779123339495226000,222128
coldstart_padim_real_iad_vcpill,C:\Users\Usuario\Desktop\Thesis\Pipeline\Real-time-visual-defect-detection\data\outputs\Experiment 3\coldstart_padim_real_iad_vcpill,padim,vcpill,NVIDIA L4,0.6627920629329576,0.7870793511103396,0.6349164416265508,0.8947368421052632,0.0339321357285429,0.0653846153846153,0.3106382978723404,3.553960120569573,29.26462987143219,131.56558227539062,200,100,705,69.17054988823685,80.1244562571634,1779123338620628400,2560,1779123338638936300,218092
coldstart_padim_real_iad_wooden_beads,C:\Users\Usuario\Desktop\Thesis\Pipeline\Real-time-visual-defect-detection\data\outputs\Experiment 3\coldstart_padim_real_iad_wooden_beads,padim,wooden_beads,NVIDIA L4,0.6481481481481481,0.8541060950969648,0.6429197748985734,0.881578947368421,0.2367491166077738,0.3732590529247911,0.3580599144079885,3.6030005007128674,27.50347340070776,115.93215942382812,200,100,701,83.72593064484772,97.19123480766486,1779123340234189500,2567,1779123340145166700,223448
coldstart_padim_real_iad_woodstick,C:\Users\Usuario\Desktop\Thesis\Pipeline\Real-time-visual-defect-detection\data\outputs\Experiment 3\coldstart_padim_real_iad_woodstick,padim,woodstick,NVIDIA L4,0.6162089552238805,0.8217722704124869,0.5859004975124378,0.0,0.0,0.0,0.2867332382310984,3.4863020898466,27.652476758310616,182.9378662109375,200,100,701,63.19835211151275,78.87719023132324,1779123339657024400,2513,1779123339668984100,219525
coldstart_padim_real_iad_zipper,C:\Users\Usuario\Desktop\Thesis\Pipeline\Real-time-visual-defect-detection\data\outputs\Experiment 3\coldstart_padim_real_iad_zipper,padim,zipper,NVIDIA L4,0.6847960199004974,0.8326649261506138,0.6632686567164179,1.0,0.002,0.0039920159680638,0.2881597717546362,3.475649352350461,28.39824303620757,151.43536376953125,200,100,701,62.15399833223713,77.88095441818237,1779123339265936300,2530,1779123339274973800,217220
coldstart_patchcore_real_iad_audiojack,C:\Users\Usuario\Desktop\Thesis\Pipeline\Real-time-visual-defect-detection\data\outputs\Experiment 3\coldstart_patchcore_real_iad_audiojack,patchcore,audiojack,NVIDIA L4,0.7634118719996792,0.8903570919319793,0.7696154578526974,0.9858156028368794,0.2688588007736944,0.4224924012158054,0.4647887323943662,170.60647953097975,4.905695256750082,50.69260787963867,200,100,710,40.23776055370588,48.78208846603187,1779089397216292900,2572,1779089397201729900,222285
coldstart_patchcore_real_iad_bottle_cap,C:\Users\Usuario\Desktop\Thesis\Pipeline\Real-time-visual-defect-detection\data\outputs\Experiment 3\coldstart_patchcore_real_iad_bottle_cap,patchcore,bottle_cap,NVIDIA L4,0.933942840834964,0.9726581486567564,0.8644406392694064,1.0,0.4090019569471624,0.5805555555555556,0.5704125177809388,170.1183205448105,4.874390953364966,39.66305160522461,200,100,703,29.636938055356342,40.7838982695936,1779089398711120900,2557,1779089398726611800,221301
coldstart_patchcore_real_iad_button_battery,C:\Users\Usuario\Desktop\Thesis\Pipeline\Real-time-visual-defect-detection\data\outputs\Experiment 3\coldstart_patchcore_real_iad_button_battery,patchcore,button_battery,NVIDIA L4,0.8574584350656902,0.9487159215515204,0.8311348574690046,0.9914529914529916,0.448742746615087,0.6178428761651131,0.59,170.61165574431865,4.907297085214023,47.0949592590332,200,100,700,36.19598560645933,47.42371449940901,1779089397135537100,2571,1779089397119328800,223813
coldstart_patchcore_real_iad_end_cap,C:\Users\Usuario\Desktop\Thesis\Pipeline\Real-time-visual-defect-detection\data\outputs\Experiment 3\coldstart_patchcore_real_iad_end_cap,patchcore,end_cap,NVIDIA L4,0.7892857142857144,0.8863280164028067,0.7486686390532544,0.9126637554585152,0.4019230769230769,0.5580774365821094,0.5284900284900285,170.76123321935864,4.85462222006989,44.23821258544922,200,100,702,35.52752066182566,43.123730520101695,1779089396124662600,2572,1779089396108882800,218024
coldstart_patchcore_real_iad_eraser,C:\Users\Usuario\Desktop\Thesis\Pipeline\Real-time-visual-defect-detection\data\outputs\Experiment 3\coldstart_patchcore_real_iad_eraser,patchcore,eraser,NVIDIA L4,0.8032129718490083,0.9195657991551308,0.7745121561100448,0.9772727272727272,0.3301343570057581,0.4935437589670015,0.5049088359046283,170.54369770965715,4.890704396880568,44.23219299316406,200,100,713,30.66751976807912,40.15931824301576,1779089396884917400,2566,1779089396736684600,219581
coldstart_patchcore_real_iad_fire_hood,C:\Users\Usuario\Desktop\Thesis\Pipeline\Real-time-visual-defect-detection\data\outputs\Experiment 3\coldstart_patchcore_real_iad_fire_hood,patchcore,fire_hood,NVIDIA L4,0.7693575771933983,0.902746474822181,0.7258153676064124,0.9825581395348836,0.3353174603174603,0.5,0.5205673758865248,170.3887483375409,4.71280154186955,47.94219970703125,200,100,705,35.93513080729774,44.418991247812905,1779089397982028300,2557,1779089398035047300,220637
coldstart_patchcore_real_iad_mint,C:\Users\Usuario\Desktop\Thesis\Pipeline\Real-time-visual-defect-detection\data\outputs\Experiment 3\coldstart_patchcore_real_iad_mint,patchcore,mint,NVIDIA L4,0.6305121773606278,0.9731903507515992,0.5949510478194029,0.9891304347826086,0.1251719394773039,0.2222222222222222,0.1629434954007884,170.57616191855368,4.8274741483178,46.539794921875,200,100,761,35.80081417981316,38.58168138664068,1779089396079433300,2560,1779089396019325000,227152
coldstart_patchcore_real_iad_mounts,C:\Users\Usuario\Desktop\Thesis\Pipeline\Real-time-visual-defect-detection\data\outputs\Experiment 3\coldstart_patchcore_real_iad_mounts,patchcore,mounts,NVIDIA L4,0.8678913156781953,0.9510443274035276,0.8572461131489149,1.0,0.4520547945205479,0.6226415094339622,0.6056338028169014,170.4438231450874,4.911117658127434,49.18559646606445,200,100,710,31.947801388687825,48.97648872181394,1779089398303107900,2554,1779089398397961800,218798
coldstart_patchcore_real_iad_pcb,C:\Users\Usuario\Desktop\Thesis\Pipeline\Real-time-visual-defect-detection\data\outputs\Experiment 3\coldstart_patchcore_real_iad_pcb,patchcore,pcb,NVIDIA L4,0.8876492563901585,0.9487658765971004,0.8472215153150036,0.99375,0.31237721021611,0.4753363228699551,0.5,170.96308351846997,4.8346305805322665,49.37003707885742,200,100,702,34.16725127066973,45.25501908113071,1779089398941466400,2536,1779089399008977200,213968
coldstart_patchcore_real_iad_phone_battery,C:\Users\Usuario\Desktop\Thesis\Pipeline\Real-time-visual-defect-detection\data\outputs\Experiment 3\coldstart_patchcore_real_iad_phone_battery,patchcore,phone_battery,NVIDIA L4,0.907103825136612,0.9606465101671968,0.8863557091670102,0.9808612440191388,0.3965183752417795,0.5647382920110193,0.5485714285714286,170.71765023570282,4.785019281154836,48.15558242797852,200,100,700,33.421107141046576,47.4156979426194,1779089398500503400,2587,1779089398521334200,224272
coldstart_patchcore_real_iad_plastic_nut,C:\Users\Usuario\Desktop\Thesis\Pipeline\Real-time-visual-defect-detection\data\outputs\Experiment 3\coldstart_patchcore_real_iad_plastic_nut,patchcore,plastic_nut,NVIDIA L4,0.4455544554455445,0.7219727715396836,0.4519356435643564,0.6061946902654868,0.274,0.3774104683195592,0.3561253561253561,170.88354206982248,4.831384715314411,41.84079360961914,200,100,702,39.616357359555685,40.14738202667236,1779089397026199200,2566,1779089396983811900,221981
coldstart_patchcore_real_iad_plastic_plug,C:\Users\Usuario\Desktop\Thesis\Pipeline\Real-time-visual-defect-detection\data\outputs\Experiment 3\coldstart_patchcore_real_iad_plastic_plug,patchcore,plastic_plug,NVIDIA L4,0.8338100746661059,0.9407135112110252,0.8070617309916921,1.0,0.3638132295719844,0.5335235378031383,0.5321888412017167,170.73788265093307,4.786659131014742,47.97327423095703,200,100,699,33.417802253929345,44.97119413739512,1779089396424717300,2567,1779089396551412500,222353
coldstart_patchcore_real_iad_porcelain_doll,C:\Users\Usuario\Desktop\Thesis\Pipeline\Real-time-visual-defect-detection\data\outputs\Experiment 3\coldstart_patchcore_real_iad_porcelain_doll,patchcore,porcelain_doll,NVIDIA L4,0.7216074240838803,0.8876732100602854,0.6790172390102631,0.9666666666666668,0.2243713733075435,0.3642072213500785,0.4214285714285714,170.90832460866554,4.828278719754247,42.84684753417969,200,100,700,33.687005287962535,38.50477282083242,1779089396276274100,2588,1779089396361557400,224553
coldstart_patchcore_real_iad_regulator,C:\Users\Usuario\Desktop\Thesis\Pipeline\Real-time-visual-defect-detection\data\outputs\Experiment 3\coldstart_patchcore_real_iad_regulator,patchcore,regulator,NVIDIA L4,0.7747107086187546,0.907559009405864,0.6925674368203104,1.0,0.0440613026819923,0.0844036697247706,0.3069444444444444,170.7429801792235,4.898173000354015,43.45914840698242,200,100,720,31.57985116014577,36.05371757668097,1779089396661257800,2562,1779089396644410000,224192
coldstart_patchcore_real_iad_rolled_strip_base,C:\Users\Usuario\Desktop\Thesis\Pipeline\Real-time-visual-defect-detection\data\outputs\Experiment 3\coldstart_patchcore_real_iad_rolled_strip_base,patchcore,rolled_strip_base,NVIDIA L4,0.9899862459306756,0.9960773715485354,0.9822186600172174,0.9953271028037384,0.8304093567251462,0.9054197662061636,0.8746478873239436,170.88634423512624,4.756336917221002,50.17784881591797,200,100,710,32.87905606884642,56.62382485759653,1779089397359432600,2590,1779089397515125900,229923
coldstart_patchcore_real_iad_sim_card_set,C:\Users\Usuario\Desktop\Thesis\Pipeline\Real-time-visual-defect-detection\data\outputs\Experiment 3\coldstart_patchcore_real_iad_sim_card_set,patchcore,sim_card_set,NVIDIA L4,0.9613755666905276,0.9826617075539636,0.9294321164399904,0.9877300613496932,0.6338582677165354,0.7721822541966428,0.7308781869688386,170.76864331018638,4.685367344679738,46.007286071777344,200,100,706,33.362297645722975,51.193932405606965,1779089397800032500,2584,1779089397867490000,224611
coldstart_patchcore_real_iad_switch,C:\Users\Usuario\Desktop\Thesis\Pipeline\Real-time-visual-defect-detection\data\outputs\Experiment 3\coldstart_patchcore_real_iad_switch,patchcore,switch,NVIDIA L4,0.9287524131274132,0.9756984834474716,0.9219654922779924,0.9675174013921114,0.805019305019305,0.8788198103266597,0.8380281690140845,169.11539207176247,4.890121319554899,39.66814804077149,200,100,710,33.50721172491709,49.9327276480244,1779123338767068200,2570,1779123338719101300,219474
coldstart_patchcore_real_iad_tape,C:\Users\Usuario\Desktop\Thesis\Pipeline\Real-time-visual-defect-detection\data\outputs\Experiment 3\coldstart_patchcore_real_iad_tape,patchcore,tape,NVIDIA L4,0.8132019230769232,0.9274491844853928,0.7965096153846154,0.9948979591836736,0.375,0.5446927374301676,0.5472222222222223,168.69934890972016,4.966922077912599,40.78570556640625,200,100,720,26.58919028282165,38.349915372408354,1779123341202871400,2553,1779123341261857400,219234
coldstart_patchcore_real_iad_terminalblock,C:\Users\Usuario\Desktop\Thesis\Pipeline\Real-time-visual-defect-detection\data\outputs\Experiment 3\coldstart_patchcore_real_iad_terminalblock,patchcore,terminalblock,NVIDIA A100-SXM4-80GB,0.8875471620944572,0.9627073903970914,0.870338749092545,0.9835164835164836,0.6845124282982792,0.8072153325817362,0.7591549295774648,75.64718325070272,9.810976435591932,38.76616668701172,200,100,710,29.85519475477902,47.261250034572974,1779123334310281900,2593,1779123334297642300,225313
coldstart_patchcore_real_iad_toothbrush,C:\Users\Usuario\Desktop\Thesis\Pipeline\Real-time-visual-defect-detection\data\outputs\Experiment 3\coldstart_patchcore_real_iad_toothbrush,patchcore,toothbrush,NVIDIA A100-SXM4-80GB,0.9439380787037038,0.9802873994392636,0.8993210565476191,1.0,0.0390625,0.075187969924812,0.2981455064194008,75.84778907275255,9.714928868029224,68.4300765991211,200,100,701,41.63387080601284,55.9832204952836,1779123333569393000,2561,1779123333567397600,219317
coldstart_patchcore_real_iad_toy,C:\Users\Usuario\Desktop\Thesis\Pipeline\Real-time-visual-defect-detection\data\outputs\Experiment 3\coldstart_patchcore_real_iad_toy,patchcore,toy,NVIDIA A100-SXM4-80GB,0.9303732099231334,0.966964316623201,0.84421613998848,1.0,0.1581027667984189,0.273037542662116,0.3957446808510638,76.0141215758874,9.747936172791878,46.49476623535156,200,100,705,33.557335494151666,41.89195739987339,1779123334523411800,2555,1779123334573420700,213932
coldstart_patchcore_real_iad_toy_brick,C:\Users\Usuario\Desktop\Thesis\Pipeline\Real-time-visual-defect-detection\data\outputs\Experiment 3\coldstart_patchcore_real_iad_toy_brick,patchcore,toy_brick,NVIDIA A100-SXM4-80GB,0.7159494232475598,0.8873326627532246,0.6823626683875131,1.0,0.2845849802371542,0.4430769230769231,0.4843304843304843,75.87161186610072,9.087478513283132,54.42094802856445,200,100,702,42.478648224655466,48.985016758734055,1779123339755911600,2571,1779123339709416500,219250
coldstart_patchcore_real_iad_transistor1,C:\Users\Usuario\Desktop\Thesis\Pipeline\Real-time-visual-defect-detection\data\outputs\Experiment 3\coldstart_patchcore_real_iad_transistor1,patchcore,transistor1,NVIDIA A100-SXM4-80GB,0.9045321976768828,0.9571531650037066,0.8610822375392316,1.0,0.1093439363817097,0.1971326164874552,0.36,75.90400081571651,9.778092055229653,55.567230224609375,200,100,700,38.29451434140278,47.39359535990842,1779123334244658100,2562,1779123334153112100,221506
coldstart_patchcore_real_iad_u_block,C:\Users\Usuario\Desktop\Thesis\Pipeline\Real-time-visual-defect-detection\data\outputs\Experiment 3\coldstart_patchcore_real_iad_u_block,patchcore,u_block,NVIDIA A100-SXM4-80GB,0.6848571514889075,0.8568416351833179,0.7237087239806246,1.0,0.1122244488977955,0.2018018018018018,0.3653295128939828,75.86138958595261,9.608438631259736,46.551876068115234,200,100,698,34.717849645183314,39.21631195741092,1779123334632041100,2568,1779123334650560200,217113
coldstart_patchcore_real_iad_usb,C:\Users\Usuario\Desktop\Thesis\Pipeline\Real-time-visual-defect-detection\data\outputs\Experiment 3\coldstart_patchcore_real_iad_usb,patchcore,usb,NVIDIA A100-SXM4-80GB,0.8530204311454312,0.9477835616306992,0.8321519063706564,1.0,0.4884169884169884,0.6562905317769131,0.6267605633802817,76.03761224365931,9.656382167639707,45.91999816894531,200,100,710,30.5153325299422,45.051930213987134,1779123335257274300,2560,1779123335021350500,215141
coldstart_patchcore_real_iad_usb_adaptor,C:\Users\Usuario\Desktop\Thesis\Pipeline\Real-time-visual-defect-detection\data\outputs\Experiment 3\coldstart_patchcore_real_iad_usb_adaptor,patchcore,usb_adaptor,NVIDIA A100-SXM4-80GB,0.8626320735257041,0.9447338400577456,0.8132635053058606,0.9611650485436892,0.3653136531365313,0.5294117647058824,0.4992887624466572,75.86641278804908,8.84862772749455,40.41152572631836,200,100,703,32.977964377551345,41.05961022605755,1779123333895451600,2589,1779123333817279300,221651
coldstart_patchcore_real_iad_vcpill,C:\Users\Usuario\Desktop\Thesis\Pipeline\Real-time-visual-defect-detection\data\outputs\Experiment 3\coldstart_patchcore_real_iad_vcpill,patchcore,vcpill,NVIDIA A100-SXM4-80GB,0.5652224961841024,0.793237031952643,0.5581777621228132,0.9661016949152542,0.1137724550898203,0.2035714285714285,0.3673758865248226,76.09479360992786,9.37752788647524,52.047813415527344,200,100,705,38.22842539992987,41.18519999643048,1779123333619381100,2581,1779123333634138700,217646
coldstart_patchcore_real_iad_wooden_beads,C:\Users\Usuario\Desktop\Thesis\Pipeline\Real-time-visual-defect-detection\data\outputs\Experiment 3\coldstart_patchcore_real_iad_wooden_beads,patchcore,wooden_beads,NVIDIA A100-SXM4-80GB,0.776455961261615,0.9389079079166416,0.7465318675566025,0.9935483870967742,0.2720848056537102,0.4271844660194174,0.4108416547788873,75.78366427675424,9.354158007840269,49.0988883972168,200,100,701,37.73900577403881,44.99719543928813,1779123333381083500,2590,1779123333469387400,221564
coldstart_patchcore_real_iad_woodstick,C:\Users\Usuario\Desktop\Thesis\Pipeline\Real-time-visual-defect-detection\data\outputs\Experiment 3\coldstart_patchcore_real_iad_woodstick,patchcore,woodstick,NVIDIA A100-SXM4-80GB,0.6140099502487563,0.8164697243493674,0.5665223880597015,0.9418604651162792,0.162,0.2764505119453925,0.3951497860199714,75.87188078601825,9.113168278498062,50.91611099243164,200,100,701,41.15433921624179,44.12162182617188,1779123337268770600,2572,1779123337213127800,219028
coldstart_patchcore_real_iad_zipper,C:\Users\Usuario\Desktop\Thesis\Pipeline\Real-time-visual-defect-detection\data\outputs\Experiment 3\coldstart_patchcore_real_iad_zipper,patchcore,zipper,NVIDIA A100-SXM4-80GB,0.9897910447761196,0.995877442232139,0.968955223880597,1.0,0.49,0.6577181208053691,0.6362339514978602,75.75005308701904,9.224466247666369,48.1828498840332,200,100,701,32.49194942303558,47.56580401611328,1779123336507822700,2547,1779123336529317200,215407
coldstart_rd4ad_real_iad_audiojack,C:\Users\Usuario\Desktop\Thesis\Pipeline\Real-time-visual-defect-detection\data\outputs\Experiment 3\coldstart_rd4ad_real_iad_audiojack,rd4ad,audiojack,NVIDIA L4,0.5822651607019372,0.7700011228116704,0.569667571982642,0.7547169811320755,0.0773694390715667,0.1403508771929824,0.3098591549295774,16.973150557754398,23.93198359300856,0.0912783741950988,200,100,710,0.0693836329321478,0.0708089630611284,1779011892539564200,2571,1779011892484706100,225035
coldstart_rd4ad_real_iad_bottle_cap,C:\Users\Usuario\Desktop\Thesis\Pipeline\Real-time-visual-defect-detection\data\outputs\Experiment 3\coldstart_rd4ad_real_iad_bottle_cap,rd4ad,bottle_cap,NVIDIA L4,0.7721991193737769,0.8720712727339692,0.759815313111546,0.9166666666666666,0.0215264187866927,0.0420650095602294,0.2873399715504978,16.993987280237246,23.704333526983543,0.090257778763771,200,100,703,0.0471836763123671,0.0560444947368594,1779011891309950300,2577,1779011891324871800,224125
coldstart_rd4ad_real_iad_button_battery,C:\Users\Usuario\Desktop\Thesis\Pipeline\Real-time-visual-defect-detection\data\outputs\Experiment 3\coldstart_rd4ad_real_iad_button_battery,rd4ad,button_battery,NVIDIA L4,0.9212142351312216,0.9560730166821162,0.912816691505216,1.0,0.0444874274661508,0.0851851851851851,0.2942857142857142,17.04329566571037,23.727675423164765,0.0963122546672821,200,100,700,0.0573677853808377,0.072989966237568,1779011892327691200,2566,1779011892314224200,226573
coldstart_rd4ad_real_iad_end_cap,C:\Users\Usuario\Desktop\Thesis\Pipeline\Real-time-visual-defect-detection\data\outputs\Experiment 3\coldstart_rd4ad_real_iad_end_cap,rd4ad,end_cap,NVIDIA L4,0.6797020287404902,0.8474756183833803,0.6746777261200338,0.9411764705882352,0.0615384615384615,0.1155234657039711,0.301994301994302,17.197976512848474,22.99574664740903,0.109923280775547,200,100,702,0.0647425309110146,0.0748476302251219,1779011893487712000,2567,1779011893481186800,220794
coldstart_rd4ad_real_iad_eraser,C:\Users\Usuario\Desktop\Thesis\Pipeline\Real-time-visual-defect-detection\data\outputs\Experiment 3\coldstart_rd4ad_real_iad_eraser,rd4ad,eraser,NVIDIA L4,0.5987683941138835,0.8123113951959446,0.6092000559820857,0.9102564102564102,0.1362763915547025,0.2370617696160267,0.3590462833099579,17.052841917257656,24.157659831643645,0.0626886934041976,200,100,713,0.0548743084849168,0.0571128447502565,1779011892206451800,2566,1779011892194351100,222444
coldstart_rd4ad_real_iad_fire_hood,C:\Users\Usuario\Desktop\Thesis\Pipeline\Real-time-visual-defect-detection\data\outputs\Experiment 3\coldstart_rd4ad_real_iad_fire_hood,rd4ad,fire_hood,NVIDIA L4,0.6769327963357814,0.8465340685321038,0.6664840480138987,0.9647058823529412,0.1626984126984127,0.2784380305602716,0.3971631205673759,17.11332377446447,21.188615387259222,0.0753087028861045,200,100,705,0.0506992210166074,0.0590136436568129,1779011893230437200,2571,1779011893277620300,223546
coldstart_rd4ad_real_iad_mint,C:\Users\Usuario\Desktop\Thesis\Pipeline\Real-time-visual-defect-detection\data\outputs\Experiment 3\coldstart_rd4ad_real_iad_mint,rd4ad,mint,NVIDIA L4,0.529007201229873,0.9628629776747536,0.5312525285217251,0.9791666666666666,0.0646492434662998,0.1212903225806451,0.1051248357424441,17.012857802873683,21.98670016867791,0.0595033466815948,200,100,761,0.0448322155896355,0.0460323689830844,1779011893192323700,2563,1779011893178649900,231934
coldstart_rd4ad_real_iad_mounts,C:\Users\Usuario\Desktop\Thesis\Pipeline\Real-time-visual-defect-detection\data\outputs\Experiment 3\coldstart_rd4ad_real_iad_mounts,rd4ad,mounts,NVIDIA L4,0.7275123169664368,0.8829030214813032,0.7338404350519722,0.9,0.4227005870841487,0.5752330226364847,0.5507042253521127,16.941625409845713,23.758524729960616,0.0647177472710609,200,100,710,0.052335281505357,0.0625032303880338,1779011892027485500,2552,1779011892044659200,221635
coldstart_rd4ad_real_iad_pcb,C:\Users\Usuario\Desktop\Thesis\Pipeline\Real-time-visual-defect-detection\data\outputs\Experiment 3\coldstart_rd4ad_real_iad_pcb,rd4ad,pcb,NVIDIA L4,0.733196249885481,0.851145725782873,0.7045003410120423,1.0,0.037328094302554,0.0719696969696969,0.301994301994302,17.175701813375728,22.571786868927287,0.1103248372673988,200,100,702,0.0692673295813521,0.0761109147520922,1779011893356529600,2544,1779011893353514200,216620
coldstart_rd4ad_real_iad_phone_battery,C:\Users\Usuario\Desktop\Thesis\Pipeline\Real-time-visual-defect-detection\data\outputs\Experiment 3\coldstart_rd4ad_real_iad_phone_battery,rd4ad,phone_battery,NVIDIA L4,0.4202788259293317,0.7663292390155281,0.4524262506473877,0.9555555555555556,0.1663442940038684,0.2833607907742998,0.3785714285714285,17.104103460007018,21.878410344387973,0.066615991294384,200,100,700,0.0569599977404367,0.0570867713432708,1779011892260349800,2579,1779011892246015600,225042
coldstart_rd4ad_real_iad_plastic_nut,C:\Users\Usuario\Desktop\Thesis\Pipeline\Real-time-visual-defect-detection\data\outputs\Experiment 3\coldstart_rd4ad_real_iad_plastic_nut,rd4ad,plastic_nut,NVIDIA L4,0.8762970297029703,0.9322721267001802,0.8508663366336634,0.926829268292683,0.076,0.1404805914972273,0.3376068376068376,17.070122488571556,22.495946448199152,0.1068688854575157,200,100,702,0.0787964516900258,0.1015176879912614,1779011893121227900,2563,1779011893136430200,224649
coldstart_rd4ad_real_iad_plastic_plug,C:\Users\Usuario\Desktop\Thesis\Pipeline\Real-time-visual-defect-detection\data\outputs\Experiment 3\coldstart_rd4ad_real_iad_plastic_plug,rd4ad,plastic_plug,NVIDIA L4,0.6855189820170365,0.865656142416678,0.6799978967294142,0.9705882352941176,0.0642023346303501,0.1204379562043795,0.3104434907010014,17.084996689566122,21.49763821023238,0.0674792304635047,200,100,699,0.0447125148128818,0.0503695360330524,1779011892702704700,2576,1779011892720426800,225216
coldstart_rd4ad_real_iad_porcelain_doll,C:\Users\Usuario\Desktop\Thesis\Pipeline\Real-time-visual-defect-detection\data\outputs\Experiment 3\coldstart_rd4ad_real_iad_porcelain_doll,rd4ad,porcelain_doll,NVIDIA L4,0.6588345963999958,0.8646614477286384,0.6548287197048969,0.9827586206896552,0.1102514506769826,0.1982608695652173,0.3414285714285714,16.964441549971525,22.21878239144847,0.0711436867713928,200,100,700,0.0427201086543296,0.0506609910216391,1779011891925073300,2580,1779011891917822300,227463
coldstart_rd4ad_real_iad_regulator,C:\Users\Usuario\Desktop\Thesis\Pipeline\Real-time-visual-defect-detection\data\outputs\Experiment 3\coldstart_rd4ad_real_iad_regulator,rd4ad,regulator,NVIDIA L4,0.5661983822903364,0.7572595346886315,0.5746400789504238,0.7222222222222222,0.0249042145593869,0.0481481481481481,0.2861111111111111,17.06920232221339,23.195063546785423,0.0741575881838798,200,100,720,0.0684252263545387,0.0690463565404159,1779011891868646300,2572,1779011891851806100,226800
coldstart_rd4ad_real_iad_rolled_strip_base,C:\Users\Usuario\Desktop\Thesis\Pipeline\Real-time-visual-defect-detection\data\outputs\Experiment 3\coldstart_rd4ad_real_iad_rolled_strip_base,rd4ad,rolled_strip_base,NVIDIA L4,0.9323378949347424,0.9692287573012608,0.9233928023668874,0.9764150943396226,0.4035087719298245,0.5710344827586207,0.5619718309859155,16.977765736618508,21.95292061852357,0.0723283216357231,200,100,710,0.046550287737459,0.0745591563744503,1779011891361063300,2591,1779011891374773300,232716
coldstart_rd4ad_real_iad_sim_card_set,C:\Users\Usuario\Desktop\Thesis\Pipeline\Real-time-visual-defect-detection\data\outputs\Experiment 3\coldstart_rd4ad_real_iad_sim_card_set,rd4ad,sim_card_set,NVIDIA L4,0.8763421617752327,0.9509185405473302,0.8490266841644795,0.9894179894179894,0.3681102362204724,0.5365853658536585,0.5424929178470255,17.00029862749093,19.443026838103748,0.0694330036640167,200,100,706,0.0549055791149536,0.0673126416852859,1779011891483251900,2579,1779011891495824100,226780
coldstart_rd4ad_real_iad_switch,C:\Users\Usuario\Desktop\Thesis\Pipeline\Real-time-visual-defect-detection\data\outputs\Experiment 3\coldstart_rd4ad_real_iad_switch,rd4ad,switch,NVIDIA L4,0.7020491473616474,0.8824127219697013,0.6966899935649936,1.0,0.2567567567567567,0.4086021505376344,0.4577464788732394,16.98970964226249,23.334327912063173,0.0744571834802627,200,100,710,0.0614181255223229,0.0690427406989469,1779011892383517300,2554,1779011892372509500,221581
coldstart_rd4ad_real_iad_tape,C:\Users\Usuario\Desktop\Thesis\Pipeline\Real-time-visual-defect-detection\data\outputs\Experiment 3\coldstart_rd4ad_real_iad_tape,rd4ad,tape,NVIDIA L4,0.6993750000000001,0.8766023910707914,0.6933653846153847,0.9919354838709676,0.2365384615384615,0.3819875776397515,0.4472222222222222,17.090899847212565,24.253664334491457,0.0704082250595092,200,100,720,0.0497817915678024,0.0603806685154827,1779011891782637300,2566,1779011891742674300,221948
coldstart_rd4ad_real_iad_terminalblock,C:\Users\Usuario\Desktop\Thesis\Pipeline\Real-time-visual-defect-detection\data\outputs\Experiment 3\coldstart_rd4ad_real_iad_terminalblock,rd4ad,terminalblock,NVIDIA L4,0.7295937669348984,0.8723473679217186,0.7246449422807538,0.8941176470588236,0.2906309751434034,0.4386724386724387,0.452112676056338,17.112519467604805,23.347377508180344,0.0652924105525016,200,100,710,0.0555186829265744,0.0638168526539155,1779011891665820600,2584,1779011891679917400,228734
coldstart_rd4ad_real_iad_toothbrush,C:\Users\Usuario\Desktop\Thesis\Pipeline\Real-time-visual-defect-detection\data\outputs\Experiment 3\coldstart_rd4ad_real_iad_toothbrush,rd4ad,toothbrush,NVIDIA L4,0.775607638888889,0.9096259973344109,0.7674851190476191,1.0,0.087890625,0.1615798922800718,0.3338088445078459,17.01092534378051,23.00889207446216,0.0895402580499649,200,100,701,0.0651957006563269,0.0751326785029959,1779011891422573100,2546,1779011891437857200,222748
coldstart_rd4ad_real_iad_toy,C:\Users\Usuario\Desktop\Thesis\Pipeline\Real-time-visual-defect-detection\data\outputs\Experiment 3\coldstart_rd4ad_real_iad_toy,rd4ad,toy,NVIDIA L4,0.6653027985778697,0.8258781840802916,0.6453611933183705,0.9411764705882352,0.0316205533596837,0.0611854684512428,0.3035460992907801,17.09055175318531,22.94159504438313,0.0886588916182518,200,100,705,0.0747771256008938,0.0778213549596754,1779011893403307600,2559,1779011893420429000,216627
coldstart_rd4ad_real_iad_toy_brick,C:\Users\Usuario\Desktop\Thesis\Pipeline\Real-time-visual-defect-detection\data\outputs\Experiment 3\coldstart_rd4ad_real_iad_toy_brick,rd4ad,toy_brick,NVIDIA L4,0.6680648544002581,0.8524992436059331,0.6581128498830362,1.0,0.0019762845849802,0.0039447731755424,0.2806267806267806,16.93118851848951,21.147987126722924,0.0978742539882659,200,100,702,0.0472937169275721,0.0544978255413384,1779011892142565200,2559,1779011892158101000,222845
coldstart_rd4ad_real_iad_transistor1,C:\Users\Usuario\Desktop\Thesis\Pipeline\Real-time-visual-defect-detection\data\outputs\Experiment 3\coldstart_rd4ad_real_iad_transistor1,rd4ad,transistor1,NVIDIA L4,0.4091592576520572,0.7440962358709848,0.4099766880947815,0.7777777777777778,0.0139165009940357,0.02734375,0.2885714285714286,17.105298317124575,23.33265029799481,0.1018783673644065,200,100,700,0.0704859499512287,0.0686405993420371,1779031138011710000,2567,1779031137998292900,224255
coldstart_rd4ad_real_iad_u_block,C:\Users\Usuario\Desktop\Thesis\Pipeline\Real-time-visual-defect-detection\data\outputs\Experiment 3\coldstart_rd4ad_real_iad_u_block,rd4ad,u_block,NVIDIA L4,0.6547164681121036,0.8389701462307044,0.646327831542482,1.0,0.0841683366733467,0.155268022181146,0.3452722063037249,17.04791046990703,22.442056939836643,0.0608414262533187,200,100,698,0.0391234312225226,0.0442803803278891,1779031151316411700,2551,1779031151340609300,219965
coldstart_rd4ad_real_iad_usb,C:\Users\Usuario\Desktop\Thesis\Pipeline\Real-time-visual-defect-detection\data\outputs\Experiment 3\coldstart_rd4ad_real_iad_usb,rd4ad,usb,NVIDIA L4,0.6475426319176318,0.825747540103532,0.6225617358429858,0.9583333333333334,0.1776061776061776,0.2996742671009772,0.3943661971830985,17.10258865916817,22.816911042410297,0.0735415667295456,200,100,710,0.0604194247862324,0.0650279695045879,1779031145928400300,2556,1779031145997156500,217880
coldstart_rd4ad_real_iad_usb_adaptor,C:\Users\Usuario\Desktop\Thesis\Pipeline\Real-time-visual-defect-detection\data\outputs\Experiment 3\coldstart_rd4ad_real_iad_usb_adaptor,rd4ad,usb_adaptor,NVIDIA L4,0.654866952396232,0.8692954270162976,0.640255781439802,0.9772727272727272,0.1586715867158671,0.2730158730158729,0.3485064011379801,16.95097737412774,19.64902188831516,0.0604278668761253,200,100,703,0.0496321246722099,0.0534888796123411,1779031150557309200,2575,1779031150489559600,225978
coldstart_rd4ad_real_iad_vcpill,C:\Users\Usuario\Desktop\Thesis\Pipeline\Real-time-visual-defect-detection\data\outputs\Experiment 3\coldstart_rd4ad_real_iad_vcpill,rd4ad,vcpill,NVIDIA L4,0.8465813471097021,0.910141779844732,0.8276535164964189,0.9342105263157896,0.1417165668662674,0.2461005199306758,0.3829787234042553,17.028617615600112,21.06825863318693,0.0589410103857517,200,100,705,0.0408333419712589,0.0502041603053758,1779031145753298900,2569,1779031145822177500,221266
coldstart_rd4ad_real_iad_wooden_beads,C:\Users\Usuario\Desktop\Thesis\Pipeline\Real-time-visual-defect-detection\data\outputs\Experiment 3\coldstart_rd4ad_real_iad_wooden_beads,rd4ad,wooden_beads,NVIDIA L4,0.7235178641539066,0.9015633749739342,0.7210639968590499,0.9420289855072465,0.1148409893992932,0.2047244094488189,0.2796005706134094,17.0329582182598,21.929257123970288,0.0593103431165218,200,100,701,0.0372181589680689,0.0446234619797803,1779031138787021700,2579,1779031138738769900,226582
coldstart_rd4ad_real_iad_woodstick,C:\Users\Usuario\Desktop\Thesis\Pipeline\Real-time-visual-defect-detection\data\outputs\Experiment 3\coldstart_rd4ad_real_iad_woodstick,rd4ad,woodstick,NVIDIA L4,0.7157014925373134,0.8511060269464386,0.704547263681592,1.0,0.042,0.0806142034548944,0.3166904422253923,17.048540634804496,20.60468370388441,0.0550321489572525,200,100,701,0.0333796065319236,0.0387533894106745,1779031146602241400,2541,1779031146542344300,222050
coldstart_rd4ad_real_iad_zipper,C:\Users\Usuario\Desktop\Thesis\Pipeline\Real-time-visual-defect-detection\data\outputs\Experiment 3\coldstart_rd4ad_real_iad_zipper,rd4ad,zipper,NVIDIA L4,0.8954825870646766,0.9554338573104338,0.8805174129353234,0.9915254237288136,0.468,0.6358695652173914,0.6176890156918687,17.0533325292526,19.674375931583054,0.0614983178675174,200,100,701,0.0450704173365635,0.0620382410883903,1779031142592716900,2551,1779031142554793200,219599
coldstart_stfpm_real_iad_audiojack,C:\Users\Usuario\Desktop\Thesis\Pipeline\Real-time-visual-defect-detection\data\outputs\Experiment 3\coldstart_stfpm_real_iad_audiojack,stfpm,audiojack,NVIDIA L4,0.63793708221004,0.799014417112907,0.630981850252052,0.8,0.0154738878143133,0.0303605313092979,0.2802816901408451,5.9907418112649,34.04113778199479,0.145822674036026,200,100,710,0.115177112462607,0.1206115302080342,1779031138959303800,2540,1779031138939131000,223042
coldstart_stfpm_real_iad_bottle_cap,C:\Users\Usuario\Desktop\Thesis\Pipeline\Real-time-visual-defect-detection\data\outputs\Experiment 3\coldstart_stfpm_real_iad_bottle_cap,stfpm,bottle_cap,NVIDIA L4,0.6592261904761905,0.8247219671765077,0.645165728962818,0.8666666666666667,0.0254403131115459,0.0494296577946768,0.2887624466571835,5.964016072549083,33.33893371617769,0.1262356638908386,200,100,703,0.0844503817885803,0.0906680503572153,1779031137873238500,2565,1779031137889218200,223419
coldstart_stfpm_real_iad_button_battery,C:\Users\Usuario\Desktop\Thesis\Pipeline\Real-time-visual-defect-detection\data\outputs\Experiment 3\coldstart_stfpm_real_iad_button_battery,stfpm,button_battery,NVIDIA L4,0.4627791694411855,0.7190815563468841,0.4520827387935863,0.625,0.0096711798839458,0.019047619047619,0.2642857142857143,5.890280131437261,33.46408126593861,0.1813794374465942,200,100,700,0.1482256850013967,0.1465275795766417,1779031147491047700,2560,1779031147452112300,226632
coldstart_stfpm_real_iad_end_cap,C:\Users\Usuario\Desktop\Thesis\Pipeline\Real-time-visual-defect-detection\data\outputs\Experiment 3\coldstart_stfpm_real_iad_end_cap,stfpm,end_cap,NVIDIA L4,0.4918110735418428,0.7496765545072064,0.497654268808115,0.6923076923076923,0.0173076923076923,0.0337711069418386,0.2663817663817663,5.98375312535785,32.56840862299052,0.1860992461442947,200,100,702,0.142396414140751,0.1423600033785288,1779031138600625900,2559,1779031138648171800,220037
coldstart_stfpm_real_iad_eraser,C:\Users\Usuario\Desktop\Thesis\Pipeline\Real-time-visual-defect-detection\data\outputs\Experiment 3\coldstart_stfpm_real_iad_eraser,stfpm,eraser,NVIDIA L4,0.5999180262316058,0.7863813769248005,0.5877569177863083,0.803030303030303,0.1017274472168906,0.1805792163543441,0.3253856942496493,6.1664520841504,34.01304707665405,0.0803438350558281,200,100,713,0.0711731204258588,0.0732867968860377,1779031139475823100,2552,1779031139502110700,220971
coldstart_stfpm_real_iad_fire_hood,C:\Users\Usuario\Desktop\Thesis\Pipeline\Real-time-visual-defect-detection\data\outputs\Experiment 3\coldstart_stfpm_real_iad_fire_hood,stfpm,fire_hood,NVIDIA L4,0.5177781726289189,0.7698059632936745,0.5133558398483772,0.8571428571428571,0.1785714285714285,0.2955665024630542,0.3914893617021276,6.135214099297673,27.300623538841275,0.0978089421987533,200,100,705,0.0864040679228839,0.0889800225148007,1779031147813664600,2564,1779031147871462000,222828
coldstart_stfpm_real_iad_mint,C:\Users\Usuario\Desktop\Thesis\Pipeline\Real-time-visual-defect-detection\data\outputs\Experiment 3\coldstart_stfpm_real_iad_mint,stfpm,mint,NVIDIA L4,0.5525932518812201,0.96322972779701,0.5607452059228093,0.75,0.0041265474552957,0.0082079343365253,0.0473061760840998,6.1827452089369785,29.62915939654197,0.183935672044754,200,100,761,0.1445681422072298,0.1461639308166963,1779031139667282100,2541,1779031139693820700,230933
coldstart_stfpm_real_iad_mounts,C:\Users\Usuario\Desktop\Thesis\Pipeline\Real-time-visual-defect-detection\data\outputs\Experiment 3\coldstart_stfpm_real_iad_mounts,stfpm,mounts,NVIDIA L4,0.5938302077904198,0.7820071036971115,0.5956937328521276,0.9090909090909092,0.0195694716242661,0.0383141762452107,0.2929577464788732,5.976502497184785,34.105896675011394,0.1384829133749008,200,100,710,0.1160665144722665,0.1191126686865336,1779031148841039300,2560,1779031148869208600,220957
coldstart_stfpm_real_iad_pcb,C:\Users\Usuario\Desktop\Thesis\Pipeline\Real-time-visual-defect-detection\data\outputs\Experiment 3\coldstart_stfpm_real_iad_pcb,stfpm,pcb,NVIDIA L4,0.6225861946109917,0.8053562458196479,0.6153027881551757,0.6666666666666666,0.0039292730844793,0.0078125,0.2763532763532763,6.0894908262115806,32.205856542129034,0.2308041602373123,200,100,702,0.1878360305271,0.193093377123413,1779031146266117500,2543,1779031146241942700,216026
coldstart_stfpm_real_iad_phone_battery,C:\Users\Usuario\Desktop\Thesis\Pipeline\Real-time-visual-defect-detection\data\outputs\Experiment 3\coldstart_stfpm_real_iad_phone_battery,stfpm,phone_battery,NVIDIA L4,0.1546648909746224,0.5921211962506647,0.158173996681147,0.7777777777777778,0.0135396518375241,0.026615969581749,0.2685714285714285,5.934050931430193,29.900155702177628,0.1256456673145294,200,100,700,0.1126386285072467,0.0983503021919519,1779031139165810800,2573,1779031139146545900,225750
coldstart_stfpm_real_iad_plastic_nut,C:\Users\Usuario\Desktop\Thesis\Pipeline\Real-time-visual-defect-detection\data\outputs\Experiment 3\coldstart_stfpm_real_iad_plastic_nut,stfpm,plastic_nut,NVIDIA L4,0.485029702970297,0.7209379251977547,0.4919405940594059,0.75,0.15,0.2499999999999999,0.358974358974359,6.2171610270576805,30.57699602841402,0.1701951026916504,200,100,702,0.1522925024723062,0.1532075131386518,1779031151780637500,2538,1779031151761095100,223309
coldstart_stfpm_real_iad_plastic_plug,C:\Users\Usuario\Desktop\Thesis\Pipeline\Real-time-visual-defect-detection\data\outputs\Experiment 3\coldstart_stfpm_real_iad_plastic_plug,stfpm,plastic_plug,NVIDIA L4,0.7185718792722683,0.8562282520934068,0.7152171626879799,1.0,0.0038910505836575,0.0077519379844961,0.2675250357653791,6.1638528326224185,30.9061304313966,0.1313980817794799,200,100,699,0.084385899675859,0.0941825534293159,1779031147658222100,2557,1779031147699265200,224495
coldstart_stfpm_real_iad_porcelain_doll,C:\Users\Usuario\Desktop\Thesis\Pipeline\Real-time-visual-defect-detection\data\outputs\Experiment 3\coldstart_stfpm_real_iad_porcelain_doll,stfpm,porcelain_doll,NVIDIA L4,0.3698090074092864,0.7150832004193794,0.3824343892359239,0.9302325581395348,0.0773694390715667,0.1428571428571428,0.3142857142857143,6.012440418565218,31.61423468846662,0.0735457763075828,200,100,700,0.0600139065721973,0.0561544087209254,1779031146152080300,2575,1779031146126196800,226913
coldstart_stfpm_real_iad_regulator,C:\Users\Usuario\Desktop\Thesis\Pipeline\Real-time-visual-defect-detection\data\outputs\Experiment 3\coldstart_stfpm_real_iad_regulator,stfpm,regulator,NVIDIA L4,0.5637795580324316,0.7647515442868403,0.5618831998142343,0.8,0.0076628352490421,0.0151802656546489,0.2791666666666667,6.01671754027393,33.10405336925324,0.1646304130554199,200,100,720,0.1410909454629879,0.1433515352735802,1779031152247829800,2548,1779031152229633300,226197
coldstart_stfpm_real_iad_rolled_strip_base,C:\Users\Usuario\Desktop\Thesis\Pipeline\Real-time-visual-defect-detection\data\outputs\Experiment 3\coldstart_stfpm_real_iad_rolled_strip_base,stfpm,rolled_strip_base,NVIDIA L4,0.7678926588891858,0.9062675793912622,0.760733616330731,0.988095238095238,0.3235867446393762,0.4875183553597651,0.5084507042253521,6.128771040850783,30.06136645462564,0.1145838871598243,200,100,710,0.0832669006159462,0.1044145347314503,1779031147206734900,2578,1779031147241893100,232044
coldstart_stfpm_real_iad_sim_card_set,C:\Users\Usuario\Desktop\Thesis\Pipeline\Real-time-visual-defect-detection\data\outputs\Experiment 3\coldstart_stfpm_real_iad_sim_card_set,stfpm,sim_card_set,NVIDIA L4,0.8751093613298337,0.9514558882440768,0.8549172830668894,1.0,0.1358267716535433,0.2391681109185442,0.3781869688385269,6.076687449002704,26.61213730871163,0.0785076543688774,200,100,706,0.0577504531188745,0.0702082387677679,1779031145534251600,2552,1779031145513261100,226207
coldstart_stfpm_real_iad_switch,C:\Users\Usuario\Desktop\Thesis\Pipeline\Real-time-visual-defect-detection\data\outputs\Experiment 3\coldstart_stfpm_real_iad_switch,stfpm,switch,NVIDIA L4,0.5495897683397684,0.7725255384408383,0.5530787483912484,1.0,0.0077220077220077,0.0153256704980842,0.276056338028169,6.040973526770474,33.147382204022854,0.1311155259609222,200,100,710,0.1029594220453873,0.1045621508538262,1779031138176690200,2543,1779031138179729200,220961
coldstart_stfpm_real_iad_tape,C:\Users\Usuario\Desktop\Thesis\Pipeline\Real-time-visual-defect-detection\data\outputs\Experiment 3\coldstart_stfpm_real_iad_tape,stfpm,tape,NVIDIA L4,0.5496634615384616,0.7597558700695937,0.5562211538461539,1.0,0.0192307692307692,0.0377358490566037,0.2916666666666667,6.094784972210871,34.6867376210524,0.1124642938375473,200,100,720,0.0938845361769199,0.0950275717016596,1779031146897542500,2537,1779031146853582200,220483
coldstart_stfpm_real_iad_terminalblock,C:\Users\Usuario\Desktop\Thesis\Pipeline\Real-time-visual-defect-detection\data\outputs\Experiment 3\coldstart_stfpm_real_iad_terminalblock,stfpm,terminalblock,NVIDIA L4,0.44830829950614,0.7160142973037142,0.44526129589677,0.7142857142857143,0.0095602294455066,0.0188679245283018,0.2676056338028169,5.972846109855543,34.59850634244418,0.1611920595169067,200,100,710,0.1401300795256772,0.1388598650010092,1779031138395130600,2568,1779031138384123100,227953
coldstart_stfpm_real_iad_toothbrush,C:\Users\Usuario\Desktop\Thesis\Pipeline\Real-time-visual-defect-detection\data\outputs\Experiment 3\coldstart_stfpm_real_iad_toothbrush,stfpm,toothbrush,NVIDIA L4,0.7044684193121693,0.8803752958727662,0.6993789269179894,1.0,0.134765625,0.2375215146299483,0.3680456490727532,5.998155847362812,31.656588895909376,0.1090659946203231,200,100,701,0.0757805502052029,0.0869857457000762,1779031151009602100,2542,1779031151033585900,222894
coldstart_stfpm_real_iad_toy,C:\Users\Usuario\Desktop\Thesis\Pipeline\Real-time-visual-defect-detection\data\outputs\Experiment 3\coldstart_stfpm_real_iad_toy,stfpm,toy,NVIDIA L4,0.5231493435557234,0.7430328074254802,0.5156613105050947,0.6666666666666666,0.0039525691699604,0.0078585461689587,0.2836879432624113,5.947187001428645,33.209569667710994,0.1648860722780227,200,100,705,0.1318896185213597,0.1327796469151738,1779031139038350000,2552,1779031139023054400,216706
coldstart_stfpm_real_iad_toy_brick,C:\Users\Usuario\Desktop\Thesis\Pipeline\Real-time-visual-defect-detection\data\outputs\Experiment 3\coldstart_stfpm_real_iad_toy_brick,stfpm,toy_brick,NVIDIA L4,0.5860994595466644,0.7956451459755342,0.5803521013148343,1.0,0.033596837944664,0.0650095602294455,0.3034188034188034,6.012330178059386,27.061253373909786,0.1026327311992645,200,100,702,0.0783788350467779,0.0814652957920382,1779031139232914300,2548,1779031139256129500,222138
coldstart_stfpm_real_iad_transistor1,C:\Users\Usuario\Desktop\Thesis\Pipeline\Real-time-visual-defect-detection\data\outputs\Experiment 3\coldstart_stfpm_real_iad_transistor1,stfpm,transistor1,NVIDIA L4,0.5306435498683029,0.74186824717561,0.5378692313126319,0.75,0.0059642147117296,0.0118343195266272,0.2842857142857143,6.285125867144155,32.80254029128879,0.1102790981531143,200,100,700,0.090766821907559,0.0917980606347381,1779031137836671100,2551,1779031137823467800,223686
coldstart_stfpm_real_iad_u_block,C:\Users\Usuario\Desktop\Thesis\Pipeline\Real-time-visual-defect-detection\data\outputs\Experiment 3\coldstart_stfpm_real_iad_u_block,stfpm,u_block,NVIDIA L4,0.315767212817595,0.6339787341697771,0.3406360459612693,1.0,0.0200400801603206,0.0392927308447937,0.2994269340974212,6.128061555869357,31.018375559025348,0.0911387801170349,200,100,698,0.0718252854094134,0.0657632469026024,1779031139600759700,2544,1779031139578355200,219323
coldstart_stfpm_real_iad_usb,C:\Users\Usuario\Desktop\Thesis\Pipeline\Real-time-visual-defect-detection\data\outputs\Experiment 3\coldstart_stfpm_real_iad_usb,stfpm,usb,NVIDIA L4,0.5829713642213642,0.7740912772928821,0.5738165620978121,0.7727272727272727,0.0328185328185328,0.0629629629629629,0.2873239436619718,6.149221622530937,33.01777754730233,0.128336414694786,200,100,710,0.1097080104906732,0.1119211703596428,1779031147073560400,2552,1779031147112122000,217922
coldstart_stfpm_real_iad_usb_adaptor,C:\Users\Usuario\Desktop\Thesis\Pipeline\Real-time-visual-defect-detection\data\outputs\Experiment 3\coldstart_stfpm_real_iad_usb_adaptor,stfpm,usb_adaptor,NVIDIA L4,0.5324539891361646,0.7914270785623796,0.5301448511379524,0.7727272727272727,0.0313653136531365,0.0602836879432624,0.2460881934566145,6.150801864859881,28.129956932439885,0.14080610871315,200,100,703,0.121809215880699,0.1227468955863226,1779031141366043700,2566,1779031141345082700,224463
coldstart_stfpm_real_iad_vcpill,C:\Users\Usuario\Desktop\Thesis\Pipeline\Real-time-visual-defect-detection\data\outputs\Experiment 3\coldstart_stfpm_real_iad_vcpill,stfpm,vcpill,NVIDIA L4,0.8265527767993424,0.8882217402553112,0.8225362999491214,1.0,0.0019960079840319,0.0039840637450199,0.2907801418439716,6.141364371635696,30.567374707513533,0.1011170893907547,200,100,705,0.0457846694169383,0.0556257265264878,1779031145431321200,2538,1779031145408718100,219393
coldstart_stfpm_real_iad_wooden_beads,C:\Users\Usuario\Desktop\Thesis\Pipeline\Real-time-visual-defect-detection\data\outputs\Experiment 3\coldstart_stfpm_real_iad_wooden_beads,stfpm,wooden_beads,NVIDIA L4,0.7134537364219343,0.893607707754877,0.6944117262138464,0.9230769230769232,0.0212014134275618,0.0414507772020725,0.2082738944365192,6.107239242531415,30.843134830081965,0.0913698226213455,200,100,701,0.0636009119175098,0.06956917041577,1779031138868084800,2570,1779031138849667000,225169
coldstart_stfpm_real_iad_woodstick,C:\Users\Usuario\Desktop\Thesis\Pipeline\Real-time-visual-defect-detection\data\outputs\Experiment 3\coldstart_stfpm_real_iad_woodstick,stfpm,woodstick,NVIDIA L4,0.5824378109452736,0.7433431793617377,0.562592039800995,0.4,0.016,0.0307692307692307,0.2810271041369472,6.107808721808579,28.15573328799796,0.0564960576593875,200,100,701,0.0389354552665901,0.0395594460181891,1779031143953049300,2534,1779031143931593000,222229
coldstart_stfpm_real_iad_zipper,C:\Users\Usuario\Desktop\Thesis\Pipeline\Real-time-visual-defect-detection\data\outputs\Experiment 3\coldstart_stfpm_real_iad_zipper,stfpm,zipper,NVIDIA L4,0.5491442786069651,0.7459204768259988,0.5500099502487562,0.75,0.018,0.0351562499999999,0.2952924393723252,5.921378562054293,29.17880040441728,0.1352404057979583,200,100,701,0.1032091441068483,0.1048471673130989,1779031137959248800,2531,1779031137946143900,218877
coldstart_subspacead_real_iad_audiojack,C:\Users\Usuario\Desktop\Thesis\Pipeline\Real-time-visual-defect-detection\data\outputs\Experiment 3\coldstart_subspacead_real_iad_audiojack,subspacead,audiojack,NVIDIA L4,0.8117377055752097,0.9157516475192576,0.8137972159028272,0.9453781512605042,0.4352030947775628,0.5960264900662251,0.5704225352112676,202.58003267324472,4.338425641377178,7.062069416046143,200,100,710,6.248031122079167,7.510114212331274,1779031149848286300,2597,1779031149584779500,222155
coldstart_subspacead_real_iad_bottle_cap,C:\Users\Usuario\Desktop\Thesis\Pipeline\Real-time-visual-defect-detection\data\outputs\Experiment 3\coldstart_subspacead_real_iad_bottle_cap,subspacead,bottle_cap,NVIDIA L4,0.9040892041748204,0.9621223781922666,0.9031107305936074,1.0,0.3268101761252446,0.4926253687315634,0.5106685633001422,206.0431160156322,4.268631069113613,6.503191947937012,200,100,703,4.727214407175779,6.309138280304911,1779031138243082400,2582,1779031138246772300,221054
coldstart_subspacead_real_iad_button_battery,C:\Users\Usuario\Desktop\Thesis\Pipeline\Real-time-visual-defect-detection\data\outputs\Experiment 3\coldstart_subspacead_real_iad_button_battery,subspacead,button_battery,NVIDIA L4,0.8299563475705785,0.9370624085260618,0.8323450761539356,0.9578947368421052,0.528046421663443,0.6807980049875312,0.6342857142857142,205.56797323424425,4.298945172019537,5.266279220581055,200,100,700,4.570979415393267,6.503444614447293,1779031146337846600,2604,1779031146368266800,224462
coldstart_subspacead_real_iad_end_cap,C:\Users\Usuario\Desktop\Thesis\Pipeline\Real-time-visual-defect-detection\data\outputs\Experiment 3\coldstart_subspacead_real_iad_end_cap,subspacead,end_cap,NVIDIA L4,0.7903423499577344,0.9034368398392408,0.7917793744716821,1.0,0.075,0.1395348837209302,0.3148148148148148,206.1629417322285,4.287927273697622,6.224381923675537,200,100,702,3.8324582878049913,4.621858149308425,1779031152168949300,2564,1779031152151038500,218023
coldstart_subspacead_real_iad_eraser,C:\Users\Usuario\Desktop\Thesis\Pipeline\Real-time-visual-defect-detection\data\outputs\Experiment 3\coldstart_subspacead_real_iad_eraser,subspacead,eraser,NVIDIA L4,0.8499480166346769,0.945153408317348,0.8487184101087651,1.0,0.3608445297504798,0.530324400564175,0.5329593267882188,204.169575987361,4.34709496133098,7.697092533111572,200,100,713,4.51969908674558,7.334768901173304,1779031141517001200,2574,1779031141451661800,219403
coldstart_subspacead_real_iad_fire_hood,C:\Users\Usuario\Desktop\Thesis\Pipeline\Real-time-visual-defect-detection\data\outputs\Experiment 3\coldstart_subspacead_real_iad_fire_hood,subspacead,fire_hood,NVIDIA L4,0.820332859511964,0.917101705220056,0.8198195530285083,0.9863013698630136,0.2857142857142857,0.4430769230769231,0.4865248226950354,203.8026857106392,4.173309300437727,5.402188777923584,200,100,705,3.2883497541816675,4.755183218017457,1779031149050603300,2596,1779031149307773200,220694
coldstart_subspacead_real_iad_mint,C:\Users\Usuario\Desktop\Thesis\Pipeline\Real-time-visual-defect-detection\data\outputs\Experiment 3\coldstart_subspacead_real_iad_mint,subspacead,mint,NVIDIA L4,0.6869892386115382,0.9778418424350558,0.688405210777571,1.0,0.1141678129298486,0.2049382716049382,0.1537450722733245,203.53498376481625,4.2333705651708735,4.459784030914307,200,100,761,2.844339595121496,3.333597317686435,1779031142429764800,2573,1779031142463920300,228924
coldstart_subspacead_real_iad_mounts,C:\Users\Usuario\Desktop\Thesis\Pipeline\Real-time-visual-defect-detection\data\outputs\Experiment 3\coldstart_subspacead_real_iad_mounts,subspacead,mounts,NVIDIA L4,0.8982190797431384,0.9641626997924672,0.8978158896242465,1.0,0.4951076320939334,0.662303664921466,0.6366197183098592,204.988986087306,4.313678437208771,7.226444721221924,200,100,710,4.662973757365241,7.443967901797211,1779031138090288600,2575,1779031138099590400,218624
coldstart_subspacead_real_iad_pcb,C:\Users\Usuario\Desktop\Thesis\Pipeline\Real-time-visual-defect-detection\data\outputs\Experiment 3\coldstart_subspacead_real_iad_pcb,subspacead,pcb,NVIDIA L4,0.8822134226411638,0.9560413046829178,0.8787727638262569,0.9907407407407408,0.4204322200392927,0.5903448275862069,0.5769230769230769,205.69483207264489,4.246237485310349,4.336484909057617,200,100,702,3.743793758085973,4.418444090601503,1779031148591522000,2583,1779031148565896900,214038
coldstart_subspacead_real_iad_phone_battery,C:\Users\Usuario\Desktop\Thesis\Pipeline\Real-time-visual-defect-detection\data\outputs\Experiment 3\coldstart_subspacead_real_iad_phone_battery,subspacead,phone_battery,NVIDIA L4,0.8366521863208295,0.9416460475555288,0.8365940535455708,0.9863636363636364,0.4197292069632495,0.5888738127544098,0.5671428571428572,204.8814765928753,4.213511505307805,4.954763412475586,200,100,700,3.580611772224551,5.364045236742474,1779031151864391800,2604,1779031151843680900,223586
coldstart_subspacead_real_iad_plastic_nut,C:\Users\Usuario\Desktop\Thesis\Pipeline\Real-time-visual-defect-detection\data\outputs\Experiment 3\coldstart_subspacead_real_iad_plastic_nut,subspacead,plastic_nut,NVIDIA L4,0.767871287128713,0.8914534372207594,0.7663910891089109,0.9590163934426228,0.234,0.3762057877813504,0.4472934472934473,205.0729654672413,4.2582912165149205,6.37071704864502,200,100,702,4.835524610953756,5.8794731202125545,1779031151472159400,2589,1779031151406895800,222529
coldstart_subspacead_real_iad_plastic_plug,C:\Users\Usuario\Desktop\Thesis\Pipeline\Real-time-visual-defect-detection\data\outputs\Experiment 3\coldstart_subspacead_real_iad_plastic_plug,subspacead,plastic_plug,NVIDIA L4,0.8622988747502367,0.9506922736505428,0.8611893995162477,0.9956140350877192,0.4416342412451361,0.6118598382749325,0.5879828326180258,205.12566770245311,4.221856959210984,4.444785118103027,200,100,699,3.541421262637989,4.5352766574124885,1779031143214336300,2604,1779031143043299700,222383
coldstart_subspacead_real_iad_porcelain_doll,C:\Users\Usuario\Desktop\Thesis\Pipeline\Real-time-visual-defect-detection\data\outputs\Experiment 3\coldstart_subspacead_real_iad_porcelain_doll,subspacead,porcelain_doll,NVIDIA L4,0.7847396180148186,0.9195285383471749,0.7860343934637621,0.9827586206896552,0.3307543520309478,0.4949348769898697,0.5014285714285714,203.51388923289048,4.275040355349276,4.796189308166504,200,100,700,3.391061471459644,4.5143448702371325,1779031144499637300,2607,1779031144519270700,224616
coldstart_subspacead_real_iad_regulator,C:\Users\Usuario\Desktop\Thesis\Pipeline\Real-time-visual-defect-detection\data\outputs\Experiment 3\coldstart_subspacead_real_iad_regulator,subspacead,regulator,NVIDIA L4,0.7771392081736911,0.9030353558787684,0.7754653817872209,0.9642857142857144,0.0517241379310344,0.0981818181818181,0.3111111111111111,204.0823941958554,4.33651558551371,6.292769432067871,200,100,720,4.5298800685188985,5.004300952414443,1779031152059459800,2594,1779031152040281300,223943
coldstart_subspacead_real_iad_rolled_strip_base,C:\Users\Usuario\Desktop\Thesis\Pipeline\Real-time-visual-defect-detection\data\outputs\Experiment 3\coldstart_subspacead_real_iad_rolled_strip_base,subspacead,rolled_strip_base,NVIDIA L4,0.9819020195723374,0.991603906902803,0.9816595917317265,0.9924242424242424,0.7660818713450293,0.8646864686468647,0.8267605633802817,201.1259908267444,4.256089585813851,6.037675380706787,200,100,710,4.545620446277754,7.089381798433746,1779031144057092600,2611,1779031144082610200,229728
coldstart_subspacead_real_iad_sim_card_set,C:\Users\Usuario\Desktop\Thesis\Pipeline\Real-time-visual-defect-detection\data\outputs\Experiment 3\coldstart_subspacead_real_iad_sim_card_set,subspacead,sim_card_set,NVIDIA L4,0.96309552215064,0.9860397992709188,0.9627574962220632,0.9846547314578004,0.7578740157480315,0.8565072302558397,0.8172804532577904,201.70235074647937,4.084561574472724,4.358651638031006,200,100,706,3.101517595426001,6.62946896947275,1779031144846901500,2600,1779031144879472100,223943
coldstart_subspacead_real_iad_switch,C:\Users\Usuario\Desktop\Thesis\Pipeline\Real-time-visual-defect-detection\data\outputs\Experiment 3\coldstart_subspacead_real_iad_switch,subspacead,switch,NVIDIA L4,0.9055662805662806,0.9659519744694656,0.9017555501930502,0.9966329966329966,0.5714285714285714,0.7263803680981594,0.6859154929577465,203.23044541266512,4.329475804643016,6.589967727661133,200,100,710,5.791337522367637,7.475302168761441,1779031141939918100,2590,1779031141725809600,218665
coldstart_subspacead_real_iad_tape,C:\Users\Usuario\Desktop\Thesis\Pipeline\Real-time-visual-defect-detection\data\outputs\Experiment 3\coldstart_subspacead_real_iad_tape,subspacead,tape,NVIDIA L4,0.7690384615384616,0.911324656077802,0.7692788461538461,0.9789915966386554,0.4480769230769231,0.6147757255936676,0.5944444444444444,202.3613285069661,4.38363537463431,7.562602043151855,200,100,720,5.386724048852921,8.128047136160044,1779031151217187300,2586,1779031151090619500,219666
coldstart_subspacead_real_iad_terminalblock,C:\Users\Usuario\Desktop\Thesis\Pipeline\Real-time-visual-defect-detection\data\outputs\Experiment 3\coldstart_subspacead_real_iad_terminalblock,subspacead,terminalblock,NVIDIA L4,0.9101236183679104,0.9696705850239008,0.9030122391386592,1.0,0.372848948374761,0.5431754874651811,0.5380281690140845,204.8979095732289,4.333660002907182,8.398509979248047,200,100,710,7.192439953911113,8.409208602248825,1779031151540833000,2588,1779031151562313200,225721
coldstart_subspacead_real_iad_toothbrush,C:\Users\Usuario\Desktop\Thesis\Pipeline\Real-time-visual-defect-detection\data\outputs\Experiment 3\coldstart_subspacead_real_iad_toothbrush,subspacead,toothbrush,NVIDIA L4,0.9546647652116402,0.9831585201493148,0.9547164351851852,1.0,0.384765625,0.5557122708039492,0.550641940085592,207.4823769486084,4.233548643044128,5.767791271209717,200,100,701,3.5183373481508284,5.385531199164689,1779031141237353700,2573,1779031141264705800,220763
coldstart_subspacead_real_iad_toy,C:\Users\Usuario\Desktop\Thesis\Pipeline\Real-time-visual-defect-detection\data\outputs\Experiment 3\coldstart_subspacead_real_iad_toy,subspacead,toy,NVIDIA L4,0.8779470474904166,0.9517598957124112,0.8770333882853,1.0,0.3260869565217391,0.4918032786885246,0.5163120567375886,203.59663391775672,4.308816662342074,5.3501152992248535,200,100,705,4.2162422702540105,5.077344765305048,1779031139860833400,2569,1779031139765080100,215205
coldstart_subspacead_real_iad_toy_brick,C:\Users\Usuario\Desktop\Thesis\Pipeline\Real-time-visual-defect-detection\data\outputs\Experiment 3\coldstart_subspacead_real_iad_toy_brick,subspacead,toy_brick,NVIDIA L4,0.7575976042590951,0.9011326891105824,0.7563372186819391,1.0,0.2114624505928853,0.3491027732463295,0.4316239316239316,205.534024947306,4.133836119922405,4.373679161071777,200,100,702,2.8823384861556853,3.611960087840265,1779031150715733400,2582,1779031150736068400,220135
coldstart_subspacead_real_iad_transistor1,C:\Users\Usuario\Desktop\Thesis\Pipeline\Real-time-visual-defect-detection\data\outputs\Experiment 3\coldstart_subspacead_real_iad_transistor1,subspacead,transistor1,NVIDIA L4,0.9484615151729218,0.9797351086243088,0.9473161033797216,1.0,0.2246520874751491,0.3668831168831168,0.4428571428571428,204.0372981028488,4.3237937387535,6.319489002227783,200,100,700,4.067697796119651,5.958931923860584,1779031138429715100,2586,1779031138483634500,221438
coldstart_subspacead_real_iad_u_block,C:\Users\Usuario\Desktop\Thesis\Pipeline\Real-time-visual-defect-detection\data\outputs\Experiment 3\coldstart_subspacead_real_iad_u_block,subspacead,u_block,NVIDIA L4,0.5335797222585874,0.8020670240989973,0.5333732792217601,0.9859154929577464,0.1402805611222445,0.2456140350877193,0.3839541547277937,204.7710430128388,4.265249448616464,5.480246067047119,200,100,698,4.056044654031495,4.459929549383496,1779031140076391700,2592,1779031140055597800,217041
coldstart_subspacead_real_iad_usb,C:\Users\Usuario\Desktop\Thesis\Pipeline\Real-time-visual-defect-detection\data\outputs\Experiment 3\coldstart_subspacead_real_iad_usb,subspacead,usb,NVIDIA L4,0.8415781853281853,0.9428386610338472,0.8390444015444015,1.0,0.3069498069498069,0.4697193500738552,0.4943661971830986,206.02724983800968,4.288390804995226,6.398327350616455,200,100,710,4.49177498370409,5.817139458011937,1779031140897706600,2570,1779031140875621400,215611
coldstart_subspacead_real_iad_usb_adaptor,C:\Users\Usuario\Desktop\Thesis\Pipeline\Real-time-visual-defect-detection\data\outputs\Experiment 3\coldstart_subspacead_real_iad_usb_adaptor,subspacead,usb_adaptor,NVIDIA L4,0.9618963580940156,0.9898263928399228,0.9612431528041988,0.9937238493723848,0.8763837638376384,0.931372549019608,0.9004267425320057,200.38790066426893,4.113099470949051,4.613943099975586,200,100,703,3.953367640513071,5.867948218025405,1779031143273723100,2599,1779031143299560700,222257
coldstart_subspacead_real_iad_vcpill,C:\Users\Usuario\Desktop\Thesis\Pipeline\Real-time-visual-defect-detection\data\outputs\Experiment 3\coldstart_subspacead_real_iad_vcpill,subspacead,vcpill,NVIDIA L4,0.8610817580525223,0.9316840040670032,0.8604702359985911,0.927797833935018,0.5129740518962076,0.660668380462725,0.625531914893617,204.11608830065023,4.244505869276638,3.662254095077514,200,100,705,3.052622713294684,4.161303075725685,1779031150266277600,2588,1779031150153744000,218449
coldstart_subspacead_real_iad_wooden_beads,C:\Users\Usuario\Desktop\Thesis\Pipeline\Real-time-visual-defect-detection\data\outputs\Experiment 3\coldstart_subspacead_real_iad_wooden_beads,subspacead,wooden_beads,NVIDIA L4,0.8632901452689439,0.9621810462805206,0.8631200104698338,1.0,0.0653710247349823,0.1227197346600331,0.2453637660485021,201.89263883166623,4.315984167544681,6.688587188720703,200,100,701,3.748063511318631,4.95237234666575,1779031142140529100,2588,1779031142025548100,222878
coldstart_subspacead_real_iad_woodstick,C:\Users\Usuario\Desktop\Thesis\Pipeline\Real-time-visual-defect-detection\data\outputs\Experiment 3\coldstart_subspacead_real_iad_woodstick,subspacead,woodstick,NVIDIA L4,0.7272437810945274,0.8698487444795977,0.7266517412935324,0.9432624113475178,0.266,0.4149765990639625,0.4650499286733238,201.0078053224609,4.18392364388392,3.757155418395996,200,100,701,2.6056402897953395,3.3997601583004,1779031140543380900,2584,1779031140523926900,219901
coldstart_subspacead_real_iad_zipper,C:\Users\Usuario\Desktop\Thesis\Pipeline\Real-time-visual-defect-detection\data\outputs\Experiment 3\coldstart_subspacead_real_iad_zipper,subspacead,zipper,NVIDIA L4,0.9971542288557216,0.9988466483182504,0.9969701492537314,1.0,0.83,0.907103825136612,0.8787446504992867,202.0235258402712,4.19544476450135,4.76632833480835,200,100,701,2.912559486740264,6.7556742253303526,1779031140160256600,2557,1779031140184589100,216060
