experiment,experiment_dir,model,category,gpu_name,corruption,severity,auroc,aupr,precision,recall,f1,mean_latency_ms,_report_mtime_ns,_report_size
coldstart_csflow_real_iad_audiojack_gaussian_noise_s1,C:\Users\Usuario\Desktop\Thesis\Pipeline\Real-time-visual-defect-detection\data\outputs\Experiment 5\coldstart_csflow_real_iad_audiojack_gaussian_noise_s1,csflow,audiojack,Tesla T4,gaussian_noise,1,0.7168483050517519,0.8601064008425114,0.8913927320919028,0.4375698525713833,0.578198674046824,164.32006681999653,1779859226667494000,2590
coldstart_csflow_real_iad_audiojack_gaussian_noise_s2,C:\Users\Usuario\Desktop\Thesis\Pipeline\Real-time-visual-defect-detection\data\outputs\Experiment 5\coldstart_csflow_real_iad_audiojack_gaussian_noise_s2,csflow,audiojack,Tesla T4,gaussian_noise,2,0.7151511354820621,0.8460568856425417,0.8832764709283235,0.4286151294461936,0.5754673611459227,161.75723966867568,1779859226676102200,2596
coldstart_csflow_real_iad_audiojack_gaussian_noise_s3,C:\Users\Usuario\Desktop\Thesis\Pipeline\Real-time-visual-defect-detection\data\outputs\Experiment 5\coldstart_csflow_real_iad_audiojack_gaussian_noise_s3,csflow,audiojack,Tesla T4,gaussian_noise,3,0.7136191866332325,0.8603383950464921,0.8923615756772223,0.4154584649008243,0.5582448192133999,163.88848421360095,1779859226687537900,2592
coldstart_csflow_real_iad_audiojack_motion_blur_s1,C:\Users\Usuario\Desktop\Thesis\Pipeline\Real-time-visual-defect-detection\data\outputs\Experiment 5\coldstart_csflow_real_iad_audiojack_motion_blur_s1,csflow,audiojack,Tesla T4,motion_blur,1,0.7258447234842746,0.8684292115473405,0.892632561994085,0.4113353204206572,0.5657706697734677,179.06621395941218,1779859227850888200,2580
coldstart_csflow_real_iad_audiojack_motion_blur_s2,C:\Users\Usuario\Desktop\Thesis\Pipeline\Real-time-visual-defect-detection\data\outputs\Experiment 5\coldstart_csflow_real_iad_audiojack_motion_blur_s2,csflow,audiojack,Tesla T4,motion_blur,2,0.7303016510755115,0.8793456061716821,0.8960588529856633,0.4435965431069465,0.6051626652145018,174.94993287803698,1779859227861976200,2572
coldstart_csflow_real_iad_audiojack_motion_blur_s3,C:\Users\Usuario\Desktop\Thesis\Pipeline\Real-time-visual-defect-detection\data\outputs\Experiment 5\coldstart_csflow_real_iad_audiojack_motion_blur_s3,csflow,audiojack,Tesla T4,motion_blur,3,0.7082834671569319,0.8765732951372901,0.8843810938814718,0.4197136707342556,0.582945286622772,178.9393881214258,1779859227870995100,2592
coldstart_csflow_real_iad_audiojack_shot_noise_s1,C:\Users\Usuario\Desktop\Thesis\Pipeline\Real-time-visual-defect-detection\data\outputs\Experiment 5\coldstart_csflow_real_iad_audiojack_shot_noise_s1,csflow,audiojack,Tesla T4,shot_noise,1,0.7352089434066039,0.880012174246662,0.8982632097829927,0.3835972715816086,0.5332395050784124,147.36036717893643,1779859228933717100,2576
coldstart_csflow_real_iad_audiojack_shot_noise_s2,C:\Users\Usuario\Desktop\Thesis\Pipeline\Real-time-visual-defect-detection\data\outputs\Experiment 5\coldstart_csflow_real_iad_audiojack_shot_noise_s2,csflow,audiojack,Tesla T4,shot_noise,2,0.737157501689042,0.8694321589873225,0.927595819593392,0.3943307232060687,0.5468969159703135,144.80186080927268,1779859228945151300,2590
coldstart_csflow_real_iad_audiojack_shot_noise_s3,C:\Users\Usuario\Desktop\Thesis\Pipeline\Real-time-visual-defect-detection\data\outputs\Experiment 5\coldstart_csflow_real_iad_audiojack_shot_noise_s3,csflow,audiojack,Tesla T4,shot_noise,3,0.7421383047465592,0.88435565939409,0.9229110679961968,0.3813533842197595,0.5335431576713727,147.4913489634661,1779859228962209900,2588
coldstart_csflow_real_iad_bottle_cap_gaussian_noise_s1,C:\Users\Usuario\Desktop\Thesis\Pipeline\Real-time-visual-defect-detection\data\outputs\Experiment 5\coldstart_csflow_real_iad_bottle_cap_gaussian_noise_s1,csflow,bottle_cap,Tesla T4,gaussian_noise,1,0.957256256124034,0.9803513783355798,0.999,0.936281788338435,0.956031517164874,152.81639210362815,1779859226696536100,2577
coldstart_csflow_real_iad_bottle_cap_gaussian_noise_s2,C:\Users\Usuario\Desktop\Thesis\Pipeline\Real-time-visual-defect-detection\data\outputs\Experiment 5\coldstart_csflow_real_iad_bottle_cap_gaussian_noise_s2,csflow,bottle_cap,Tesla T4,gaussian_noise,2,0.9387616469705756,0.9715883001414852,0.999,0.9340125311854476,0.970346944932222,152.86637727764364,1779859226705733000,2579
coldstart_csflow_real_iad_bottle_cap_gaussian_noise_s3,C:\Users\Usuario\Desktop\Thesis\Pipeline\Real-time-visual-defect-detection\data\outputs\Experiment 5\coldstart_csflow_real_iad_bottle_cap_gaussian_noise_s3,csflow,bottle_cap,Tesla T4,gaussian_noise,3,0.9160285925853212,0.9448650859633398,0.999,0.9262541438819524,0.9476304154598864,147.79714146300222,1779859226714261100,2578
coldstart_csflow_real_iad_bottle_cap_motion_blur_s1,C:\Users\Usuario\Desktop\Thesis\Pipeline\Real-time-visual-defect-detection\data\outputs\Experiment 5\coldstart_csflow_real_iad_bottle_cap_motion_blur_s1,csflow,bottle_cap,Tesla T4,motion_blur,1,0.9710272059930896,0.9849213171383914,0.999,0.9202928532089154,0.9430281671910052,166.09177901636434,1779859227879068500,2544
coldstart_csflow_real_iad_bottle_cap_motion_blur_s2,C:\Users\Usuario\Desktop\Thesis\Pipeline\Real-time-visual-defect-detection\data\outputs\Experiment 5\coldstart_csflow_real_iad_bottle_cap_motion_blur_s2,csflow,bottle_cap,Tesla T4,motion_blur,2,0.9546981985104448,0.9906287868532626,0.999,0.916417094984142,0.9513117336613032,166.50336108808438,1779859227892151700,2539
coldstart_csflow_real_iad_bottle_cap_motion_blur_s3,C:\Users\Usuario\Desktop\Thesis\Pipeline\Real-time-visual-defect-detection\data\outputs\Experiment 5\coldstart_csflow_real_iad_bottle_cap_motion_blur_s3,csflow,bottle_cap,Tesla T4,motion_blur,3,0.9217759776992508,0.9645485103542616,0.9891219381483594,0.9024140846481964,0.9301690121113374,161.59050119214692,1779859227900930500,2583
coldstart_csflow_real_iad_bottle_cap_shot_noise_s1,C:\Users\Usuario\Desktop\Thesis\Pipeline\Real-time-visual-defect-detection\data\outputs\Experiment 5\coldstart_csflow_real_iad_bottle_cap_shot_noise_s1,csflow,bottle_cap,Tesla T4,shot_noise,1,0.98515751090195,0.9924708675753036,0.999,0.91807425773924,0.9509674326580158,142.5707222117683,1779859228972464400,2553
coldstart_csflow_real_iad_bottle_cap_shot_noise_s2,C:\Users\Usuario\Desktop\Thesis\Pipeline\Real-time-visual-defect-detection\data\outputs\Experiment 5\coldstart_csflow_real_iad_bottle_cap_shot_noise_s2,csflow,bottle_cap,Tesla T4,shot_noise,2,0.97465718861352,0.9875658271177582,0.999,0.9170727895993004,0.94067817356842,141.65274973613734,1779859228983693100,2572
coldstart_csflow_real_iad_bottle_cap_shot_noise_s3,C:\Users\Usuario\Desktop\Thesis\Pipeline\Real-time-visual-defect-detection\data\outputs\Experiment 5\coldstart_csflow_real_iad_bottle_cap_shot_noise_s3,csflow,bottle_cap,Tesla T4,shot_noise,3,0.9447420057633122,0.9715266998608872,0.999,0.920189101654586,0.9468467981972928,138.5486934069272,1779859228992210100,2574
coldstart_csflow_real_iad_button_battery_gaussian_noise_s1,C:\Users\Usuario\Desktop\Thesis\Pipeline\Real-time-visual-defect-detection\data\outputs\Experiment 5\coldstart_csflow_real_iad_button_battery_gaussian_noise_s1,csflow,button_battery,Tesla T4,gaussian_noise,1,0.8446148567052487,0.9227208075704288,0.999,0.3053522740380168,0.4675270074593718,149.78386016679443,1779859226725135400,2580
coldstart_csflow_real_iad_button_battery_gaussian_noise_s2,C:\Users\Usuario\Desktop\Thesis\Pipeline\Real-time-visual-defect-detection\data\outputs\Experiment 5\coldstart_csflow_real_iad_button_battery_gaussian_noise_s2,csflow,button_battery,Tesla T4,gaussian_noise,2,0.8269261371440665,0.9127451867687956,0.992243533716474,0.291277920570022,0.4537054246365566,152.57103283794677,1779859226746471400,2596
coldstart_csflow_real_iad_button_battery_gaussian_noise_s3,C:\Users\Usuario\Desktop\Thesis\Pipeline\Real-time-visual-defect-detection\data\outputs\Experiment 5\coldstart_csflow_real_iad_button_battery_gaussian_noise_s3,csflow,button_battery,Tesla T4,gaussian_noise,3,0.8048949779781843,0.9166679445569784,0.987292347494152,0.2917720013611049,0.4510442091852936,153.22146188788696,1779859226755030900,2589
coldstart_csflow_real_iad_button_battery_motion_blur_s1,C:\Users\Usuario\Desktop\Thesis\Pipeline\Real-time-visual-defect-detection\data\outputs\Experiment 5\coldstart_csflow_real_iad_button_battery_motion_blur_s1,csflow,button_battery,Tesla T4,motion_blur,1,0.8608126883781831,0.9412670990880982,0.999,0.2832177220970041,0.4425773495897526,162.61588020567825,1779859227910018700,2556
coldstart_csflow_real_iad_button_battery_motion_blur_s2,C:\Users\Usuario\Desktop\Thesis\Pipeline\Real-time-visual-defect-detection\data\outputs\Experiment 5\coldstart_csflow_real_iad_button_battery_motion_blur_s2,csflow,button_battery,Tesla T4,motion_blur,2,0.8286364062442747,0.9419511960880296,0.999,0.2711530588243134,0.430449113765793,163.51328382264575,1779859227916941100,2561
coldstart_csflow_real_iad_button_battery_motion_blur_s3,C:\Users\Usuario\Desktop\Thesis\Pipeline\Real-time-visual-defect-detection\data\outputs\Experiment 5\coldstart_csflow_real_iad_button_battery_motion_blur_s3,csflow,button_battery,Tesla T4,motion_blur,3,0.8243331447337118,0.9176319587627124,0.999,0.2358596324329308,0.3870956599516924,163.87831247214598,1779859227927029300,2573
coldstart_csflow_real_iad_button_battery_shot_noise_s1,C:\Users\Usuario\Desktop\Thesis\Pipeline\Real-time-visual-defect-detection\data\outputs\Experiment 5\coldstart_csflow_real_iad_button_battery_shot_noise_s1,csflow,button_battery,Tesla T4,shot_noise,1,0.8572353311995649,0.9321652854303512,0.9985404839329612,0.2817271984324823,0.4405534248550123,140.52793907024207,1779859229023233900,2573
coldstart_csflow_real_iad_button_battery_shot_noise_s2,C:\Users\Usuario\Desktop\Thesis\Pipeline\Real-time-visual-defect-detection\data\outputs\Experiment 5\coldstart_csflow_real_iad_button_battery_shot_noise_s2,csflow,button_battery,Tesla T4,shot_noise,2,0.8373381715441413,0.9365224261243807,0.9825159924729492,0.2810230359120506,0.4403780440687772,142.8801963327794,1779859229031232100,2588
coldstart_csflow_real_iad_button_battery_shot_noise_s3,C:\Users\Usuario\Desktop\Thesis\Pipeline\Real-time-visual-defect-detection\data\outputs\Experiment 5\coldstart_csflow_real_iad_button_battery_shot_noise_s3,csflow,button_battery,Tesla T4,shot_noise,3,0.8060282726134163,0.9162001572436244,0.999,0.2428604680075271,0.3964866229319401,143.1174614536272,1779859229042870000,2570
coldstart_csflow_real_iad_end_cap_gaussian_noise_s1,C:\Users\Usuario\Desktop\Thesis\Pipeline\Real-time-visual-defect-detection\data\outputs\Experiment 5\coldstart_csflow_real_iad_end_cap_gaussian_noise_s1,csflow,end_cap,Tesla T4,gaussian_noise,1,0.7384535030335284,0.8875101873376962,0.9834765430905048,0.1540112096996569,0.2625609226323523,149.65009335789006,1779859226762029800,2596
coldstart_csflow_real_iad_end_cap_gaussian_noise_s2,C:\Users\Usuario\Desktop\Thesis\Pipeline\Real-time-visual-defect-detection\data\outputs\Experiment 5\coldstart_csflow_real_iad_end_cap_gaussian_noise_s2,csflow,end_cap,Tesla T4,gaussian_noise,2,0.7130095982962938,0.8652547595441956,0.9589604198565154,0.1425712346032877,0.2461709064561077,149.656384605582,1779859226773053500,2595
coldstart_csflow_real_iad_end_cap_gaussian_noise_s3,C:\Users\Usuario\Desktop\Thesis\Pipeline\Real-time-visual-defect-detection\data\outputs\Experiment 5\coldstart_csflow_real_iad_end_cap_gaussian_noise_s3,csflow,end_cap,Tesla T4,gaussian_noise,3,0.7017401960383463,0.8625964886060044,0.999,0.1431763165261456,0.250671625178513,150.48387777403883,1779859226786400600,2576
coldstart_csflow_real_iad_end_cap_motion_blur_s1,C:\Users\Usuario\Desktop\Thesis\Pipeline\Real-time-visual-defect-detection\data\outputs\Experiment 5\coldstart_csflow_real_iad_end_cap_motion_blur_s1,csflow,end_cap,Tesla T4,motion_blur,1,0.7689225476429229,0.9096271207322932,0.999,0.1388995062437797,0.2449399728373627,164.5184915238735,1779859227940181400,2558
coldstart_csflow_real_iad_end_cap_motion_blur_s2,C:\Users\Usuario\Desktop\Thesis\Pipeline\Real-time-visual-defect-detection\data\outputs\Experiment 5\coldstart_csflow_real_iad_end_cap_motion_blur_s2,csflow,end_cap,Tesla T4,motion_blur,2,0.7550764795356035,0.8922345229075268,0.999,0.0968767377414935,0.181073332247809,162.57617397438392,1779859227950558400,2564
coldstart_csflow_real_iad_end_cap_motion_blur_s3,C:\Users\Usuario\Desktop\Thesis\Pipeline\Real-time-visual-defect-detection\data\outputs\Experiment 5\coldstart_csflow_real_iad_end_cap_motion_blur_s3,csflow,end_cap,Tesla T4,motion_blur,3,0.7532650568939522,0.9028961951782428,0.999,0.0977056467369764,0.1833824458180913,159.8314702620839,1779859227968333500,2578
coldstart_csflow_real_iad_end_cap_shot_noise_s1,C:\Users\Usuario\Desktop\Thesis\Pipeline\Real-time-visual-defect-detection\data\outputs\Experiment 5\coldstart_csflow_real_iad_end_cap_shot_noise_s1,csflow,end_cap,Tesla T4,shot_noise,1,0.7812983775051345,0.9226609938039756,0.9889515970267624,0.1234297156072931,0.2202159176657228,140.43171209306809,1779859229060244700,2567
coldstart_csflow_real_iad_end_cap_shot_noise_s2,C:\Users\Usuario\Desktop\Thesis\Pipeline\Real-time-visual-defect-detection\data\outputs\Experiment 5\coldstart_csflow_real_iad_end_cap_shot_noise_s2,csflow,end_cap,Tesla T4,shot_noise,2,0.7548619793408117,0.9099565834777658,0.999,0.1050113203748472,0.1937955526856145,140.21536942463456,1779859229070123800,2563
coldstart_csflow_real_iad_end_cap_shot_noise_s3,C:\Users\Usuario\Desktop\Thesis\Pipeline\Real-time-visual-defect-detection\data\outputs\Experiment 5\coldstart_csflow_real_iad_end_cap_shot_noise_s3,csflow,end_cap,Tesla T4,shot_noise,3,0.7738839670907138,0.902577580465435,0.999,0.1239710710333043,0.2231129926023892,141.20240353476052,1779859229084393500,2571
coldstart_csflow_real_iad_eraser_gaussian_noise_s1,C:\Users\Usuario\Desktop\Thesis\Pipeline\Real-time-visual-defect-detection\data\outputs\Experiment 5\coldstart_csflow_real_iad_eraser_gaussian_noise_s1,csflow,eraser,Tesla T4,gaussian_noise,1,0.7520283047816064,0.9003302859616419,0.997895736559488,0.230936785023528,0.3692837471272894,154.3342754545035,1779859226796401500,2589
coldstart_csflow_real_iad_eraser_gaussian_noise_s2,C:\Users\Usuario\Desktop\Thesis\Pipeline\Real-time-visual-defect-detection\data\outputs\Experiment 5\coldstart_csflow_real_iad_eraser_gaussian_noise_s2,csflow,eraser,Tesla T4,gaussian_noise,2,0.7397187652175944,0.8900778171127345,0.9968743809354648,0.2089103088526485,0.3418038986596937,151.4225271755325,1779859226804170200,2592
coldstart_csflow_real_iad_eraser_gaussian_noise_s3,C:\Users\Usuario\Desktop\Thesis\Pipeline\Real-time-visual-defect-detection\data\outputs\Experiment 5\coldstart_csflow_real_iad_eraser_gaussian_noise_s3,csflow,eraser,Tesla T4,gaussian_noise,3,0.7099553248463072,0.8865438931926568,0.999,0.2029862357083491,0.3391378282480565,153.071559320289,1779859226812165600,2575
coldstart_csflow_real_iad_eraser_motion_blur_s1,C:\Users\Usuario\Desktop\Thesis\Pipeline\Real-time-visual-defect-detection\data\outputs\Experiment 5\coldstart_csflow_real_iad_eraser_motion_blur_s1,csflow,eraser,Tesla T4,motion_blur,1,0.7183342670936899,0.893968340190662,0.99416828916567,0.1904100206720172,0.3197260212347281,164.62136502300226,1779859227981445100,2579
coldstart_csflow_real_iad_eraser_motion_blur_s2,C:\Users\Usuario\Desktop\Thesis\Pipeline\Real-time-visual-defect-detection\data\outputs\Experiment 5\coldstart_csflow_real_iad_eraser_motion_blur_s2,csflow,eraser,Tesla T4,motion_blur,2,0.7298967999473355,0.8890305539199224,0.9444840725122906,0.1975883583708155,0.3240432990176247,162.1322627214748,1779859227991475400,2576
coldstart_csflow_real_iad_eraser_motion_blur_s3,C:\Users\Usuario\Desktop\Thesis\Pipeline\Real-time-visual-defect-detection\data\outputs\Experiment 5\coldstart_csflow_real_iad_eraser_motion_blur_s3,csflow,eraser,Tesla T4,motion_blur,3,0.7240886714396663,0.881415394607246,0.9584430262817262,0.181509601050317,0.306440751348593,163.70152363174128,1779859228005822500,2591
coldstart_csflow_real_iad_eraser_shot_noise_s1,C:\Users\Usuario\Desktop\Thesis\Pipeline\Real-time-visual-defect-detection\data\outputs\Experiment 5\coldstart_csflow_real_iad_eraser_shot_noise_s1,csflow,eraser,Tesla T4,shot_noise,1,0.7594334950624128,0.8882889752816839,0.999,0.1740452852235066,0.2964704912550173,141.21827565664128,1779859229093504800,2557
coldstart_csflow_real_iad_eraser_shot_noise_s2,C:\Users\Usuario\Desktop\Thesis\Pipeline\Real-time-visual-defect-detection\data\outputs\Experiment 5\coldstart_csflow_real_iad_eraser_shot_noise_s2,csflow,eraser,Tesla T4,shot_noise,2,0.7839506469923756,0.9034567038928926,0.941975271427628,0.1744020626751664,0.2915549338853338,143.63887420288538,1779859229105975100,2590
coldstart_csflow_real_iad_eraser_shot_noise_s3,C:\Users\Usuario\Desktop\Thesis\Pipeline\Real-time-visual-defect-detection\data\outputs\Experiment 5\coldstart_csflow_real_iad_eraser_shot_noise_s3,csflow,eraser,Tesla T4,shot_noise,3,0.7578954380957114,0.909680329391838,0.651612453687713,0.1564724881301921,0.2511933912122668,142.6087848747663,1779859229114970600,2582
coldstart_csflow_real_iad_fire_hood_gaussian_noise_s1,C:\Users\Usuario\Desktop\Thesis\Pipeline\Real-time-visual-defect-detection\data\outputs\Experiment 5\coldstart_csflow_real_iad_fire_hood_gaussian_noise_s1,csflow,fire_hood,Tesla T4,gaussian_noise,1,0.8105089275251729,0.9068014371735011,0.9539550031696,0.2032079666640192,0.3306970411475978,150.28392853279,1779859226821000300,2580
coldstart_csflow_real_iad_fire_hood_gaussian_noise_s2,C:\Users\Usuario\Desktop\Thesis\Pipeline\Real-time-visual-defect-detection\data\outputs\Experiment 5\coldstart_csflow_real_iad_fire_hood_gaussian_noise_s2,csflow,fire_hood,Tesla T4,gaussian_noise,2,0.8221270480403512,0.9136218928292874,0.9714116101402246,0.1825465543185788,0.3064996719333288,149.84951394148283,1779859226829076000,2592
coldstart_csflow_real_iad_fire_hood_gaussian_noise_s3,C:\Users\Usuario\Desktop\Thesis\Pipeline\Real-time-visual-defect-detection\data\outputs\Experiment 5\coldstart_csflow_real_iad_fire_hood_gaussian_noise_s3,csflow,fire_hood,Tesla T4,gaussian_noise,3,0.8037184705034189,0.9001242442215102,0.9694716441889816,0.1865597659414961,0.3115690442691196,149.95201171322358,1779859226842344800,2592
coldstart_csflow_real_iad_fire_hood_motion_blur_s1,C:\Users\Usuario\Desktop\Thesis\Pipeline\Real-time-visual-defect-detection\data\outputs\Experiment 5\coldstart_csflow_real_iad_fire_hood_motion_blur_s1,csflow,fire_hood,Tesla T4,motion_blur,1,0.7961780575577847,0.9063926208499274,0.9795949543480248,0.1707488810717319,0.2915979109384956,161.40174903357718,1779859228013822900,2568
coldstart_csflow_real_iad_fire_hood_motion_blur_s2,C:\Users\Usuario\Desktop\Thesis\Pipeline\Real-time-visual-defect-detection\data\outputs\Experiment 5\coldstart_csflow_real_iad_fire_hood_motion_blur_s2,csflow,fire_hood,Tesla T4,motion_blur,2,0.8098162236888458,0.9202917275194398,0.9614685228834456,0.1536363604679375,0.2635036999105458,163.59355019326992,1779859228024989200,2571
coldstart_csflow_real_iad_fire_hood_motion_blur_s3,C:\Users\Usuario\Desktop\Thesis\Pipeline\Real-time-visual-defect-detection\data\outputs\Experiment 5\coldstart_csflow_real_iad_fire_hood_motion_blur_s3,csflow,fire_hood,Tesla T4,motion_blur,3,0.8069739942610694,0.9195362045756718,0.9744967343879164,0.1653128658208604,0.2819041733594585,163.037492763099,1779859228034168300,2584
coldstart_csflow_real_iad_fire_hood_shot_noise_s1,C:\Users\Usuario\Desktop\Thesis\Pipeline\Real-time-visual-defect-detection\data\outputs\Experiment 5\coldstart_csflow_real_iad_fire_hood_shot_noise_s1,csflow,fire_hood,Tesla T4,shot_noise,1,0.8037846439139218,0.9116568557498642,0.9791634413231388,0.2716352627753864,0.4247894475742655,140.5796854608293,1779859229122933800,2558
coldstart_csflow_real_iad_fire_hood_shot_noise_s2,C:\Users\Usuario\Desktop\Thesis\Pipeline\Real-time-visual-defect-detection\data\outputs\Experiment 5\coldstart_csflow_real_iad_fire_hood_shot_noise_s2,csflow,fire_hood,Tesla T4,shot_noise,2,0.8244610720808584,0.9174415012878662,0.9890774407815534,0.2244256953665269,0.3663573355000999,139.88188325301314,1779859229135763400,2571
coldstart_csflow_real_iad_fire_hood_shot_noise_s3,C:\Users\Usuario\Desktop\Thesis\Pipeline\Real-time-visual-defect-detection\data\outputs\Experiment 5\coldstart_csflow_real_iad_fire_hood_shot_noise_s3,csflow,fire_hood,Tesla T4,shot_noise,3,0.8245500497069874,0.9290460159418256,0.9580050232198878,0.2575598293680779,0.4032285253150293,139.94125194292738,1779859229145759200,2575
coldstart_csflow_real_iad_mint_gaussian_noise_s1,C:\Users\Usuario\Desktop\Thesis\Pipeline\Real-time-visual-defect-detection\data\outputs\Experiment 5\coldstart_csflow_real_iad_mint_gaussian_noise_s1,csflow,mint,Tesla T4,gaussian_noise,1,0.4255137389906028,0.9326552330034366,0.8238232127529261,0.0307789436901206,0.0566761213006768,150.8025090458357,1779859226853047400,2595
coldstart_csflow_real_iad_mint_gaussian_noise_s2,C:\Users\Usuario\Desktop\Thesis\Pipeline\Real-time-visual-defect-detection\data\outputs\Experiment 5\coldstart_csflow_real_iad_mint_gaussian_noise_s2,csflow,mint,Tesla T4,gaussian_noise,2,0.4177027095198714,0.9145198951587964,0.8210009552806937,0.0334411157558805,0.061514671609601,150.27890734103977,1779859226862045300,2599
coldstart_csflow_real_iad_mint_gaussian_noise_s3,C:\Users\Usuario\Desktop\Thesis\Pipeline\Real-time-visual-defect-detection\data\outputs\Experiment 5\coldstart_csflow_real_iad_mint_gaussian_noise_s3,csflow,mint,Tesla T4,gaussian_noise,3,0.3929052932019963,0.915432110137866,0.7984273408067736,0.0320057491472092,0.0583186689373281,147.56152087654178,1779859226871086300,2586
coldstart_csflow_real_iad_mint_motion_blur_s1,C:\Users\Usuario\Desktop\Thesis\Pipeline\Real-time-visual-defect-detection\data\outputs\Experiment 5\coldstart_csflow_real_iad_mint_motion_blur_s1,csflow,mint,Tesla T4,motion_blur,1,0.4376537226463611,0.9509852035672212,0.8388761247249079,0.0264808520587852,0.0487863935393889,161.35092455054962,1779859228067396100,2580
coldstart_csflow_real_iad_mint_motion_blur_s2,C:\Users\Usuario\Desktop\Thesis\Pipeline\Real-time-visual-defect-detection\data\outputs\Experiment 5\coldstart_csflow_real_iad_mint_motion_blur_s2,csflow,mint,Tesla T4,motion_blur,2,0.3977741758618044,0.928955744010968,0.8405007969731841,0.0215758377557428,0.0411096167548487,161.30773664482237,1779859228075393000,2573
coldstart_csflow_real_iad_mint_motion_blur_s3,C:\Users\Usuario\Desktop\Thesis\Pipeline\Real-time-visual-defect-detection\data\outputs\Experiment 5\coldstart_csflow_real_iad_mint_motion_blur_s3,csflow,mint,Tesla T4,motion_blur,3,0.4103893295564078,0.9308528879211224,0.8719653287849489,0.0151358210407127,0.0292610309318948,158.48792595588966,1779859228084417100,2594
coldstart_csflow_real_iad_mint_shot_noise_s1,C:\Users\Usuario\Desktop\Thesis\Pipeline\Real-time-visual-defect-detection\data\outputs\Experiment 5\coldstart_csflow_real_iad_mint_shot_noise_s1,csflow,mint,Tesla T4,shot_noise,1,0.3950806115943432,0.9280554988563312,0.8572147520171539,0.0266062417573424,0.0498521050616743,137.37202067516665,1779859229153952600,2567
coldstart_csflow_real_iad_mint_shot_noise_s2,C:\Users\Usuario\Desktop\Thesis\Pipeline\Real-time-visual-defect-detection\data\outputs\Experiment 5\coldstart_csflow_real_iad_mint_shot_noise_s2,csflow,mint,Tesla T4,shot_noise,2,0.3896733318241278,0.9439034237250132,0.8605535274665541,0.0265209735249709,0.049792522376094,137.09040016497917,1779859229162954900,2584
coldstart_csflow_real_iad_mint_shot_noise_s3,C:\Users\Usuario\Desktop\Thesis\Pipeline\Real-time-visual-defect-detection\data\outputs\Experiment 5\coldstart_csflow_real_iad_mint_shot_noise_s3,csflow,mint,Tesla T4,shot_noise,3,0.4183484896125226,0.9441572472039724,0.8778939650714853,0.0142685531215702,0.0282311564838024,139.66511873714427,1779859229170904600,2589
coldstart_csflow_real_iad_mounts_gaussian_noise_s1,C:\Users\Usuario\Desktop\Thesis\Pipeline\Real-time-visual-defect-detection\data\outputs\Experiment 5\coldstart_csflow_real_iad_mounts_gaussian_noise_s1,csflow,mounts,Tesla T4,gaussian_noise,1,0.7943155875216323,0.910961701276626,0.9638570101084518,0.5445524696782338,0.6921608244816446,151.06656687315376,1779859226879154900,2596
coldstart_csflow_real_iad_mounts_gaussian_noise_s2,C:\Users\Usuario\Desktop\Thesis\Pipeline\Real-time-visual-defect-detection\data\outputs\Experiment 5\coldstart_csflow_real_iad_mounts_gaussian_noise_s2,csflow,mounts,Tesla T4,gaussian_noise,2,0.7977358731906313,0.918984726304468,0.9527891583840916,0.5138909552762315,0.6786010664311092,151.14746616372133,1779859226892872200,2595
coldstart_csflow_real_iad_mounts_gaussian_noise_s3,C:\Users\Usuario\Desktop\Thesis\Pipeline\Real-time-visual-defect-detection\data\outputs\Experiment 5\coldstart_csflow_real_iad_mounts_gaussian_noise_s3,csflow,mounts,Tesla T4,gaussian_noise,3,0.7713152141891356,0.9123072745250972,0.9791277884305344,0.4952804347146289,0.6622476563440435,148.6849506368851,1779859226900936000,2598
coldstart_csflow_real_iad_mounts_motion_blur_s1,C:\Users\Usuario\Desktop\Thesis\Pipeline\Real-time-visual-defect-detection\data\outputs\Experiment 5\coldstart_csflow_real_iad_mounts_motion_blur_s1,csflow,mounts,Tesla T4,motion_blur,1,0.8154420527966321,0.9219441810439274,0.955115723640194,0.4927906099646423,0.6582336155114002,161.93237581067416,1779859228092436800,2575
coldstart_csflow_real_iad_mounts_motion_blur_s2,C:\Users\Usuario\Desktop\Thesis\Pipeline\Real-time-visual-defect-detection\data\outputs\Experiment 5\coldstart_csflow_real_iad_mounts_motion_blur_s2,csflow,mounts,Tesla T4,motion_blur,2,0.8006795063635772,0.9328328054616876,0.9921436878041628,0.493953995066589,0.6578817250285259,160.47308939267975,1779859228102608800,2555
coldstart_csflow_real_iad_mounts_motion_blur_s3,C:\Users\Usuario\Desktop\Thesis\Pipeline\Real-time-visual-defect-detection\data\outputs\Experiment 5\coldstart_csflow_real_iad_mounts_motion_blur_s3,csflow,mounts,Tesla T4,motion_blur,3,0.7916211126732086,0.9168601047239324,0.9038221647191862,0.479193278821298,0.6375007887901886,160.95993005905908,1779859228111608500,2593
coldstart_csflow_real_iad_mounts_shot_noise_s1,C:\Users\Usuario\Desktop\Thesis\Pipeline\Real-time-visual-defect-detection\data\outputs\Experiment 5\coldstart_csflow_real_iad_mounts_shot_noise_s1,csflow,mounts,Tesla T4,shot_noise,1,0.8060928389019507,0.9257145884946602,0.9267536089621404,0.5182527931620873,0.6603385704621996,139.03705199415273,1779859229181005300,2581
coldstart_csflow_real_iad_mounts_shot_noise_s2,C:\Users\Usuario\Desktop\Thesis\Pipeline\Real-time-visual-defect-detection\data\outputs\Experiment 5\coldstart_csflow_real_iad_mounts_shot_noise_s2,csflow,mounts,Tesla T4,shot_noise,2,0.7986134417138286,0.9269365950589082,0.9878465768240144,0.4991953720271574,0.6636706398508866,138.2774058177249,1779859229191866100,2589
coldstart_csflow_real_iad_mounts_shot_noise_s3,C:\Users\Usuario\Desktop\Thesis\Pipeline\Real-time-visual-defect-detection\data\outputs\Experiment 5\coldstart_csflow_real_iad_mounts_shot_noise_s3,csflow,mounts,Tesla T4,shot_noise,3,0.7888220028432608,0.918540389491326,0.5931931874542736,0.5002708944343732,0.5684016493570713,139.32983978023114,1779859229200771800,2583
coldstart_csflow_real_iad_pcb_gaussian_noise_s1,C:\Users\Usuario\Desktop\Thesis\Pipeline\Real-time-visual-defect-detection\data\outputs\Experiment 5\coldstart_csflow_real_iad_pcb_gaussian_noise_s1,csflow,pcb,Tesla T4,gaussian_noise,1,0.6956394972491649,0.838221393714276,0.9731344308246482,0.0802901389161359,0.138291163473942,150.00590730552798,1779859226910035800,2589
coldstart_csflow_real_iad_pcb_gaussian_noise_s2,C:\Users\Usuario\Desktop\Thesis\Pipeline\Real-time-visual-defect-detection\data\outputs\Experiment 5\coldstart_csflow_real_iad_pcb_gaussian_noise_s2,csflow,pcb,Tesla T4,gaussian_noise,2,0.6821016553434995,0.8330297887113526,0.9922050421952316,0.0952338509720528,0.1556881481939948,153.1397938191046,1779859226916992300,2594
coldstart_csflow_real_iad_pcb_gaussian_noise_s3,C:\Users\Usuario\Desktop\Thesis\Pipeline\Real-time-visual-defect-detection\data\outputs\Experiment 5\coldstart_csflow_real_iad_pcb_gaussian_noise_s3,csflow,pcb,Tesla T4,gaussian_noise,3,0.6628861572771492,0.8396094018772934,0.966309191525313,0.08096159151258,0.1390114376946568,151.22162402856526,1779859226929087400,2589
coldstart_csflow_real_iad_pcb_motion_blur_s1,C:\Users\Usuario\Desktop\Thesis\Pipeline\Real-time-visual-defect-detection\data\outputs\Experiment 5\coldstart_csflow_real_iad_pcb_motion_blur_s1,csflow,pcb,Tesla T4,motion_blur,1,0.7007692630133402,0.8518627507745639,0.988153041232278,0.0122578253951543,0.025904424542615,160.7516756298002,1779859228120282100,2559
coldstart_csflow_real_iad_pcb_motion_blur_s2,C:\Users\Usuario\Desktop\Thesis\Pipeline\Real-time-visual-defect-detection\data\outputs\Experiment 5\coldstart_csflow_real_iad_pcb_motion_blur_s2,csflow,pcb,Tesla T4,motion_blur,2,0.6936153635674384,0.8523119389965516,0.999,0.0042077166808405,0.012891660689102,163.8188405109225,1779859228129430400,2560
coldstart_csflow_real_iad_pcb_motion_blur_s3,C:\Users\Usuario\Desktop\Thesis\Pipeline\Real-time-visual-defect-detection\data\outputs\Experiment 5\coldstart_csflow_real_iad_pcb_motion_blur_s3,csflow,pcb,Tesla T4,motion_blur,3,0.644165318166461,0.8470535770259836,0.999,0.001,0.0046685713370733,164.27122637956,1779859228141096900,2559
coldstart_csflow_real_iad_pcb_shot_noise_s1,C:\Users\Usuario\Desktop\Thesis\Pipeline\Real-time-visual-defect-detection\data\outputs\Experiment 5\coldstart_csflow_real_iad_pcb_shot_noise_s1,csflow,pcb,Tesla T4,shot_noise,1,0.7182186881054595,0.8785898121605471,0.999,0.0453947517967004,0.0851795376748365,142.68812012068008,1779859229215879400,2556
coldstart_csflow_real_iad_pcb_shot_noise_s2,C:\Users\Usuario\Desktop\Thesis\Pipeline\Real-time-visual-defect-detection\data\outputs\Experiment 5\coldstart_csflow_real_iad_pcb_shot_noise_s2,csflow,pcb,Tesla T4,shot_noise,2,0.7097502058309239,0.8560418543220151,0.999,0.0479295559637828,0.0882428125960702,141.14137797238388,1779859229227017900,2574
coldstart_csflow_real_iad_pcb_shot_noise_s3,C:\Users\Usuario\Desktop\Thesis\Pipeline\Real-time-visual-defect-detection\data\outputs\Experiment 5\coldstart_csflow_real_iad_pcb_shot_noise_s3,csflow,pcb,Tesla T4,shot_noise,3,0.6852930461698957,0.8524474145340952,0.999,0.0246608580776317,0.0495322097441234,140.64647217928209,1779859229238149000,2569
coldstart_csflow_real_iad_phone_battery_gaussian_noise_s1,C:\Users\Usuario\Desktop\Thesis\Pipeline\Real-time-visual-defect-detection\data\outputs\Experiment 5\coldstart_csflow_real_iad_phone_battery_gaussian_noise_s1,csflow,phone_battery,Tesla T4,gaussian_noise,1,0.6269653501123419,0.8337122327670113,0.9841130290739586,0.1567008177857952,0.2695394092217762,148.86309455607883,1779859226939833800,2595
coldstart_csflow_real_iad_phone_battery_gaussian_noise_s2,C:\Users\Usuario\Desktop\Thesis\Pipeline\Real-time-visual-defect-detection\data\outputs\Experiment 5\coldstart_csflow_real_iad_phone_battery_gaussian_noise_s2,csflow,phone_battery,Tesla T4,gaussian_noise,2,0.6102831917359928,0.831393960923142,0.9885521455180588,0.1579218573752216,0.2740755094786068,148.69499664127787,1779859226947835400,2594
coldstart_csflow_real_iad_phone_battery_gaussian_noise_s3,C:\Users\Usuario\Desktop\Thesis\Pipeline\Real-time-visual-defect-detection\data\outputs\Experiment 5\coldstart_csflow_real_iad_phone_battery_gaussian_noise_s3,csflow,phone_battery,Tesla T4,gaussian_noise,3,0.5944732418604797,0.8196905539549677,0.977311535285602,0.1466515469102799,0.2590285060700585,148.6751360637273,1779859226957718800,2596
coldstart_csflow_real_iad_phone_battery_motion_blur_s1,C:\Users\Usuario\Desktop\Thesis\Pipeline\Real-time-visual-defect-detection\data\outputs\Experiment 5\coldstart_csflow_real_iad_phone_battery_motion_blur_s1,csflow,phone_battery,Tesla T4,motion_blur,1,0.6044670113493937,0.853999591557657,0.999,0.143890304418432,0.2531214173739374,159.231611136152,1779859228152575900,2556
coldstart_csflow_real_iad_phone_battery_motion_blur_s2,C:\Users\Usuario\Desktop\Thesis\Pipeline\Real-time-visual-defect-detection\data\outputs\Experiment 5\coldstart_csflow_real_iad_phone_battery_motion_blur_s2,csflow,phone_battery,Tesla T4,motion_blur,2,0.5700491744331193,0.8256587988133209,0.999,0.1437043202482441,0.2526804881903834,161.87685306375417,1779859228160573600,2560
coldstart_csflow_real_iad_phone_battery_motion_blur_s3,C:\Users\Usuario\Desktop\Thesis\Pipeline\Real-time-visual-defect-detection\data\outputs\Experiment 5\coldstart_csflow_real_iad_phone_battery_motion_blur_s3,csflow,phone_battery,Tesla T4,motion_blur,3,0.5162799068455958,0.8146199676487004,0.999,0.0919645563877182,0.1728872501781185,159.9330648517663,1779859228172184300,2572
coldstart_csflow_real_iad_phone_battery_shot_noise_s1,C:\Users\Usuario\Desktop\Thesis\Pipeline\Real-time-visual-defect-detection\data\outputs\Experiment 5\coldstart_csflow_real_iad_phone_battery_shot_noise_s1,csflow,phone_battery,Tesla T4,shot_noise,1,0.6087589034880053,0.8487231472619206,0.9754035466527932,0.1457995878953686,0.2518618633793995,141.45054456816035,1779859229247142900,2577
coldstart_csflow_real_iad_phone_battery_shot_noise_s2,C:\Users\Usuario\Desktop\Thesis\Pipeline\Real-time-visual-defect-detection\data\outputs\Experiment 5\coldstart_csflow_real_iad_phone_battery_shot_noise_s2,csflow,phone_battery,Tesla T4,shot_noise,2,0.5896656726620034,0.8303037510122689,0.999,0.1403547470148749,0.2457155219001751,138.9821724273847,1779859229256939900,2577
coldstart_csflow_real_iad_phone_battery_shot_noise_s3,C:\Users\Usuario\Desktop\Thesis\Pipeline\Real-time-visual-defect-detection\data\outputs\Experiment 5\coldstart_csflow_real_iad_phone_battery_shot_noise_s3,csflow,phone_battery,Tesla T4,shot_noise,3,0.5664069446259943,0.8260212403664471,0.7522354670999865,0.1039138139736278,0.1893488075725433,138.21767214769807,1779859229266912800,2581
coldstart_csflow_real_iad_plastic_nut_gaussian_noise_s1,C:\Users\Usuario\Desktop\Thesis\Pipeline\Real-time-visual-defect-detection\data\outputs\Experiment 5\coldstart_csflow_real_iad_plastic_nut_gaussian_noise_s1,csflow,plastic_nut,Tesla T4,gaussian_noise,1,0.5577739985907714,0.7475800378016955,0.7384241495383067,0.4082550672836011,0.5276732102475713,150.85195394055722,1779859226968177400,2599
coldstart_csflow_real_iad_plastic_nut_gaussian_noise_s2,C:\Users\Usuario\Desktop\Thesis\Pipeline\Real-time-visual-defect-detection\data\outputs\Experiment 5\coldstart_csflow_real_iad_plastic_nut_gaussian_noise_s2,csflow,plastic_nut,Tesla T4,gaussian_noise,2,0.5625862708661377,0.7481665061484334,0.7396996949076148,0.4119196526813597,0.5316131383365416,148.4602568965579,1779859227011203800,2587
coldstart_csflow_real_iad_plastic_nut_gaussian_noise_s3,C:\Users\Usuario\Desktop\Thesis\Pipeline\Real-time-visual-defect-detection\data\outputs\Experiment 5\coldstart_csflow_real_iad_plastic_nut_gaussian_noise_s3,csflow,plastic_nut,Tesla T4,gaussian_noise,3,0.5646428462990664,0.7412670574123211,0.7617464616103583,0.4053829768253859,0.5295514595207332,150.8503516001288,1779859227025141000,2592
coldstart_csflow_real_iad_plastic_nut_motion_blur_s1,C:\Users\Usuario\Desktop\Thesis\Pipeline\Real-time-visual-defect-detection\data\outputs\Experiment 5\coldstart_csflow_real_iad_plastic_nut_motion_blur_s1,csflow,plastic_nut,Tesla T4,motion_blur,1,0.5744028205635235,0.7659165463793214,0.766485318833948,0.3523073592290912,0.4853947587863272,159.34492952197877,1779859228201564700,2583
coldstart_csflow_real_iad_plastic_nut_motion_blur_s2,C:\Users\Usuario\Desktop\Thesis\Pipeline\Real-time-visual-defect-detection\data\outputs\Experiment 5\coldstart_csflow_real_iad_plastic_nut_motion_blur_s2,csflow,plastic_nut,Tesla T4,motion_blur,2,0.5457970018422265,0.7450091366543282,0.7733464731595325,0.3439608332484855,0.4675365533629467,160.31843797054844,1779859228212578400,2571
coldstart_csflow_real_iad_plastic_nut_motion_blur_s3,C:\Users\Usuario\Desktop\Thesis\Pipeline\Real-time-visual-defect-detection\data\outputs\Experiment 5\coldstart_csflow_real_iad_plastic_nut_motion_blur_s3,csflow,plastic_nut,Tesla T4,motion_blur,3,0.5397465030719504,0.7490492563064646,0.8466783019449114,0.2937450148097066,0.4267990707264634,160.86377532450774,1779859228220417500,2586
coldstart_csflow_real_iad_plastic_nut_shot_noise_s1,C:\Users\Usuario\Desktop\Thesis\Pipeline\Real-time-visual-defect-detection\data\outputs\Experiment 5\coldstart_csflow_real_iad_plastic_nut_shot_noise_s1,csflow,plastic_nut,Tesla T4,shot_noise,1,0.5705579414909077,0.7605204145431912,0.725466503363407,0.3623702976029131,0.4775263380649399,138.30589175494617,1779859229277497800,2571
coldstart_csflow_real_iad_plastic_nut_shot_noise_s2,C:\Users\Usuario\Desktop\Thesis\Pipeline\Real-time-visual-defect-detection\data\outputs\Experiment 5\coldstart_csflow_real_iad_plastic_nut_shot_noise_s2,csflow,plastic_nut,Tesla T4,shot_noise,2,0.5791878953564039,0.7713455346956789,0.8073814033140075,0.3415018326293449,0.478992352811305,139.0444726199477,1779859229291729400,2588
coldstart_csflow_real_iad_plastic_nut_shot_noise_s3,C:\Users\Usuario\Desktop\Thesis\Pipeline\Real-time-visual-defect-detection\data\outputs\Experiment 5\coldstart_csflow_real_iad_plastic_nut_shot_noise_s3,csflow,plastic_nut,Tesla T4,shot_noise,3,0.5974915710909895,0.7685088217739299,0.8451540594046815,0.2985405840915178,0.4301355287051481,137.7006320980759,1779859229304778400,2577
coldstart_csflow_real_iad_plastic_plug_gaussian_noise_s1,C:\Users\Usuario\Desktop\Thesis\Pipeline\Real-time-visual-defect-detection\data\outputs\Experiment 5\coldstart_csflow_real_iad_plastic_plug_gaussian_noise_s1,csflow,plastic_plug,Tesla T4,gaussian_noise,1,0.7814564943278012,0.906483446336878,0.9312628175009936,0.1699877672962776,0.2820419573660265,152.2741185011192,1779859227048706400,2587
coldstart_csflow_real_iad_plastic_plug_gaussian_noise_s2,C:\Users\Usuario\Desktop\Thesis\Pipeline\Real-time-visual-defect-detection\data\outputs\Experiment 5\coldstart_csflow_real_iad_plastic_plug_gaussian_noise_s2,csflow,plastic_plug,Tesla T4,gaussian_noise,2,0.7570429771412635,0.8880520028186915,0.946416540833144,0.1609394293117676,0.2719868394652561,152.71853296391834,1779859227060316500,2592
coldstart_csflow_real_iad_plastic_plug_gaussian_noise_s3,C:\Users\Usuario\Desktop\Thesis\Pipeline\Real-time-visual-defect-detection\data\outputs\Experiment 5\coldstart_csflow_real_iad_plastic_plug_gaussian_noise_s3,csflow,plastic_plug,Tesla T4,gaussian_noise,3,0.7464111232511592,0.8872383238111533,0.927973711901881,0.1662136285512659,0.2767498931932394,150.7883062012965,1779859227072413800,2590
coldstart_csflow_real_iad_plastic_plug_motion_blur_s1,C:\Users\Usuario\Desktop\Thesis\Pipeline\Real-time-visual-defect-detection\data\outputs\Experiment 5\coldstart_csflow_real_iad_plastic_plug_motion_blur_s1,csflow,plastic_plug,Tesla T4,motion_blur,1,0.778088286660754,0.9094309922577384,0.9669687096554186,0.1536999939831558,0.2645939994861937,163.27668977268462,1779859228232558800,2570
coldstart_csflow_real_iad_plastic_plug_motion_blur_s2,C:\Users\Usuario\Desktop\Thesis\Pipeline\Real-time-visual-defect-detection\data\outputs\Experiment 5\coldstart_csflow_real_iad_plastic_plug_motion_blur_s2,csflow,plastic_plug,Tesla T4,motion_blur,2,0.7829265614791945,0.9183595854447296,0.9916049855884422,0.1400349261949658,0.2506108896989978,161.473919259005,1779859228247667500,2558
coldstart_csflow_real_iad_plastic_plug_motion_blur_s3,C:\Users\Usuario\Desktop\Thesis\Pipeline\Real-time-visual-defect-detection\data\outputs\Experiment 5\coldstart_csflow_real_iad_plastic_plug_motion_blur_s3,csflow,plastic_plug,Tesla T4,motion_blur,3,0.7685646528304743,0.9008417906085074,0.9793172500061388,0.1404984563828427,0.2498850442227827,159.86894780758266,1779859228258633700,2588
coldstart_csflow_real_iad_plastic_plug_shot_noise_s1,C:\Users\Usuario\Desktop\Thesis\Pipeline\Real-time-visual-defect-detection\data\outputs\Experiment 5\coldstart_csflow_real_iad_plastic_plug_shot_noise_s1,csflow,plastic_plug,Tesla T4,shot_noise,1,0.7970547812436571,0.9162394982520118,0.9123897287591358,0.1446903626419086,0.2464705217637519,139.83112043439215,1779859229314582000,2568
coldstart_csflow_real_iad_plastic_plug_shot_noise_s2,C:\Users\Usuario\Desktop\Thesis\Pipeline\Real-time-visual-defect-detection\data\outputs\Experiment 5\coldstart_csflow_real_iad_plastic_plug_shot_noise_s2,csflow,plastic_plug,Tesla T4,shot_noise,2,0.7577443221614325,0.8984104930103552,0.9206936582072917,0.1412802665188131,0.2480443200258979,139.75583723939852,1779859229323071100,2588
coldstart_csflow_real_iad_plastic_plug_shot_noise_s3,C:\Users\Usuario\Desktop\Thesis\Pipeline\Real-time-visual-defect-detection\data\outputs\Experiment 5\coldstart_csflow_real_iad_plastic_plug_shot_noise_s3,csflow,plastic_plug,Tesla T4,shot_noise,3,0.7332620716825132,0.9023500361744898,0.9796957117742752,0.130144451511247,0.2307056713200143,142.45582253980993,1779859229334490600,2596
coldstart_csflow_real_iad_porcelain_doll_gaussian_noise_s1,C:\Users\Usuario\Desktop\Thesis\Pipeline\Real-time-visual-defect-detection\data\outputs\Experiment 5\coldstart_csflow_real_iad_porcelain_doll_gaussian_noise_s1,csflow,porcelain_doll,Tesla T4,gaussian_noise,1,0.463558847044127,0.7185128244793033,0.9201505112751048,0.0360399469514616,0.0686790473490172,150.60460138002395,1779859227081413900,2598
coldstart_csflow_real_iad_porcelain_doll_gaussian_noise_s2,C:\Users\Usuario\Desktop\Thesis\Pipeline\Real-time-visual-defect-detection\data\outputs\Experiment 5\coldstart_csflow_real_iad_porcelain_doll_gaussian_noise_s2,csflow,porcelain_doll,Tesla T4,gaussian_noise,2,0.4678770707481947,0.7179106316213428,0.9341105368677888,0.0285240429550496,0.0558284159692955,153.6792468398042,1779859227104714000,2597
coldstart_csflow_real_iad_porcelain_doll_gaussian_noise_s3,C:\Users\Usuario\Desktop\Thesis\Pipeline\Real-time-visual-defect-detection\data\outputs\Experiment 5\coldstart_csflow_real_iad_porcelain_doll_gaussian_noise_s3,csflow,porcelain_doll,Tesla T4,gaussian_noise,3,0.47911824830606,0.7088579777669782,0.91457700943794,0.0284064460872206,0.0559382844237749,153.31406919228087,1779859227113713300,2595
coldstart_csflow_real_iad_porcelain_doll_motion_blur_s1,C:\Users\Usuario\Desktop\Thesis\Pipeline\Real-time-visual-defect-detection\data\outputs\Experiment 5\coldstart_csflow_real_iad_porcelain_doll_motion_blur_s1,csflow,porcelain_doll,Tesla T4,motion_blur,1,0.4619203273681655,0.7267668681521652,0.9207756993803417,0.014701230822893,0.0304389336702522,164.6631061020256,1779859228274448000,2586
coldstart_csflow_real_iad_porcelain_doll_motion_blur_s2,C:\Users\Usuario\Desktop\Thesis\Pipeline\Real-time-visual-defect-detection\data\outputs\Experiment 5\coldstart_csflow_real_iad_porcelain_doll_motion_blur_s2,csflow,porcelain_doll,Tesla T4,motion_blur,2,0.4468770361529562,0.7167865275251726,0.9327503353255698,0.0172424728112516,0.0352556613695999,161.01830749308826,1779859228282451200,2584
coldstart_csflow_real_iad_porcelain_doll_motion_blur_s3,C:\Users\Usuario\Desktop\Thesis\Pipeline\Real-time-visual-defect-detection\data\outputs\Experiment 5\coldstart_csflow_real_iad_porcelain_doll_motion_blur_s3,csflow,porcelain_doll,Tesla T4,motion_blur,3,0.4487361786880175,0.7228934639944238,0.9128439751079186,0.0137061627125986,0.0295554400798882,163.73855481934777,1779859228296712400,2595
coldstart_csflow_real_iad_porcelain_doll_shot_noise_s1,C:\Users\Usuario\Desktop\Thesis\Pipeline\Real-time-visual-defect-detection\data\outputs\Experiment 5\coldstart_csflow_real_iad_porcelain_doll_shot_noise_s1,csflow,porcelain_doll,Tesla T4,shot_noise,1,0.4620247161493009,0.715108634134009,0.9370247591619938,0.0040743921092169,0.010443516581514,142.57153104304507,1779859229342501400,2579
coldstart_csflow_real_iad_porcelain_doll_shot_noise_s2,C:\Users\Usuario\Desktop\Thesis\Pipeline\Real-time-visual-defect-detection\data\outputs\Experiment 5\coldstart_csflow_real_iad_porcelain_doll_shot_noise_s2,csflow,porcelain_doll,Tesla T4,shot_noise,2,0.4755384547229045,0.7174325168308744,0.9668130731646029,0.0015866452770635,0.0054686509152507,141.86689926080575,1779859229350761700,2592
coldstart_csflow_real_iad_porcelain_doll_shot_noise_s3,C:\Users\Usuario\Desktop\Thesis\Pipeline\Real-time-visual-defect-detection\data\outputs\Experiment 5\coldstart_csflow_real_iad_porcelain_doll_shot_noise_s3,csflow,porcelain_doll,Tesla T4,shot_noise,3,0.4945252808742977,0.720821466365067,0.9016421090984522,0.0126075644294661,0.0259793722987651,140.55795078901724,1779859229357869500,2595
coldstart_csflow_real_iad_regulator_gaussian_noise_s1,C:\Users\Usuario\Desktop\Thesis\Pipeline\Real-time-visual-defect-detection\data\outputs\Experiment 5\coldstart_csflow_real_iad_regulator_gaussian_noise_s1,csflow,regulator,Tesla T4,gaussian_noise,1,0.5276020238854906,0.7465047471912016,0.843289875142226,0.0064837045178883,0.0165012180997868,150.60065451102363,1779859227123369000,2593
coldstart_csflow_real_iad_regulator_gaussian_noise_s2,C:\Users\Usuario\Desktop\Thesis\Pipeline\Real-time-visual-defect-detection\data\outputs\Experiment 5\coldstart_csflow_real_iad_regulator_gaussian_noise_s2,csflow,regulator,Tesla T4,gaussian_noise,2,0.50040952052979,0.7198232825669495,0.8059309050659587,0.001,0.0016320594924112,151.92764088617298,1779859227131369700,2577
coldstart_csflow_real_iad_regulator_gaussian_noise_s3,C:\Users\Usuario\Desktop\Thesis\Pipeline\Real-time-visual-defect-detection\data\outputs\Experiment 5\coldstart_csflow_real_iad_regulator_gaussian_noise_s3,csflow,regulator,Tesla T4,gaussian_noise,3,0.4748288575732811,0.7007343436808093,0.7961695131299925,0.001,0.0016369415156637,150.69956702646704,1779859227156453700,2575
coldstart_csflow_real_iad_regulator_motion_blur_s1,C:\Users\Usuario\Desktop\Thesis\Pipeline\Real-time-visual-defect-detection\data\outputs\Experiment 5\coldstart_csflow_real_iad_regulator_motion_blur_s1,csflow,regulator,Tesla T4,motion_blur,1,0.5497584149033519,0.7749379764027066,0.9419337173412888,0.029429687948144,0.0572794871644633,163.43476222150352,1779859228307063000,2577
coldstart_csflow_real_iad_regulator_motion_blur_s2,C:\Users\Usuario\Desktop\Thesis\Pipeline\Real-time-visual-defect-detection\data\outputs\Experiment 5\coldstart_csflow_real_iad_regulator_motion_blur_s2,csflow,regulator,Tesla T4,motion_blur,2,0.5547190114334386,0.758601628406592,0.9158490805979668,0.0285553460914683,0.0547741756860293,164.4046098091162,1779859228319882400,2555
coldstart_csflow_real_iad_regulator_motion_blur_s3,C:\Users\Usuario\Desktop\Thesis\Pipeline\Real-time-visual-defect-detection\data\outputs\Experiment 5\coldstart_csflow_real_iad_regulator_motion_blur_s3,csflow,regulator,Tesla T4,motion_blur,3,0.5352229463942747,0.7639280095710288,0.8996304067630115,0.0360572063617421,0.0683095344923638,163.6514286396995,1779859228346054700,2591
coldstart_csflow_real_iad_regulator_shot_noise_s1,C:\Users\Usuario\Desktop\Thesis\Pipeline\Real-time-visual-defect-detection\data\outputs\Experiment 5\coldstart_csflow_real_iad_regulator_shot_noise_s1,csflow,regulator,Tesla T4,shot_noise,1,0.5590258711063442,0.7597901347449609,0.8010676716598378,0.0287609361001148,0.0546914524139271,140.20254398574264,1779859229365865100,2580
coldstart_csflow_real_iad_regulator_shot_noise_s2,C:\Users\Usuario\Desktop\Thesis\Pipeline\Real-time-visual-defect-detection\data\outputs\Experiment 5\coldstart_csflow_real_iad_regulator_shot_noise_s2,csflow,regulator,Tesla T4,shot_noise,2,0.5570637759025576,0.7663640430858527,0.960922496100758,0.0227780485413948,0.0437386612851586,142.1253545464716,1779859229374894400,2588
coldstart_csflow_real_iad_regulator_shot_noise_s3,C:\Users\Usuario\Desktop\Thesis\Pipeline\Real-time-visual-defect-detection\data\outputs\Experiment 5\coldstart_csflow_real_iad_regulator_shot_noise_s3,csflow,regulator,Tesla T4,shot_noise,3,0.5343686634302215,0.7543609801167036,0.8672740469167625,0.0400871823315667,0.0749862669412683,139.910372051877,1779859229386622400,2584
coldstart_csflow_real_iad_rolled_strip_base_gaussian_noise_s1,C:\Users\Usuario\Desktop\Thesis\Pipeline\Real-time-visual-defect-detection\data\outputs\Experiment 5\coldstart_csflow_real_iad_rolled_strip_base_gaussian_noise_s1,csflow,rolled_strip_base,Tesla T4,gaussian_noise,1,0.7769801250762941,0.9078192293655828,0.9691361082345872,0.2911091195797088,0.4482335111363197,154.76629027857967,1779859227165884000,2599
coldstart_csflow_real_iad_rolled_strip_base_gaussian_noise_s2,C:\Users\Usuario\Desktop\Thesis\Pipeline\Real-time-visual-defect-detection\data\outputs\Experiment 5\coldstart_csflow_real_iad_rolled_strip_base_gaussian_noise_s2,csflow,rolled_strip_base,Tesla T4,gaussian_noise,2,0.7710611329671556,0.889697723519938,0.9524970452844436,0.3019151968208179,0.451570024146918,154.72262961448666,1779859227177256500,2598
coldstart_csflow_real_iad_rolled_strip_base_gaussian_noise_s3,C:\Users\Usuario\Desktop\Thesis\Pipeline\Real-time-visual-defect-detection\data\outputs\Experiment 5\coldstart_csflow_real_iad_rolled_strip_base_gaussian_noise_s3,csflow,rolled_strip_base,Tesla T4,gaussian_noise,3,0.7452240202050671,0.8954840567303904,0.971653461622932,0.2968222877126075,0.4457675682830059,152.22007583318327,1779859227190351500,2593
coldstart_csflow_real_iad_rolled_strip_base_motion_blur_s1,C:\Users\Usuario\Desktop\Thesis\Pipeline\Real-time-visual-defect-detection\data\outputs\Experiment 5\coldstart_csflow_real_iad_rolled_strip_base_motion_blur_s1,csflow,rolled_strip_base,Tesla T4,motion_blur,1,0.775265508249512,0.906835292365476,0.9780732331282138,0.2634113632257486,0.414513789803583,165.5841878229694,1779859228355936500,2580
coldstart_csflow_real_iad_rolled_strip_base_motion_blur_s2,C:\Users\Usuario\Desktop\Thesis\Pipeline\Real-time-visual-defect-detection\data\outputs\Experiment 5\coldstart_csflow_real_iad_rolled_strip_base_motion_blur_s2,csflow,rolled_strip_base,Tesla T4,motion_blur,2,0.7546115256741062,0.8911630377303664,0.97694808605708,0.2741757143565017,0.4251819982046676,162.64858051004265,1779859228362936500,2573
coldstart_csflow_real_iad_rolled_strip_base_motion_blur_s3,C:\Users\Usuario\Desktop\Thesis\Pipeline\Real-time-visual-defect-detection\data\outputs\Experiment 5\coldstart_csflow_real_iad_rolled_strip_base_motion_blur_s3,csflow,rolled_strip_base,Tesla T4,motion_blur,3,0.7535648848164803,0.9023735932342556,0.9752644533879248,0.2473916266347491,0.39273820006028,162.44815852505164,1779859228372946800,2590
coldstart_csflow_real_iad_rolled_strip_base_shot_noise_s1,C:\Users\Usuario\Desktop\Thesis\Pipeline\Real-time-visual-defect-detection\data\outputs\Experiment 5\coldstart_csflow_real_iad_rolled_strip_base_shot_noise_s1,csflow,rolled_strip_base,Tesla T4,shot_noise,1,0.7572524174726217,0.884042832434681,0.9515553677993256,0.2765934587678132,0.4262928584789406,141.98848748559925,1779859229395618400,2578
coldstart_csflow_real_iad_rolled_strip_base_shot_noise_s2,C:\Users\Usuario\Desktop\Thesis\Pipeline\Real-time-visual-defect-detection\data\outputs\Experiment 5\coldstart_csflow_real_iad_rolled_strip_base_shot_noise_s2,csflow,rolled_strip_base,Tesla T4,shot_noise,2,0.7588361053177076,0.8841956475654001,0.9647369835137496,0.2716799671841934,0.421581665667018,143.88149893246626,1779859229407105000,2590
coldstart_csflow_real_iad_rolled_strip_base_shot_noise_s3,C:\Users\Usuario\Desktop\Thesis\Pipeline\Real-time-visual-defect-detection\data\outputs\Experiment 5\coldstart_csflow_real_iad_rolled_strip_base_shot_noise_s3,csflow,rolled_strip_base,Tesla T4,shot_noise,3,0.7021369365686534,0.8715615745638273,0.9793353694784696,0.2068427233054336,0.3427814844982555,144.33397905161573,1779859229416953200,2580
coldstart_csflow_real_iad_sim_card_set_gaussian_noise_s1,C:\Users\Usuario\Desktop\Thesis\Pipeline\Real-time-visual-defect-detection\data\outputs\Experiment 5\coldstart_csflow_real_iad_sim_card_set_gaussian_noise_s1,csflow,sim_card_set,Tesla T4,gaussian_noise,1,0.871935524575888,0.9386353192741962,0.9850990619814816,0.1062716142850473,0.1892291455721051,152.21895191904017,1779859227202448300,2599
coldstart_csflow_real_iad_sim_card_set_gaussian_noise_s2,C:\Users\Usuario\Desktop\Thesis\Pipeline\Real-time-visual-defect-detection\data\outputs\Experiment 5\coldstart_csflow_real_iad_sim_card_set_gaussian_noise_s2,csflow,sim_card_set,Tesla T4,gaussian_noise,2,0.8746537528864364,0.950407978443192,0.999,0.1076078232494922,0.1937551645742108,149.9488487611207,1779859227210540900,2583
coldstart_csflow_real_iad_sim_card_set_gaussian_noise_s3,C:\Users\Usuario\Desktop\Thesis\Pipeline\Real-time-visual-defect-detection\data\outputs\Experiment 5\coldstart_csflow_real_iad_sim_card_set_gaussian_noise_s3,csflow,sim_card_set,Tesla T4,gaussian_noise,3,0.8704106039011553,0.9377730609351188,0.999,0.1010260611701212,0.1842184441150884,151.91991591844663,1779859227224400400,2583
coldstart_csflow_real_iad_sim_card_set_motion_blur_s1,C:\Users\Usuario\Desktop\Thesis\Pipeline\Real-time-visual-defect-detection\data\outputs\Experiment 5\coldstart_csflow_real_iad_sim_card_set_motion_blur_s1,csflow,sim_card_set,Tesla T4,motion_blur,1,0.8788056319176566,0.9521534378989972,0.9911445738604302,0.0446156506276151,0.0945506632718681,160.2114754518476,1779859228400432000,2566
coldstart_csflow_real_iad_sim_card_set_motion_blur_s2,C:\Users\Usuario\Desktop\Thesis\Pipeline\Real-time-visual-defect-detection\data\outputs\Experiment 5\coldstart_csflow_real_iad_sim_card_set_motion_blur_s2,csflow,sim_card_set,Tesla T4,motion_blur,2,0.8905573171000037,0.9608036447157629,0.9919315082890724,0.0614979032452339,0.1204136474040496,159.6470497647632,1779859228410446700,2584
coldstart_csflow_real_iad_sim_card_set_motion_blur_s3,C:\Users\Usuario\Desktop\Thesis\Pipeline\Real-time-visual-defect-detection\data\outputs\Experiment 5\coldstart_csflow_real_iad_sim_card_set_motion_blur_s3,csflow,sim_card_set,Tesla T4,motion_blur,3,0.8839773249555944,0.959182769986812,0.999,0.0495997921880259,0.1044871209362316,161.99182854872885,1779859228418018200,2585
coldstart_csflow_real_iad_sim_card_set_shot_noise_s1,C:\Users\Usuario\Desktop\Thesis\Pipeline\Real-time-visual-defect-detection\data\outputs\Experiment 5\coldstart_csflow_real_iad_sim_card_set_shot_noise_s1,csflow,sim_card_set,Tesla T4,shot_noise,1,0.8620934812610636,0.959797401366292,0.9841702769944146,0.0851915033252867,0.1588343080524072,138.6992928001418,1779859229425021800,2576
coldstart_csflow_real_iad_sim_card_set_shot_noise_s2,C:\Users\Usuario\Desktop\Thesis\Pipeline\Real-time-visual-defect-detection\data\outputs\Experiment 5\coldstart_csflow_real_iad_sim_card_set_shot_noise_s2,csflow,sim_card_set,Tesla T4,shot_noise,2,0.8331924244619922,0.9247368068044278,0.9857624346657676,0.0594812064838045,0.1152984104744708,138.9788006396149,1779859229434353200,2588
coldstart_csflow_real_iad_sim_card_set_shot_noise_s3,C:\Users\Usuario\Desktop\Thesis\Pipeline\Real-time-visual-defect-detection\data\outputs\Experiment 5\coldstart_csflow_real_iad_sim_card_set_shot_noise_s3,csflow,sim_card_set,Tesla T4,shot_noise,3,0.7911668477283587,0.895452343387566,0.9661121372816692,0.0768654971050404,0.1446910461537797,139.58513529051487,1779859229442449800,2593
coldstart_csflow_real_iad_switch_gaussian_noise_s1,C:\Users\Usuario\Desktop\Thesis\Pipeline\Real-time-visual-defect-detection\data\outputs\Experiment 5\coldstart_csflow_real_iad_switch_gaussian_noise_s1,csflow,switch,Tesla T4,gaussian_noise,1,0.6929616562761702,0.8779524706632281,0.986103542009044,0.1807087982786522,0.3104493088577699,150.6014093409814,1779859227239020300,2596
coldstart_csflow_real_iad_switch_gaussian_noise_s2,C:\Users\Usuario\Desktop\Thesis\Pipeline\Real-time-visual-defect-detection\data\outputs\Experiment 5\coldstart_csflow_real_iad_switch_gaussian_noise_s2,csflow,switch,Tesla T4,gaussian_noise,2,0.6842480894548351,0.8756115071343992,0.9860624551101896,0.1593049445938188,0.2821343445002657,152.73526903358186,1779859227249132400,2601
coldstart_csflow_real_iad_switch_gaussian_noise_s3,C:\Users\Usuario\Desktop\Thesis\Pipeline\Real-time-visual-defect-detection\data\outputs\Experiment 5\coldstart_csflow_real_iad_switch_gaussian_noise_s3,csflow,switch,Tesla T4,gaussian_noise,3,0.6612117351674554,0.8664244105984956,0.9802893578636592,0.1541304538600527,0.2765437256488643,151.1649466846912,1779859227260873800,2595
coldstart_csflow_real_iad_switch_motion_blur_s1,C:\Users\Usuario\Desktop\Thesis\Pipeline\Real-time-visual-defect-detection\data\outputs\Experiment 5\coldstart_csflow_real_iad_switch_motion_blur_s1,csflow,switch,Tesla T4,motion_blur,1,0.7141979314991959,0.8846243825007564,0.9983864138052312,0.1482886151757189,0.2680389844742691,161.99116850075998,1779859228428107000,2574
coldstart_csflow_real_iad_switch_motion_blur_s2,C:\Users\Usuario\Desktop\Thesis\Pipeline\Real-time-visual-defect-detection\data\outputs\Experiment 5\coldstart_csflow_real_iad_switch_motion_blur_s2,csflow,switch,Tesla T4,motion_blur,2,0.7104352371623484,0.8996088264753788,0.999,0.1215059981497404,0.2307285359955466,164.44717047903802,1779859228439577700,2560
coldstart_csflow_real_iad_switch_motion_blur_s3,C:\Users\Usuario\Desktop\Thesis\Pipeline\Real-time-visual-defect-detection\data\outputs\Experiment 5\coldstart_csflow_real_iad_switch_motion_blur_s3,csflow,switch,Tesla T4,motion_blur,3,0.6930390547368723,0.871086044966128,0.9903712278005736,0.1090980374882994,0.2161166610713064,163.74466906568333,1779859228447574600,2592
coldstart_csflow_real_iad_switch_shot_noise_s1,C:\Users\Usuario\Desktop\Thesis\Pipeline\Real-time-visual-defect-detection\data\outputs\Experiment 5\coldstart_csflow_real_iad_switch_shot_noise_s1,csflow,switch,Tesla T4,shot_noise,1,0.719951031571265,0.8736050841062494,0.999,0.1677892871458428,0.2928055161255374,143.4531433175113,1779859229451397300,2562
coldstart_csflow_real_iad_switch_shot_noise_s2,C:\Users\Usuario\Desktop\Thesis\Pipeline\Real-time-visual-defect-detection\data\outputs\Experiment 5\coldstart_csflow_real_iad_switch_shot_noise_s2,csflow,switch,Tesla T4,shot_noise,2,0.71391181379389,0.8817831360675483,0.999,0.1470385729521315,0.2688249471227505,143.4490421552144,1779859229459938600,2577
coldstart_csflow_real_iad_switch_shot_noise_s3,C:\Users\Usuario\Desktop\Thesis\Pipeline\Real-time-visual-defect-detection\data\outputs\Experiment 5\coldstart_csflow_real_iad_switch_shot_noise_s3,csflow,switch,Tesla T4,shot_noise,3,0.7171218939944384,0.8771322141417496,0.9975662708292938,0.1425192652794506,0.2616895086820626,140.2250569125902,1779859229466843000,2596
coldstart_csflow_real_iad_tape_gaussian_noise_s1,C:\Users\Usuario\Desktop\Thesis\Pipeline\Real-time-visual-defect-detection\data\outputs\Experiment 5\coldstart_csflow_real_iad_tape_gaussian_noise_s1,csflow,tape,Tesla T4,gaussian_noise,1,0.702359133183804,0.8772126713193968,0.9684782167546244,0.3979522943014096,0.5720303720374316,150.26540629328207,1779859227274604400,2599
coldstart_csflow_real_iad_tape_gaussian_noise_s2,C:\Users\Usuario\Desktop\Thesis\Pipeline\Real-time-visual-defect-detection\data\outputs\Experiment 5\coldstart_csflow_real_iad_tape_gaussian_noise_s2,csflow,tape,Tesla T4,gaussian_noise,2,0.6857913296973152,0.8702920461309084,0.9932782472535634,0.4048807730697819,0.5765628604588584,154.64282722392474,1779859227286944100,2596
coldstart_csflow_real_iad_tape_gaussian_noise_s3,C:\Users\Usuario\Desktop\Thesis\Pipeline\Real-time-visual-defect-detection\data\outputs\Experiment 5\coldstart_csflow_real_iad_tape_gaussian_noise_s3,csflow,tape,Tesla T4,gaussian_noise,3,0.679242430099991,0.8647799268535157,0.9917366855621408,0.4020010742693951,0.5731626086776195,155.7616915671287,1779859227297942200,2594
coldstart_csflow_real_iad_tape_motion_blur_s1,C:\Users\Usuario\Desktop\Thesis\Pipeline\Real-time-visual-defect-detection\data\outputs\Experiment 5\coldstart_csflow_real_iad_tape_motion_blur_s1,csflow,tape,Tesla T4,motion_blur,1,0.7219880678984631,0.900580475186872,0.9259850146578524,0.4011537500784708,0.569637638329787,162.13758271708406,1779859228455934500,2579
coldstart_csflow_real_iad_tape_motion_blur_s2,C:\Users\Usuario\Desktop\Thesis\Pipeline\Real-time-visual-defect-detection\data\outputs\Experiment 5\coldstart_csflow_real_iad_tape_motion_blur_s2,csflow,tape,Tesla T4,motion_blur,2,0.7180493851952215,0.8976252080474131,0.9484940760170146,0.3946695349215919,0.5625204677121826,162.02481302248185,1779859228465934400,2576
coldstart_csflow_real_iad_tape_motion_blur_s3,C:\Users\Usuario\Desktop\Thesis\Pipeline\Real-time-visual-defect-detection\data\outputs\Experiment 5\coldstart_csflow_real_iad_tape_motion_blur_s3,csflow,tape,Tesla T4,motion_blur,3,0.7114794075050579,0.8798646731407285,0.9632414401899968,0.3949723991087396,0.5681400579737041,159.81018138057075,1779859228479071900,2597
coldstart_csflow_real_iad_tape_shot_noise_s1,C:\Users\Usuario\Desktop\Thesis\Pipeline\Real-time-visual-defect-detection\data\outputs\Experiment 5\coldstart_csflow_real_iad_tape_shot_noise_s1,csflow,tape,Tesla T4,shot_noise,1,0.7205384518875113,0.9033074911126026,0.9774458077793896,0.4091125398719141,0.5764729174175,139.31129459430178,1779859229476948800,2572
coldstart_csflow_real_iad_tape_shot_noise_s2,C:\Users\Usuario\Desktop\Thesis\Pipeline\Real-time-visual-defect-detection\data\outputs\Experiment 5\coldstart_csflow_real_iad_tape_shot_noise_s2,csflow,tape,Tesla T4,shot_noise,2,0.7105048962339205,0.8787464948714453,0.9337714555703868,0.400363722704991,0.5571937247546451,139.3272315130775,1779859229488602700,2587
coldstart_csflow_real_iad_tape_shot_noise_s3,C:\Users\Usuario\Desktop\Thesis\Pipeline\Real-time-visual-defect-detection\data\outputs\Experiment 5\coldstart_csflow_real_iad_tape_shot_noise_s3,csflow,tape,Tesla T4,shot_noise,3,0.7133000023791493,0.8937842237775453,0.7870512663160156,0.3987405728979067,0.5381076681825128,141.55435734521285,1779859229497602800,2587
coldstart_csflow_real_iad_terminalblock_gaussian_noise_s1,C:\Users\Usuario\Desktop\Thesis\Pipeline\Real-time-visual-defect-detection\data\outputs\Experiment 5\coldstart_csflow_real_iad_terminalblock_gaussian_noise_s1,csflow,terminalblock,Tesla T4,gaussian_noise,1,0.6149715794162448,0.8242509326605646,0.9761298444581096,0.1318072624499616,0.2267052754298876,164.98537503559942,1779859227311528600,2597
coldstart_csflow_real_iad_terminalblock_gaussian_noise_s2,C:\Users\Usuario\Desktop\Thesis\Pipeline\Real-time-visual-defect-detection\data\outputs\Experiment 5\coldstart_csflow_real_iad_terminalblock_gaussian_noise_s2,csflow,terminalblock,Tesla T4,gaussian_noise,2,0.598265313961471,0.8212817231043387,0.9607027658751912,0.1145704088017561,0.2052472392661364,165.14500399343223,1779859227323379300,2593
coldstart_csflow_real_iad_terminalblock_gaussian_noise_s3,C:\Users\Usuario\Desktop\Thesis\Pipeline\Real-time-visual-defect-detection\data\outputs\Experiment 5\coldstart_csflow_real_iad_terminalblock_gaussian_noise_s3,csflow,terminalblock,Tesla T4,gaussian_noise,3,0.5711290552376802,0.8139790425116004,0.9819358864512324,0.0796804251461154,0.1536551263912565,168.1671681079193,1779859227333927100,2595
coldstart_csflow_real_iad_terminalblock_motion_blur_s1,C:\Users\Usuario\Desktop\Thesis\Pipeline\Real-time-visual-defect-detection\data\outputs\Experiment 5\coldstart_csflow_real_iad_terminalblock_motion_blur_s1,csflow,terminalblock,Tesla T4,motion_blur,1,0.6238447621522026,0.8485977463854392,0.999,0.1282138542800354,0.2226981517326352,188.1889936048512,1779859228488757700,2561
coldstart_csflow_real_iad_terminalblock_motion_blur_s2,C:\Users\Usuario\Desktop\Thesis\Pipeline\Real-time-visual-defect-detection\data\outputs\Experiment 5\coldstart_csflow_real_iad_terminalblock_motion_blur_s2,csflow,terminalblock,Tesla T4,motion_blur,2,0.6222355442608837,0.844150757786652,0.999,0.0899805528645011,0.1731892197064425,187.2358475834907,1779859228498755900,2561
coldstart_csflow_real_iad_terminalblock_motion_blur_s3,C:\Users\Usuario\Desktop\Thesis\Pipeline\Real-time-visual-defect-detection\data\outputs\Experiment 5\coldstart_csflow_real_iad_terminalblock_motion_blur_s3,csflow,terminalblock,Tesla T4,motion_blur,3,0.5887942509786201,0.853374378871483,0.999,0.0402124703976625,0.0948851136913467,186.65635529937487,1779859228506927900,2581
coldstart_csflow_real_iad_terminalblock_shot_noise_s1,C:\Users\Usuario\Desktop\Thesis\Pipeline\Real-time-visual-defect-detection\data\outputs\Experiment 5\coldstart_csflow_real_iad_terminalblock_shot_noise_s1,csflow,terminalblock,Tesla T4,shot_noise,1,0.6332475174483113,0.8439095393957805,0.999,0.1019501449937358,0.1835880544336234,155.81960947714478,1779859229507003200,2567
coldstart_csflow_real_iad_terminalblock_shot_noise_s2,C:\Users\Usuario\Desktop\Thesis\Pipeline\Real-time-visual-defect-detection\data\outputs\Experiment 5\coldstart_csflow_real_iad_terminalblock_shot_noise_s2,csflow,terminalblock,Tesla T4,shot_noise,2,0.6357503900472107,0.8595299900232867,0.999,0.0915889493066984,0.1710373694934386,158.33417085191536,1779859229518848100,2574
coldstart_csflow_real_iad_terminalblock_shot_noise_s3,C:\Users\Usuario\Desktop\Thesis\Pipeline\Real-time-visual-defect-detection\data\outputs\Experiment 5\coldstart_csflow_real_iad_terminalblock_shot_noise_s3,csflow,terminalblock,Tesla T4,shot_noise,3,0.6311800546012103,0.8469592883484501,0.999,0.0622563351049497,0.1299320465042175,156.97719660266492,1779859229526914400,2579
coldstart_csflow_real_iad_toothbrush_gaussian_noise_s1,C:\Users\Usuario\Desktop\Thesis\Pipeline\Real-time-visual-defect-detection\data\outputs\Experiment 5\coldstart_csflow_real_iad_toothbrush_gaussian_noise_s1,csflow,toothbrush,Tesla T4,gaussian_noise,1,0.9169637958261136,0.9708200141339678,0.954344330728544,0.3541890071866698,0.5186049113332577,166.4067747375555,1779859227344113200,2592
coldstart_csflow_real_iad_toothbrush_gaussian_noise_s2,C:\Users\Usuario\Desktop\Thesis\Pipeline\Real-time-visual-defect-detection\data\outputs\Experiment 5\coldstart_csflow_real_iad_toothbrush_gaussian_noise_s2,csflow,toothbrush,Tesla T4,gaussian_noise,2,0.912670251589722,0.9687349701956548,0.9499737143222668,0.3460330267235297,0.5063530028052178,167.661963496561,1779859227364142700,2596
coldstart_csflow_real_iad_toothbrush_gaussian_noise_s3,C:\Users\Usuario\Desktop\Thesis\Pipeline\Real-time-visual-defect-detection\data\outputs\Experiment 5\coldstart_csflow_real_iad_toothbrush_gaussian_noise_s3,csflow,toothbrush,Tesla T4,gaussian_noise,3,0.9074997640695528,0.9524945105378282,0.9663124613383164,0.3512840123448831,0.5141385481118941,167.0452006389813,1779859227374466200,2593
coldstart_csflow_real_iad_toothbrush_motion_blur_s1,C:\Users\Usuario\Desktop\Thesis\Pipeline\Real-time-visual-defect-detection\data\outputs\Experiment 5\coldstart_csflow_real_iad_toothbrush_motion_blur_s1,csflow,toothbrush,Tesla T4,motion_blur,1,0.8893775132444686,0.9679361007987074,0.9860348087836922,0.3069382352008681,0.4723388768794596,190.4318276652084,1779859228514927700,2555
coldstart_csflow_real_iad_toothbrush_motion_blur_s2,C:\Users\Usuario\Desktop\Thesis\Pipeline\Real-time-visual-defect-detection\data\outputs\Experiment 5\coldstart_csflow_real_iad_toothbrush_motion_blur_s2,csflow,toothbrush,Tesla T4,motion_blur,2,0.9020448711036442,0.9688586397033346,0.999,0.3177595576580801,0.4770074372712704,189.91276862523364,1779859228523081500,2544
coldstart_csflow_real_iad_toothbrush_motion_blur_s3,C:\Users\Usuario\Desktop\Thesis\Pipeline\Real-time-visual-defect-detection\data\outputs\Experiment 5\coldstart_csflow_real_iad_toothbrush_motion_blur_s3,csflow,toothbrush,Tesla T4,motion_blur,3,0.900895465588712,0.949611313828229,0.983187542634069,0.3264800560616386,0.4942699120205944,193.2642179930097,1779859228531148300,2590
coldstart_csflow_real_iad_toothbrush_shot_noise_s1,C:\Users\Usuario\Desktop\Thesis\Pipeline\Real-time-visual-defect-detection\data\outputs\Experiment 5\coldstart_csflow_real_iad_toothbrush_shot_noise_s1,csflow,toothbrush,Tesla T4,shot_noise,1,0.8999656334111072,0.963908695765644,0.9854005570204604,0.3256595391263061,0.4839819050802697,161.4547148519072,1779859229537860100,2579
coldstart_csflow_real_iad_toothbrush_shot_noise_s2,C:\Users\Usuario\Desktop\Thesis\Pipeline\Real-time-visual-defect-detection\data\outputs\Experiment 5\coldstart_csflow_real_iad_toothbrush_shot_noise_s2,csflow,toothbrush,Tesla T4,shot_noise,2,0.885373981250738,0.9573106365810652,0.9808697755334044,0.3274018077716744,0.4902738340932009,159.25649794649956,1779859229546859500,2589
coldstart_csflow_real_iad_toothbrush_shot_noise_s3,C:\Users\Usuario\Desktop\Thesis\Pipeline\Real-time-visual-defect-detection\data\outputs\Experiment 5\coldstart_csflow_real_iad_toothbrush_shot_noise_s3,csflow,toothbrush,Tesla T4,shot_noise,3,0.8764826175829533,0.9521745038830804,0.999,0.2974904388780637,0.4526559990571193,158.89252802955252,1779859229556347900,2570
coldstart_csflow_real_iad_toy_brick_gaussian_noise_s1,C:\Users\Usuario\Desktop\Thesis\Pipeline\Real-time-visual-defect-detection\data\outputs\Experiment 5\coldstart_csflow_real_iad_toy_brick_gaussian_noise_s1,csflow,toy_brick,Tesla T4,gaussian_noise,1,0.6673874852809605,0.8299284796341011,0.9586292443791788,0.111156714326772,0.2002379662103819,170.49110802632015,1779859227419001000,2596
coldstart_csflow_real_iad_toy_brick_gaussian_noise_s2,C:\Users\Usuario\Desktop\Thesis\Pipeline\Real-time-visual-defect-detection\data\outputs\Experiment 5\coldstart_csflow_real_iad_toy_brick_gaussian_noise_s2,csflow,toy_brick,Tesla T4,gaussian_noise,2,0.6618779859462586,0.8132449057330201,0.9565985991998496,0.1090474784551575,0.1952393098032831,170.57063996537056,1779859227429084500,2596
coldstart_csflow_real_iad_toy_brick_gaussian_noise_s3,C:\Users\Usuario\Desktop\Thesis\Pipeline\Real-time-visual-defect-detection\data\outputs\Experiment 5\coldstart_csflow_real_iad_toy_brick_gaussian_noise_s3,csflow,toy_brick,Tesla T4,gaussian_noise,3,0.6583482187551609,0.8099062303700987,0.9680688010184564,0.1092765071656054,0.1961372592283282,171.06717126935845,1779859227440414400,2594
coldstart_csflow_real_iad_toy_brick_motion_blur_s1,C:\Users\Usuario\Desktop\Thesis\Pipeline\Real-time-visual-defect-detection\data\outputs\Experiment 5\coldstart_csflow_real_iad_toy_brick_motion_blur_s1,csflow,toy_brick,Tesla T4,motion_blur,1,0.6820130278650295,0.8340357476108825,0.9876712774892116,0.0961971936570454,0.1746265548523097,192.816042042188,1779859228579008800,2567
coldstart_csflow_real_iad_toy_brick_motion_blur_s2,C:\Users\Usuario\Desktop\Thesis\Pipeline\Real-time-visual-defect-detection\data\outputs\Experiment 5\coldstart_csflow_real_iad_toy_brick_motion_blur_s2,csflow,toy_brick,Tesla T4,motion_blur,2,0.6670469638897365,0.8303305570211984,0.9889301524423828,0.0856706491188939,0.160944439799168,192.25499501376095,1779859228587001500,2571
coldstart_csflow_real_iad_toy_brick_motion_blur_s3,C:\Users\Usuario\Desktop\Thesis\Pipeline\Real-time-visual-defect-detection\data\outputs\Experiment 5\coldstart_csflow_real_iad_toy_brick_motion_blur_s3,csflow,toy_brick,Tesla T4,motion_blur,3,0.669525599301478,0.8415646007219769,0.9458907343112632,0.0797653691914345,0.1488531853044396,193.7635208511722,1779859228598997300,2594
coldstart_csflow_real_iad_toy_brick_shot_noise_s1,C:\Users\Usuario\Desktop\Thesis\Pipeline\Real-time-visual-defect-detection\data\outputs\Experiment 5\coldstart_csflow_real_iad_toy_brick_shot_noise_s1,csflow,toy_brick,Tesla T4,shot_noise,1,0.6807245884272368,0.8287716510136842,0.9889332212751296,0.0902881966162629,0.1675715935027215,161.8959527091719,1779859229602043500,2586
coldstart_csflow_real_iad_toy_brick_shot_noise_s2,C:\Users\Usuario\Desktop\Thesis\Pipeline\Real-time-visual-defect-detection\data\outputs\Experiment 5\coldstart_csflow_real_iad_toy_brick_shot_noise_s2,csflow,toy_brick,Tesla T4,shot_noise,2,0.675470324042182,0.8412406242441633,0.9445701860453654,0.1000936541905014,0.1829414398221292,161.29623897937785,1779859229612126300,2591
coldstart_csflow_real_iad_toy_brick_shot_noise_s3,C:\Users\Usuario\Desktop\Thesis\Pipeline\Real-time-visual-defect-detection\data\outputs\Experiment 5\coldstart_csflow_real_iad_toy_brick_shot_noise_s3,csflow,toy_brick,Tesla T4,shot_noise,3,0.6534218620321587,0.8219865825327819,0.9531012347455722,0.097096460707965,0.1786860554558938,158.56311247873776,1779859229620978200,2594
coldstart_csflow_real_iad_toy_gaussian_noise_s1,C:\Users\Usuario\Desktop\Thesis\Pipeline\Real-time-visual-defect-detection\data\outputs\Experiment 5\coldstart_csflow_real_iad_toy_gaussian_noise_s1,csflow,toy,Tesla T4,gaussian_noise,1,0.6713088046269781,0.8531697771017018,0.999,0.0417631338697433,0.080060463468082,166.93408848914987,1779859227386081400,2582
coldstart_csflow_real_iad_toy_gaussian_noise_s2,C:\Users\Usuario\Desktop\Thesis\Pipeline\Real-time-visual-defect-detection\data\outputs\Experiment 5\coldstart_csflow_real_iad_toy_gaussian_noise_s2,csflow,toy,Tesla T4,gaussian_noise,2,0.6408192401800797,0.8292786668260043,0.999,0.0148920160389926,0.0331707183086692,168.81725746287364,1779859227396084800,2582
coldstart_csflow_real_iad_toy_gaussian_noise_s3,C:\Users\Usuario\Desktop\Thesis\Pipeline\Real-time-visual-defect-detection\data\outputs\Experiment 5\coldstart_csflow_real_iad_toy_gaussian_noise_s3,csflow,toy,Tesla T4,gaussian_noise,3,0.6297390828088346,0.8300772072787129,0.999,0.001,0.0016382312583041,169.1319683208109,1779859227408539200,2560
coldstart_csflow_real_iad_toy_motion_blur_s1,C:\Users\Usuario\Desktop\Thesis\Pipeline\Real-time-visual-defect-detection\data\outputs\Experiment 5\coldstart_csflow_real_iad_toy_motion_blur_s1,csflow,toy,Tesla T4,motion_blur,1,0.7259356308215913,0.8866269967643965,0.999,0.0778023359864135,0.136627871571395,190.27103007129676,1779859228541580300,2558
coldstart_csflow_real_iad_toy_motion_blur_s2,C:\Users\Usuario\Desktop\Thesis\Pipeline\Real-time-visual-defect-detection\data\outputs\Experiment 5\coldstart_csflow_real_iad_toy_motion_blur_s2,csflow,toy,Tesla T4,motion_blur,2,0.7250376370051533,0.8896658208694487,0.999,0.0970791451340325,0.1721712636288583,190.8098085879801,1779859228557102800,2559
coldstart_csflow_real_iad_toy_motion_blur_s3,C:\Users\Usuario\Desktop\Thesis\Pipeline\Real-time-visual-defect-detection\data\outputs\Experiment 5\coldstart_csflow_real_iad_toy_motion_blur_s3,csflow,toy,Tesla T4,motion_blur,3,0.6776543000962681,0.8751519787029799,0.999,0.0222212076280525,0.048917784294942,191.9724031296579,1779859228566100500,2558
coldstart_csflow_real_iad_toy_shot_noise_s1,C:\Users\Usuario\Desktop\Thesis\Pipeline\Real-time-visual-defect-detection\data\outputs\Experiment 5\coldstart_csflow_real_iad_toy_shot_noise_s1,csflow,toy,Tesla T4,shot_noise,1,0.7620438085821115,0.9080367517514036,0.999,0.0662536487318915,0.1206544512540581,157.32315594827713,1779859229569178400,2550
coldstart_csflow_real_iad_toy_shot_noise_s2,C:\Users\Usuario\Desktop\Thesis\Pipeline\Real-time-visual-defect-detection\data\outputs\Experiment 5\coldstart_csflow_real_iad_toy_shot_noise_s2,csflow,toy,Tesla T4,shot_noise,2,0.7570402475220823,0.8967865658971682,0.999,0.0770806935494559,0.1404837999345581,157.13652357215332,1779859229581178700,2565
coldstart_csflow_real_iad_toy_shot_noise_s3,C:\Users\Usuario\Desktop\Thesis\Pipeline\Real-time-visual-defect-detection\data\outputs\Experiment 5\coldstart_csflow_real_iad_toy_shot_noise_s3,csflow,toy,Tesla T4,shot_noise,3,0.7329649501475671,0.9031705361113312,0.999,0.0414395336523375,0.0804321921904726,160.29592863298774,1779859229592106000,2576
coldstart_csflow_real_iad_transistor1_gaussian_noise_s1,C:\Users\Usuario\Desktop\Thesis\Pipeline\Real-time-visual-defect-detection\data\outputs\Experiment 5\coldstart_csflow_real_iad_transistor1_gaussian_noise_s1,csflow,transistor1,Tesla T4,gaussian_noise,1,0.7151685524641525,0.8600945766491259,0.9260429231999028,0.0936416503892222,0.1672439777079146,168.0920109178401,1779859227454164500,2598
coldstart_csflow_real_iad_transistor1_gaussian_noise_s2,C:\Users\Usuario\Desktop\Thesis\Pipeline\Real-time-visual-defect-detection\data\outputs\Experiment 5\coldstart_csflow_real_iad_transistor1_gaussian_noise_s2,csflow,transistor1,Tesla T4,gaussian_noise,2,0.7098590564758004,0.8560915139658094,0.9383398152441704,0.0872135351729992,0.1564916789845719,165.90791995341152,1779859227463168000,2605
coldstart_csflow_real_iad_transistor1_gaussian_noise_s3,C:\Users\Usuario\Desktop\Thesis\Pipeline\Real-time-visual-defect-detection\data\outputs\Experiment 5\coldstart_csflow_real_iad_transistor1_gaussian_noise_s3,csflow,transistor1,Tesla T4,gaussian_noise,3,0.7023191060297933,0.8438024256635877,0.9506018808108944,0.0725552889560922,0.1365007055873462,166.00951818863945,1779859227473002500,2595
coldstart_csflow_real_iad_transistor1_motion_blur_s1,C:\Users\Usuario\Desktop\Thesis\Pipeline\Real-time-visual-defect-detection\data\outputs\Experiment 5\coldstart_csflow_real_iad_transistor1_motion_blur_s1,csflow,transistor1,Tesla T4,motion_blur,1,0.7463991514485685,0.888660327874319,0.9780958846888108,0.0753688329519195,0.1416272460376228,188.10684592093295,1779859228610195600,2527
coldstart_csflow_real_iad_transistor1_motion_blur_s2,C:\Users\Usuario\Desktop\Thesis\Pipeline\Real-time-visual-defect-detection\data\outputs\Experiment 5\coldstart_csflow_real_iad_transistor1_motion_blur_s2,csflow,transistor1,Tesla T4,motion_blur,2,0.749499447608528,0.8878732215884387,0.9940035198120912,0.0649455200060223,0.1215178531063596,190.92196953832803,1779859228618931000,2527
coldstart_csflow_real_iad_transistor1_motion_blur_s3,C:\Users\Usuario\Desktop\Thesis\Pipeline\Real-time-visual-defect-detection\data\outputs\Experiment 5\coldstart_csflow_real_iad_transistor1_motion_blur_s3,csflow,transistor1,Tesla T4,motion_blur,3,0.6996930416126939,0.8504661860062196,0.9808651826983648,0.0671697652186596,0.1260378225923931,187.3213326220236,1779859228629013100,2559
coldstart_csflow_real_iad_transistor1_shot_noise_s1,C:\Users\Usuario\Desktop\Thesis\Pipeline\Real-time-visual-defect-detection\data\outputs\Experiment 5\coldstart_csflow_real_iad_transistor1_shot_noise_s1,csflow,transistor1,Tesla T4,shot_noise,1,0.7946602018149259,0.9133724514764195,0.999,0.0713059994680954,0.1322553591407849,160.33955335507616,1779859229629971600,2525
coldstart_csflow_real_iad_transistor1_shot_noise_s2,C:\Users\Usuario\Desktop\Thesis\Pipeline\Real-time-visual-defect-detection\data\outputs\Experiment 5\coldstart_csflow_real_iad_transistor1_shot_noise_s2,csflow,transistor1,Tesla T4,shot_noise,2,0.7862467963124696,0.9112022813166296,0.999,0.0928253411533914,0.1679689524159,157.38244918905357,1779859229641020100,2559
coldstart_csflow_real_iad_transistor1_shot_noise_s3,C:\Users\Usuario\Desktop\Thesis\Pipeline\Real-time-visual-defect-detection\data\outputs\Experiment 5\coldstart_csflow_real_iad_transistor1_shot_noise_s3,csflow,transistor1,Tesla T4,shot_noise,3,0.7491067925003705,0.8996097690978686,0.999,0.0767910388718184,0.1441042265118896,159.75156081626716,1779859229650262600,2545
coldstart_csflow_real_iad_u_block_gaussian_noise_s1,C:\Users\Usuario\Desktop\Thesis\Pipeline\Real-time-visual-defect-detection\data\outputs\Experiment 5\coldstart_csflow_real_iad_u_block_gaussian_noise_s1,csflow,u_block,Tesla T4,gaussian_noise,1,0.6240658958888293,0.8200844752864217,0.9251788594915052,0.0902377219758364,0.1632814593926559,167.9085722476144,1779859227485193400,2588
coldstart_csflow_real_iad_u_block_gaussian_noise_s2,C:\Users\Usuario\Desktop\Thesis\Pipeline\Real-time-visual-defect-detection\data\outputs\Experiment 5\coldstart_csflow_real_iad_u_block_gaussian_noise_s2,csflow,u_block,Tesla T4,gaussian_noise,2,0.5946784511505505,0.8116747111695628,0.9550435343846012,0.0791235534235078,0.1450562716425663,167.837043058613,1779859227628423600,2595
coldstart_csflow_real_iad_u_block_gaussian_noise_s3,C:\Users\Usuario\Desktop\Thesis\Pipeline\Real-time-visual-defect-detection\data\outputs\Experiment 5\coldstart_csflow_real_iad_u_block_gaussian_noise_s3,csflow,u_block,Tesla T4,gaussian_noise,3,0.5952152427517592,0.7957336386248145,0.9586102573332446,0.074302148575598,0.1361696739001733,166.90984124197027,1779859227640299100,2595
coldstart_csflow_real_iad_u_block_motion_blur_s1,C:\Users\Usuario\Desktop\Thesis\Pipeline\Real-time-visual-defect-detection\data\outputs\Experiment 5\coldstart_csflow_real_iad_u_block_motion_blur_s1,csflow,u_block,Tesla T4,motion_blur,1,0.6005506446467602,0.8256317897699399,0.999,0.073420735781494,0.1343240110181608,190.1051355116953,1779859228640122400,2544
coldstart_csflow_real_iad_u_block_motion_blur_s2,C:\Users\Usuario\Desktop\Thesis\Pipeline\Real-time-visual-defect-detection\data\outputs\Experiment 5\coldstart_csflow_real_iad_u_block_motion_blur_s2,csflow,u_block,Tesla T4,motion_blur,2,0.5938452907268074,0.8065317852550788,0.865405047479898,0.0776628406005134,0.1421865015065875,191.75814672278835,1779859228653036000,2566
coldstart_csflow_real_iad_u_block_motion_blur_s3,C:\Users\Usuario\Desktop\Thesis\Pipeline\Real-time-visual-defect-detection\data\outputs\Experiment 5\coldstart_csflow_real_iad_u_block_motion_blur_s3,csflow,u_block,Tesla T4,motion_blur,3,0.5808168820415095,0.799542235196485,0.8520529770451443,0.0669975793659187,0.1233667714007681,190.7858832022392,1779859228662383100,2588
coldstart_csflow_real_iad_u_block_shot_noise_s1,C:\Users\Usuario\Desktop\Thesis\Pipeline\Real-time-visual-defect-detection\data\outputs\Experiment 5\coldstart_csflow_real_iad_u_block_shot_noise_s1,csflow,u_block,Tesla T4,shot_noise,1,0.5928931853245961,0.81168467603111,0.5762886021444383,0.0576299073949013,0.1030862010969369,161.7307160692192,1779859229658581000,2570
coldstart_csflow_real_iad_u_block_shot_noise_s2,C:\Users\Usuario\Desktop\Thesis\Pipeline\Real-time-visual-defect-detection\data\outputs\Experiment 5\coldstart_csflow_real_iad_u_block_shot_noise_s2,csflow,u_block,Tesla T4,shot_noise,2,0.5836006816074384,0.7952064639019706,0.7981542682948557,0.0546686285926352,0.102574511024157,161.32526264515948,1779859229669967300,2592
coldstart_csflow_real_iad_u_block_shot_noise_s3,C:\Users\Usuario\Desktop\Thesis\Pipeline\Real-time-visual-defect-detection\data\outputs\Experiment 5\coldstart_csflow_real_iad_u_block_shot_noise_s3,csflow,u_block,Tesla T4,shot_noise,3,0.5910347064914125,0.7964231923109191,0.8714811811343106,0.0467725738158591,0.0882001544760011,161.32745324949138,1779859229680977700,2590
coldstart_csflow_real_iad_usb_adaptor_gaussian_noise_s1,C:\Users\Usuario\Desktop\Thesis\Pipeline\Real-time-visual-defect-detection\data\outputs\Experiment 5\coldstart_csflow_real_iad_usb_adaptor_gaussian_noise_s1,csflow,usb_adaptor,Tesla T4,gaussian_noise,1,0.5955122895763335,0.8496259568642694,0.9566102488594348,0.1282059052506811,0.240099205808055,169.06928795601854,1779859227686210900,2593
coldstart_csflow_real_iad_usb_adaptor_gaussian_noise_s2,C:\Users\Usuario\Desktop\Thesis\Pipeline\Real-time-visual-defect-detection\data\outputs\Experiment 5\coldstart_csflow_real_iad_usb_adaptor_gaussian_noise_s2,csflow,usb_adaptor,Tesla T4,gaussian_noise,2,0.5867743288932207,0.8335469470195769,0.9304270833705012,0.0942404755064448,0.189607775417681,169.74116498899738,1779859227695215800,2592
coldstart_csflow_real_iad_usb_adaptor_gaussian_noise_s3,C:\Users\Usuario\Desktop\Thesis\Pipeline\Real-time-visual-defect-detection\data\outputs\Experiment 5\coldstart_csflow_real_iad_usb_adaptor_gaussian_noise_s3,csflow,usb_adaptor,Tesla T4,gaussian_noise,3,0.5845692942047594,0.8477893730623034,0.9452792457522816,0.0795019841397972,0.1635863378586224,168.93242641518324,1779859227704133600,2590
coldstart_csflow_real_iad_usb_adaptor_motion_blur_s1,C:\Users\Usuario\Desktop\Thesis\Pipeline\Real-time-visual-defect-detection\data\outputs\Experiment 5\coldstart_csflow_real_iad_usb_adaptor_motion_blur_s1,csflow,usb_adaptor,Tesla T4,motion_blur,1,0.6310521863217374,0.8626671934867975,0.999,0.1610959291515182,0.2812185288893652,189.6225832330372,1779859228709019400,2562
coldstart_csflow_real_iad_usb_adaptor_motion_blur_s2,C:\Users\Usuario\Desktop\Thesis\Pipeline\Real-time-visual-defect-detection\data\outputs\Experiment 5\coldstart_csflow_real_iad_usb_adaptor_motion_blur_s2,csflow,usb_adaptor,Tesla T4,motion_blur,2,0.6391999044454251,0.8634625030630295,0.9899511660947796,0.1340983812643516,0.2497245140656297,193.34927862695363,1779859228716930600,2575
coldstart_csflow_real_iad_usb_adaptor_motion_blur_s3,C:\Users\Usuario\Desktop\Thesis\Pipeline\Real-time-visual-defect-detection\data\outputs\Experiment 5\coldstart_csflow_real_iad_usb_adaptor_motion_blur_s3,csflow,usb_adaptor,Tesla T4,motion_blur,3,0.6281927640151378,0.8599945251738177,0.9942691010931248,0.116385595534909,0.2209064458778021,190.93601516976688,1779859228745461900,2586
coldstart_csflow_real_iad_usb_adaptor_shot_noise_s1,C:\Users\Usuario\Desktop\Thesis\Pipeline\Real-time-visual-defect-detection\data\outputs\Experiment 5\coldstart_csflow_real_iad_usb_adaptor_shot_noise_s1,csflow,usb_adaptor,Tesla T4,shot_noise,1,0.6778051647904925,0.8906362544718113,0.999,0.1815815159025375,0.3082227477974265,158.82825569914607,1779859229720220700,2558
coldstart_csflow_real_iad_usb_adaptor_shot_noise_s2,C:\Users\Usuario\Desktop\Thesis\Pipeline\Real-time-visual-defect-detection\data\outputs\Experiment 5\coldstart_csflow_real_iad_usb_adaptor_shot_noise_s2,csflow,usb_adaptor,Tesla T4,shot_noise,2,0.6384321768912068,0.8686541174633596,0.9249909068193768,0.1736512721498234,0.294642886076868,158.85863342809273,1779859229730359500,2594
coldstart_csflow_real_iad_usb_adaptor_shot_noise_s3,C:\Users\Usuario\Desktop\Thesis\Pipeline\Real-time-visual-defect-detection\data\outputs\Experiment 5\coldstart_csflow_real_iad_usb_adaptor_shot_noise_s3,csflow,usb_adaptor,Tesla T4,shot_noise,3,0.6423631278195953,0.8832993547460192,0.9838789352329568,0.1615043177864243,0.2821233122763782,161.25292202390062,1779859229740175800,2605
coldstart_csflow_real_iad_usb_gaussian_noise_s1,C:\Users\Usuario\Desktop\Thesis\Pipeline\Real-time-visual-defect-detection\data\outputs\Experiment 5\coldstart_csflow_real_iad_usb_gaussian_noise_s1,csflow,usb,Tesla T4,gaussian_noise,1,0.6990862619078079,0.8604090021581421,0.9602807646209208,0.1328924531870855,0.2322763305396872,168.1987468986336,1779859227651230900,2599
coldstart_csflow_real_iad_usb_gaussian_noise_s2,C:\Users\Usuario\Desktop\Thesis\Pipeline\Real-time-visual-defect-detection\data\outputs\Experiment 5\coldstart_csflow_real_iad_usb_gaussian_noise_s2,csflow,usb,Tesla T4,gaussian_noise,2,0.6956224193116841,0.847673446177381,0.948053820828792,0.1248051655041193,0.2203117459832199,170.76823564977917,1779859227659338200,2602
coldstart_csflow_real_iad_usb_gaussian_noise_s3,C:\Users\Usuario\Desktop\Thesis\Pipeline\Real-time-visual-defect-detection\data\outputs\Experiment 5\coldstart_csflow_real_iad_usb_gaussian_noise_s3,csflow,usb,Tesla T4,gaussian_noise,3,0.6906141122596527,0.8442436060903407,0.9503114843544508,0.0988753614060239,0.1856525278305422,170.45332921672772,1779859227675050800,2594
coldstart_csflow_real_iad_usb_motion_blur_s1,C:\Users\Usuario\Desktop\Thesis\Pipeline\Real-time-visual-defect-detection\data\outputs\Experiment 5\coldstart_csflow_real_iad_usb_motion_blur_s1,csflow,usb,Tesla T4,motion_blur,1,0.7124445700119058,0.875113309180333,0.972896760985958,0.1465222446520206,0.2534811395530994,189.77463489400668,1779859228674096300,2579
coldstart_csflow_real_iad_usb_motion_blur_s2,C:\Users\Usuario\Desktop\Thesis\Pipeline\Real-time-visual-defect-detection\data\outputs\Experiment 5\coldstart_csflow_real_iad_usb_motion_blur_s2,csflow,usb,Tesla T4,motion_blur,2,0.717343280044389,0.889454256205162,0.994807271987066,0.1446659886181478,0.248176653689676,191.1599439082644,1779859228686230600,2572
coldstart_csflow_real_iad_usb_motion_blur_s3,C:\Users\Usuario\Desktop\Thesis\Pipeline\Real-time-visual-defect-detection\data\outputs\Experiment 5\coldstart_csflow_real_iad_usb_motion_blur_s3,csflow,usb,Tesla T4,motion_blur,3,0.7081429294525462,0.8690359950934514,0.9983568468061016,0.1025839342582694,0.1925622905667735,193.4701348753304,1779859228698232200,2593
coldstart_csflow_real_iad_usb_shot_noise_s1,C:\Users\Usuario\Desktop\Thesis\Pipeline\Real-time-visual-defect-detection\data\outputs\Experiment 5\coldstart_csflow_real_iad_usb_shot_noise_s1,csflow,usb,Tesla T4,shot_noise,1,0.7445457255132851,0.9027819911950264,0.9684972680424208,0.1427037978084631,0.2444520481010114,159.63923089725444,1779859229690768900,2568
coldstart_csflow_real_iad_usb_shot_noise_s2,C:\Users\Usuario\Desktop\Thesis\Pipeline\Real-time-visual-defect-detection\data\outputs\Experiment 5\coldstart_csflow_real_iad_usb_shot_noise_s2,csflow,usb,Tesla T4,shot_noise,2,0.7607497531690645,0.9075162137228904,0.999,0.1367479925152532,0.2369501797643526,160.34562049811095,1779859229700332400,2573
coldstart_csflow_real_iad_usb_shot_noise_s3,C:\Users\Usuario\Desktop\Thesis\Pipeline\Real-time-visual-defect-detection\data\outputs\Experiment 5\coldstart_csflow_real_iad_usb_shot_noise_s3,csflow,usb,Tesla T4,shot_noise,3,0.7352436820367404,0.9028118404685536,0.999,0.117223452086647,0.2096144602447912,159.56749773173016,1779859229710944200,2571
coldstart_csflow_real_iad_vcpill_gaussian_noise_s1,C:\Users\Usuario\Desktop\Thesis\Pipeline\Real-time-visual-defect-detection\data\outputs\Experiment 5\coldstart_csflow_real_iad_vcpill_gaussian_noise_s1,csflow,vcpill,Tesla T4,gaussian_noise,1,0.6088388160713899,0.8097051954766308,0.935307586810144,0.0904258524782406,0.1685833500392525,167.98739125108796,1779859227712137200,2602
coldstart_csflow_real_iad_vcpill_gaussian_noise_s2,C:\Users\Usuario\Desktop\Thesis\Pipeline\Real-time-visual-defect-detection\data\outputs\Experiment 5\coldstart_csflow_real_iad_vcpill_gaussian_noise_s2,csflow,vcpill,Tesla T4,gaussian_noise,2,0.5901819214663231,0.8192550878334126,0.980825015127348,0.0905506600698342,0.1690696075019413,170.1891768149037,1779859227723016100,2601
coldstart_csflow_real_iad_vcpill_gaussian_noise_s3,C:\Users\Usuario\Desktop\Thesis\Pipeline\Real-time-visual-defect-detection\data\outputs\Experiment 5\coldstart_csflow_real_iad_vcpill_gaussian_noise_s3,csflow,vcpill,Tesla T4,gaussian_noise,3,0.5856790354443293,0.8158923356839637,0.9854788738164892,0.0645168043610176,0.1283929670790856,166.4697602079395,1779859227732106100,2591
coldstart_csflow_real_iad_vcpill_motion_blur_s1,C:\Users\Usuario\Desktop\Thesis\Pipeline\Real-time-visual-defect-detection\data\outputs\Experiment 5\coldstart_csflow_real_iad_vcpill_motion_blur_s1,csflow,vcpill,Tesla T4,motion_blur,1,0.6078131353705034,0.8310184718513982,0.766980891273084,0.0950601708065571,0.1658889427375955,189.2214644425512,1779859228753918800,2578
coldstart_csflow_real_iad_vcpill_motion_blur_s2,C:\Users\Usuario\Desktop\Thesis\Pipeline\Real-time-visual-defect-detection\data\outputs\Experiment 5\coldstart_csflow_real_iad_vcpill_motion_blur_s2,csflow,vcpill,Tesla T4,motion_blur,2,0.5984241244656391,0.8359201589056416,0.999,0.091600918582414,0.1697297544925739,188.73477026173043,1779859228774539400,2547
coldstart_csflow_real_iad_vcpill_motion_blur_s3,C:\Users\Usuario\Desktop\Thesis\Pipeline\Real-time-visual-defect-detection\data\outputs\Experiment 5\coldstart_csflow_real_iad_vcpill_motion_blur_s3,csflow,vcpill,Tesla T4,motion_blur,3,0.5933341344416766,0.8171059986392828,0.9832946403972004,0.1001029185417321,0.1861436772089127,191.11947018301817,1779859228790113800,2598
coldstart_csflow_real_iad_vcpill_shot_noise_s1,C:\Users\Usuario\Desktop\Thesis\Pipeline\Real-time-visual-defect-detection\data\outputs\Experiment 5\coldstart_csflow_real_iad_vcpill_shot_noise_s1,csflow,vcpill,Tesla T4,shot_noise,1,0.6216464981341085,0.8383766176523966,0.6143623747035523,0.103815710300867,0.1789865862260237,158.04133990950731,1779859229750262500,2568
coldstart_csflow_real_iad_vcpill_shot_noise_s2,C:\Users\Usuario\Desktop\Thesis\Pipeline\Real-time-visual-defect-detection\data\outputs\Experiment 5\coldstart_csflow_real_iad_vcpill_shot_noise_s2,csflow,vcpill,Tesla T4,shot_noise,2,0.620487371630348,0.8401588790292931,0.5772374400029954,0.1041944452062117,0.1743093645706237,158.76705417506753,1779859229759946800,2579
coldstart_csflow_real_iad_vcpill_shot_noise_s3,C:\Users\Usuario\Desktop\Thesis\Pipeline\Real-time-visual-defect-detection\data\outputs\Experiment 5\coldstart_csflow_real_iad_vcpill_shot_noise_s3,csflow,vcpill,Tesla T4,shot_noise,3,0.6176010849793541,0.8435586627596663,0.999,0.11543671477601,0.2080490022705848,158.4491608977965,1779859229768945100,2571
coldstart_csflow_real_iad_wooden_beads_gaussian_noise_s1,C:\Users\Usuario\Desktop\Thesis\Pipeline\Real-time-visual-defect-detection\data\outputs\Experiment 5\coldstart_csflow_real_iad_wooden_beads_gaussian_noise_s1,csflow,wooden_beads,Tesla T4,gaussian_noise,1,0.7424390264629607,0.934215426543198,0.9875179573601748,0.2949319351214331,0.4465457415347086,166.19918633032887,1779859227756700000,2593
coldstart_csflow_real_iad_wooden_beads_gaussian_noise_s2,C:\Users\Usuario\Desktop\Thesis\Pipeline\Real-time-visual-defect-detection\data\outputs\Experiment 5\coldstart_csflow_real_iad_wooden_beads_gaussian_noise_s2,csflow,wooden_beads,Tesla T4,gaussian_noise,2,0.7405141085291579,0.9349783003645252,0.9881103490526936,0.2892555846333592,0.4372311629967463,168.4514866668296,1779859227771107900,2596
coldstart_csflow_real_iad_wooden_beads_gaussian_noise_s3,C:\Users\Usuario\Desktop\Thesis\Pipeline\Real-time-visual-defect-detection\data\outputs\Experiment 5\coldstart_csflow_real_iad_wooden_beads_gaussian_noise_s3,csflow,wooden_beads,Tesla T4,gaussian_noise,3,0.7533464691612062,0.9320898184633214,0.9927453543116338,0.2853799687442186,0.434717072416363,168.32547883643102,1779859227784092400,2595
coldstart_csflow_real_iad_wooden_beads_motion_blur_s1,C:\Users\Usuario\Desktop\Thesis\Pipeline\Real-time-visual-defect-detection\data\outputs\Experiment 5\coldstart_csflow_real_iad_wooden_beads_motion_blur_s1,csflow,wooden_beads,Tesla T4,motion_blur,1,0.717762082077953,0.930118203570386,0.9566640977286636,0.2263425770931977,0.3641969819884119,187.65850271604864,1779859228800449600,2575
coldstart_csflow_real_iad_wooden_beads_motion_blur_s2,C:\Users\Usuario\Desktop\Thesis\Pipeline\Real-time-visual-defect-detection\data\outputs\Experiment 5\coldstart_csflow_real_iad_wooden_beads_motion_blur_s2,csflow,wooden_beads,Tesla T4,motion_blur,2,0.740315303944491,0.9328416223136572,0.9977363087816198,0.2321150590213671,0.3745334512437378,185.50149212492656,1779859228809444300,2580
coldstart_csflow_real_iad_wooden_beads_motion_blur_s3,C:\Users\Usuario\Desktop\Thesis\Pipeline\Real-time-visual-defect-detection\data\outputs\Experiment 5\coldstart_csflow_real_iad_wooden_beads_motion_blur_s3,csflow,wooden_beads,Tesla T4,motion_blur,3,0.7271898078527411,0.9201958505661614,0.8476395537366225,0.2403468245006107,0.3771802060946931,184.0508898028732,1779859228818243100,2592
coldstart_csflow_real_iad_wooden_beads_shot_noise_s1,C:\Users\Usuario\Desktop\Thesis\Pipeline\Real-time-visual-defect-detection\data\outputs\Experiment 5\coldstart_csflow_real_iad_wooden_beads_shot_noise_s1,csflow,wooden_beads,Tesla T4,shot_noise,1,0.7212301252160347,0.9334358090469392,0.9842805544681597,0.2361091827253104,0.3804823215222348,155.96227496991983,1779859229777947900,2574
coldstart_csflow_real_iad_wooden_beads_shot_noise_s2,C:\Users\Usuario\Desktop\Thesis\Pipeline\Real-time-visual-defect-detection\data\outputs\Experiment 5\coldstart_csflow_real_iad_wooden_beads_shot_noise_s2,csflow,wooden_beads,Tesla T4,shot_noise,2,0.7208295682873784,0.9174388482996412,0.9950583840002892,0.2302019604965014,0.368046108493625,156.15202959262044,1779859229788894400,2581
coldstart_csflow_real_iad_wooden_beads_shot_noise_s3,C:\Users\Usuario\Desktop\Thesis\Pipeline\Real-time-visual-defect-detection\data\outputs\Experiment 5\coldstart_csflow_real_iad_wooden_beads_shot_noise_s3,csflow,wooden_beads,Tesla T4,shot_noise,3,0.7142079473267307,0.9322646750814928,0.999,0.242781722109394,0.3841949911997299,156.9547502334441,1779859229798900700,2576
coldstart_csflow_real_iad_woodstick_gaussian_noise_s1,C:\Users\Usuario\Desktop\Thesis\Pipeline\Real-time-visual-defect-detection\data\outputs\Experiment 5\coldstart_csflow_real_iad_woodstick_gaussian_noise_s1,csflow,woodstick,Tesla T4,gaussian_noise,1,0.7388631850955631,0.8657952753500882,0.9878097118174036,0.4799036434434228,0.6516058729648591,182.07825324707832,1779859227795252000,2589
coldstart_csflow_real_iad_woodstick_gaussian_noise_s2,C:\Users\Usuario\Desktop\Thesis\Pipeline\Real-time-visual-defect-detection\data\outputs\Experiment 5\coldstart_csflow_real_iad_woodstick_gaussian_noise_s2,csflow,woodstick,Tesla T4,gaussian_noise,2,0.7428149414958239,0.8639154052330498,0.999,0.4535015353494667,0.6150195116726734,183.06925596314545,1779859227802096400,2580
coldstart_csflow_real_iad_woodstick_gaussian_noise_s3,C:\Users\Usuario\Desktop\Thesis\Pipeline\Real-time-visual-defect-detection\data\outputs\Experiment 5\coldstart_csflow_real_iad_woodstick_gaussian_noise_s3,csflow,woodstick,Tesla T4,gaussian_noise,3,0.72639409270856,0.85912040632763,0.999,0.4361060951407223,0.6013159295235138,180.39661611533623,1779859227811096000,2574
coldstart_csflow_real_iad_woodstick_motion_blur_s1,C:\Users\Usuario\Desktop\Thesis\Pipeline\Real-time-visual-defect-detection\data\outputs\Experiment 5\coldstart_csflow_real_iad_woodstick_motion_blur_s1,csflow,woodstick,Tesla T4,motion_blur,1,0.7834722123265835,0.898883863936192,0.927963618408023,0.4048172011324884,0.5675951939619445,200.3654380151966,1779859228854409500,2561
coldstart_csflow_real_iad_woodstick_motion_blur_s2,C:\Users\Usuario\Desktop\Thesis\Pipeline\Real-time-visual-defect-detection\data\outputs\Experiment 5\coldstart_csflow_real_iad_woodstick_motion_blur_s2,csflow,woodstick,Tesla T4,motion_blur,2,0.766580876372986,0.9065458844877292,0.9671343589894912,0.4062679629400026,0.5657319222559709,199.0369338321605,1779859228862407000,2559
coldstart_csflow_real_iad_woodstick_motion_blur_s3,C:\Users\Usuario\Desktop\Thesis\Pipeline\Real-time-visual-defect-detection\data\outputs\Experiment 5\coldstart_csflow_real_iad_woodstick_motion_blur_s3,csflow,woodstick,Tesla T4,motion_blur,3,0.7711442840848655,0.8937038122873802,0.9497149759641634,0.3964137453883404,0.561764666285972,198.25092329625505,1779859228870230000,2583
coldstart_csflow_real_iad_woodstick_shot_noise_s1,C:\Users\Usuario\Desktop\Thesis\Pipeline\Real-time-visual-defect-detection\data\outputs\Experiment 5\coldstart_csflow_real_iad_woodstick_shot_noise_s1,csflow,woodstick,Tesla T4,shot_noise,1,0.7096578872978555,0.8599923762335184,0.9795464121678092,0.4087846331760303,0.5688959540344919,168.07977398093388,1779859229807449500,2568
coldstart_csflow_real_iad_woodstick_shot_noise_s2,C:\Users\Usuario\Desktop\Thesis\Pipeline\Real-time-visual-defect-detection\data\outputs\Experiment 5\coldstart_csflow_real_iad_woodstick_shot_noise_s2,csflow,woodstick,Tesla T4,shot_noise,2,0.7032320237803558,0.866403088645867,0.9608969947348748,0.4010517603257278,0.5598297900985171,170.4698107720405,1779859229814449400,2580
coldstart_csflow_real_iad_woodstick_shot_noise_s3,C:\Users\Usuario\Desktop\Thesis\Pipeline\Real-time-visual-defect-detection\data\outputs\Experiment 5\coldstart_csflow_real_iad_woodstick_shot_noise_s3,csflow,woodstick,Tesla T4,shot_noise,3,0.6982969853648708,0.8567293777272023,0.999,0.3903605303508242,0.5485197315105202,170.61166394000014,1779859229827986800,2569
coldstart_csflow_real_iad_zipper_gaussian_noise_s1,C:\Users\Usuario\Desktop\Thesis\Pipeline\Real-time-visual-defect-detection\data\outputs\Experiment 5\coldstart_csflow_real_iad_zipper_gaussian_noise_s1,csflow,zipper,Tesla T4,gaussian_noise,1,0.7231175634017577,0.8558147907045518,0.8921903364661484,0.4125632749355131,0.5644664222975819,181.05479518719667,1779859227819225500,2581
coldstart_csflow_real_iad_zipper_gaussian_noise_s2,C:\Users\Usuario\Desktop\Thesis\Pipeline\Real-time-visual-defect-detection\data\outputs\Experiment 5\coldstart_csflow_real_iad_zipper_gaussian_noise_s2,csflow,zipper,Tesla T4,gaussian_noise,2,0.7191812083714173,0.8517428067815698,0.897988376892929,0.390563441888885,0.5496292376689217,181.74212471992655,1779859227831194800,2598
coldstart_csflow_real_iad_zipper_gaussian_noise_s3,C:\Users\Usuario\Desktop\Thesis\Pipeline\Real-time-visual-defect-detection\data\outputs\Experiment 5\coldstart_csflow_real_iad_zipper_gaussian_noise_s3,csflow,zipper,Tesla T4,gaussian_noise,3,0.705042713356675,0.8527963161932018,0.8693264889776811,0.3797936654145554,0.5249720127219712,179.64650471837763,1779859227843189900,2589
coldstart_csflow_real_iad_zipper_motion_blur_s1,C:\Users\Usuario\Desktop\Thesis\Pipeline\Real-time-visual-defect-detection\data\outputs\Experiment 5\coldstart_csflow_real_iad_zipper_motion_blur_s1,csflow,zipper,Tesla T4,motion_blur,1,0.7476153934489543,0.8729139591971974,0.8983830950264421,0.458391618856472,0.5946756389037279,199.182887869125,1779859228878352200,2574
coldstart_csflow_real_iad_zipper_motion_blur_s2,C:\Users\Usuario\Desktop\Thesis\Pipeline\Real-time-visual-defect-detection\data\outputs\Experiment 5\coldstart_csflow_real_iad_zipper_motion_blur_s2,csflow,zipper,Tesla T4,motion_blur,2,0.7122927503636033,0.8804812725459158,0.9239285485785594,0.3789460967941916,0.5344367695476228,196.55200352939056,1779859228909395500,2561
coldstart_csflow_real_iad_zipper_motion_blur_s3,C:\Users\Usuario\Desktop\Thesis\Pipeline\Real-time-visual-defect-detection\data\outputs\Experiment 5\coldstart_csflow_real_iad_zipper_motion_blur_s3,csflow,zipper,Tesla T4,motion_blur,3,0.6826526347622827,0.8619828441466889,0.9395786094429548,0.3108540329171897,0.4587064938832449,195.27949726382823,1779859228916847000,2556
coldstart_csflow_real_iad_zipper_shot_noise_s1,C:\Users\Usuario\Desktop\Thesis\Pipeline\Real-time-visual-defect-detection\data\outputs\Experiment 5\coldstart_csflow_real_iad_zipper_shot_noise_s1,csflow,zipper,Tesla T4,shot_noise,1,0.7406663237674426,0.8865970839739393,0.9058367689897852,0.4370771482934726,0.5845532818976784,165.97756838991603,1779859229836770800,2584
coldstart_csflow_real_iad_zipper_shot_noise_s2,C:\Users\Usuario\Desktop\Thesis\Pipeline\Real-time-visual-defect-detection\data\outputs\Experiment 5\coldstart_csflow_real_iad_zipper_shot_noise_s2,csflow,zipper,Tesla T4,shot_noise,2,0.7174482905593266,0.8703948900870382,0.8515597174355137,0.3868304238783545,0.530723964087554,165.85237032536008,1779859229844834200,2585
coldstart_csflow_real_iad_zipper_shot_noise_s3,C:\Users\Usuario\Desktop\Thesis\Pipeline\Real-time-visual-defect-detection\data\outputs\Experiment 5\coldstart_csflow_real_iad_zipper_shot_noise_s3,csflow,zipper,Tesla T4,shot_noise,3,0.6906131297726426,0.8410315137334761,0.971557475403243,0.3387786705301079,0.4923182103715498,165.44790538973672,1779859229853386300,2557
coldstart_draem_real_iad_audiojack_gaussian_noise_s1,C:\Users\Usuario\Desktop\Thesis\Pipeline\Real-time-visual-defect-detection\data\outputs\Experiment 5\coldstart_draem_real_iad_audiojack_gaussian_noise_s1,draem,audiojack,Tesla T4,gaussian_noise,1,0.6056570798243328,0.7923809586833278,0.9318823237634716,0.0810693315530706,0.131323766531858,82.47942147845657,1779859229861380500,2591
coldstart_draem_real_iad_audiojack_gaussian_noise_s2,C:\Users\Usuario\Desktop\Thesis\Pipeline\Real-time-visual-defect-detection\data\outputs\Experiment 5\coldstart_draem_real_iad_audiojack_gaussian_noise_s2,draem,audiojack,Tesla T4,gaussian_noise,2,0.6035658526127172,0.7939526333852722,0.9372657201770952,0.0645618418154476,0.1098155749300261,83.80227626031751,1779859229867841600,2597
coldstart_draem_real_iad_audiojack_gaussian_noise_s3,C:\Users\Usuario\Desktop\Thesis\Pipeline\Real-time-visual-defect-detection\data\outputs\Experiment 5\coldstart_draem_real_iad_audiojack_gaussian_noise_s3,draem,audiojack,Tesla T4,gaussian_noise,3,0.6028948117718885,0.7805916423602609,0.9444300947363868,0.058876184678931,0.0997270141425035,82.31149205649619,1779859229877950800,2593
coldstart_draem_real_iad_audiojack_motion_blur_s1,C:\Users\Usuario\Desktop\Thesis\Pipeline\Real-time-visual-defect-detection\data\outputs\Experiment 5\coldstart_draem_real_iad_audiojack_motion_blur_s1,draem,audiojack,Tesla T4,motion_blur,1,0.6373114935092736,0.8079185741091823,0.9434958554412742,0.0470638719311729,0.0895239270907905,96.59756070318704,1779859231098273700,2579
coldstart_draem_real_iad_audiojack_motion_blur_s2,C:\Users\Usuario\Desktop\Thesis\Pipeline\Real-time-visual-defect-detection\data\outputs\Experiment 5\coldstart_draem_real_iad_audiojack_motion_blur_s2,draem,audiojack,Tesla T4,motion_blur,2,0.6297071446243975,0.80232063203741,0.9530593274548524,0.0799262030113257,0.1414211781800789,95.60015710142224,1779859231111413900,2570
coldstart_draem_real_iad_audiojack_motion_blur_s3,C:\Users\Usuario\Desktop\Thesis\Pipeline\Real-time-visual-defect-detection\data\outputs\Experiment 5\coldstart_draem_real_iad_audiojack_motion_blur_s3,draem,audiojack,Tesla T4,motion_blur,3,0.6089087714121346,0.7969243615647515,0.9375959216006764,0.0630979770318786,0.1154110023952254,98.05586450835604,1779859231125556000,2592
coldstart_draem_real_iad_audiojack_shot_noise_s1,C:\Users\Usuario\Desktop\Thesis\Pipeline\Real-time-visual-defect-detection\data\outputs\Experiment 5\coldstart_draem_real_iad_audiojack_shot_noise_s1,draem,audiojack,Tesla T4,shot_noise,1,0.6327825663608919,0.8143118568749336,0.9676468809536456,0.0275515280278703,0.0572055582831496,66.71461577349174,1779859232611795100,2577
coldstart_draem_real_iad_audiojack_shot_noise_s2,C:\Users\Usuario\Desktop\Thesis\Pipeline\Real-time-visual-defect-detection\data\outputs\Experiment 5\coldstart_draem_real_iad_audiojack_shot_noise_s2,draem,audiojack,Tesla T4,shot_noise,2,0.6341090260279905,0.8143876907220169,0.9792966263829476,0.0310775768991282,0.0625518408845809,65.78040107668258,1779859232620710100,2591
coldstart_draem_real_iad_audiojack_shot_noise_s3,C:\Users\Usuario\Desktop\Thesis\Pipeline\Real-time-visual-defect-detection\data\outputs\Experiment 5\coldstart_draem_real_iad_audiojack_shot_noise_s3,draem,audiojack,Tesla T4,shot_noise,3,0.6412002767281717,0.8056834579287823,0.9652998168908092,0.0191268191893108,0.0429580547833119,67.3262955639789,1779859232631827200,2590
coldstart_draem_real_iad_bottle_cap_gaussian_noise_s1,C:\Users\Usuario\Desktop\Thesis\Pipeline\Real-time-visual-defect-detection\data\outputs\Experiment 5\coldstart_draem_real_iad_bottle_cap_gaussian_noise_s1,draem,bottle_cap,Tesla T4,gaussian_noise,1,0.2581790026736811,0.6123934694605068,0.9650999457382488,0.0159853738551166,0.0373925234553855,82.79902517274816,1779859229887513100,2593
coldstart_draem_real_iad_bottle_cap_gaussian_noise_s2,C:\Users\Usuario\Desktop\Thesis\Pipeline\Real-time-visual-defect-detection\data\outputs\Experiment 5\coldstart_draem_real_iad_bottle_cap_gaussian_noise_s2,draem,bottle_cap,Tesla T4,gaussian_noise,2,0.2337608021476855,0.5946646861983238,0.9632500473257312,0.0169700533512624,0.0391909799598017,82.697107960097,1779859229907789800,2593
coldstart_draem_real_iad_bottle_cap_gaussian_noise_s3,C:\Users\Usuario\Desktop\Thesis\Pipeline\Real-time-visual-defect-detection\data\outputs\Experiment 5\coldstart_draem_real_iad_bottle_cap_gaussian_noise_s3,draem,bottle_cap,Tesla T4,gaussian_noise,3,0.2142914734141291,0.5808700756034949,0.9645622321186827,0.0091692160100441,0.025769104290575,78.75120734690623,1779859229916788600,2593
coldstart_draem_real_iad_bottle_cap_motion_blur_s1,C:\Users\Usuario\Desktop\Thesis\Pipeline\Real-time-visual-defect-detection\data\outputs\Experiment 5\coldstart_draem_real_iad_bottle_cap_motion_blur_s1,draem,bottle_cap,Tesla T4,motion_blur,1,0.2688226955081358,0.6210896402907817,0.9610268278190912,0.001,0.0105708528830273,96.3074618998008,1779859231139447100,2544
coldstart_draem_real_iad_bottle_cap_motion_blur_s2,C:\Users\Usuario\Desktop\Thesis\Pipeline\Real-time-visual-defect-detection\data\outputs\Experiment 5\coldstart_draem_real_iad_bottle_cap_motion_blur_s2,draem,bottle_cap,Tesla T4,motion_blur,2,0.2492145787490683,0.6235120691580669,0.9471505269073532,0.001,0.0098550218298504,94.69185454239329,1779859231149300800,2540
coldstart_draem_real_iad_bottle_cap_motion_blur_s3,C:\Users\Usuario\Desktop\Thesis\Pipeline\Real-time-visual-defect-detection\data\outputs\Experiment 5\coldstart_draem_real_iad_bottle_cap_motion_blur_s3,draem,bottle_cap,Tesla T4,motion_blur,3,0.2169196232071813,0.6110445655229275,0.946184274412465,0.001,0.0090108651117571,91.447889416707,1779859231163183700,2570
coldstart_draem_real_iad_bottle_cap_shot_noise_s1,C:\Users\Usuario\Desktop\Thesis\Pipeline\Real-time-visual-defect-detection\data\outputs\Experiment 5\coldstart_draem_real_iad_bottle_cap_shot_noise_s1,draem,bottle_cap,Tesla T4,shot_noise,1,0.2653077770841817,0.6255611369741347,0.973528092138684,0.0154147139728211,0.0355574262982376,73.27718964871242,1779859232640655800,2569
coldstart_draem_real_iad_bottle_cap_shot_noise_s2,C:\Users\Usuario\Desktop\Thesis\Pipeline\Real-time-visual-defect-detection\data\outputs\Experiment 5\coldstart_draem_real_iad_bottle_cap_shot_noise_s2,draem,bottle_cap,Tesla T4,shot_noise,2,0.2546281946109299,0.6102430671509218,0.9749055305985762,0.0114458389109007,0.0282453290709794,73.65873386196337,1779859232657884500,2587
coldstart_draem_real_iad_bottle_cap_shot_noise_s3,C:\Users\Usuario\Desktop\Thesis\Pipeline\Real-time-visual-defect-detection\data\outputs\Experiment 5\coldstart_draem_real_iad_bottle_cap_shot_noise_s3,draem,bottle_cap,Tesla T4,shot_noise,3,0.2295328325998029,0.604666219114377,0.9594853938687192,0.0160923951961421,0.0365659239739855,70.24615913916972,1779859232685612200,2588
coldstart_draem_real_iad_button_battery_gaussian_noise_s1,C:\Users\Usuario\Desktop\Thesis\Pipeline\Real-time-visual-defect-detection\data\outputs\Experiment 5\coldstart_draem_real_iad_button_battery_gaussian_noise_s1,draem,button_battery,Tesla T4,gaussian_noise,1,0.4426874225789595,0.6926410468567221,0.6787391006328525,0.0799267943474665,0.1324692095292468,79.80225821527358,1779859229924863100,2592
coldstart_draem_real_iad_button_battery_gaussian_noise_s2,C:\Users\Usuario\Desktop\Thesis\Pipeline\Real-time-visual-defect-detection\data\outputs\Experiment 5\coldstart_draem_real_iad_button_battery_gaussian_noise_s2,draem,button_battery,Tesla T4,gaussian_noise,2,0.418322888311125,0.6826154781828987,0.6435593697699921,0.0686863385888212,0.1173654575589673,79.18445318228885,1779859229934174800,2595
coldstart_draem_real_iad_button_battery_gaussian_noise_s3,C:\Users\Usuario\Desktop\Thesis\Pipeline\Real-time-visual-defect-detection\data\outputs\Experiment 5\coldstart_draem_real_iad_button_battery_gaussian_noise_s3,draem,button_battery,Tesla T4,gaussian_noise,3,0.4011601485572881,0.6786851785477814,0.6570340683753487,0.0657075808582311,0.1129478678240653,80.56046477064928,1779859229942277500,2591
coldstart_draem_real_iad_button_battery_motion_blur_s1,C:\Users\Usuario\Desktop\Thesis\Pipeline\Real-time-visual-defect-detection\data\outputs\Experiment 5\coldstart_draem_real_iad_button_battery_motion_blur_s1,draem,button_battery,Tesla T4,motion_blur,1,0.4506088283284158,0.7207676897808165,0.7163677044712384,0.0615002017193693,0.1086525945871983,88.85231634672682,1779859231180858600,2569
coldstart_draem_real_iad_button_battery_motion_blur_s2,C:\Users\Usuario\Desktop\Thesis\Pipeline\Real-time-visual-defect-detection\data\outputs\Experiment 5\coldstart_draem_real_iad_button_battery_motion_blur_s2,draem,button_battery,Tesla T4,motion_blur,2,0.4271318147789472,0.7064044217835392,0.703253292263988,0.0496087165998884,0.0924745103896355,91.3201157397245,1779859231190837500,2574
coldstart_draem_real_iad_button_battery_motion_blur_s3,C:\Users\Usuario\Desktop\Thesis\Pipeline\Real-time-visual-defect-detection\data\outputs\Experiment 5\coldstart_draem_real_iad_button_battery_motion_blur_s3,draem,button_battery,Tesla T4,motion_blur,3,0.4049111131729127,0.6969107453550626,0.6831088900866374,0.0127697799124021,0.0345069634284583,90.0922680533017,1779859231200202300,2586
coldstart_draem_real_iad_button_battery_shot_noise_s1,C:\Users\Usuario\Desktop\Thesis\Pipeline\Real-time-visual-defect-detection\data\outputs\Experiment 5\coldstart_draem_real_iad_button_battery_shot_noise_s1,draem,button_battery,Tesla T4,shot_noise,1,0.4418498359739816,0.6992824184724801,0.6666057404433875,0.055412079898407,0.1010698706121474,70.06434244412334,1779859232693602000,2573
coldstart_draem_real_iad_button_battery_shot_noise_s2,C:\Users\Usuario\Desktop\Thesis\Pipeline\Real-time-visual-defect-detection\data\outputs\Experiment 5\coldstart_draem_real_iad_button_battery_shot_noise_s2,draem,button_battery,Tesla T4,shot_noise,2,0.4221676006308108,0.6943431427024581,0.6531471193512146,0.0547616270161065,0.1018316130072912,69.67201048715965,1779859232703241500,2589
coldstart_draem_real_iad_button_battery_shot_noise_s3,C:\Users\Usuario\Desktop\Thesis\Pipeline\Real-time-visual-defect-detection\data\outputs\Experiment 5\coldstart_draem_real_iad_button_battery_shot_noise_s3,draem,button_battery,Tesla T4,shot_noise,3,0.3953772430898349,0.6851865506467331,0.6955134414927518,0.0204217019534776,0.0496644035203014,70.68975815438993,1779859232716682300,2585
coldstart_draem_real_iad_end_cap_gaussian_noise_s1,C:\Users\Usuario\Desktop\Thesis\Pipeline\Real-time-visual-defect-detection\data\outputs\Experiment 5\coldstart_draem_real_iad_end_cap_gaussian_noise_s1,draem,end_cap,Tesla T4,gaussian_noise,1,0.4401486156408489,0.7515257828222418,0.999,0.0436157311686357,0.0778724844569754,78.66909737836569,1779859229950888000,2584
coldstart_draem_real_iad_end_cap_gaussian_noise_s2,C:\Users\Usuario\Desktop\Thesis\Pipeline\Real-time-visual-defect-detection\data\outputs\Experiment 5\coldstart_draem_real_iad_end_cap_gaussian_noise_s2,draem,end_cap,Tesla T4,gaussian_noise,2,0.4247250695550129,0.7329714844264665,0.9725921403588124,0.0317476579851296,0.0605556366645301,80.21982301445101,1779859229958966600,2595
coldstart_draem_real_iad_end_cap_gaussian_noise_s3,C:\Users\Usuario\Desktop\Thesis\Pipeline\Real-time-visual-defect-detection\data\outputs\Experiment 5\coldstart_draem_real_iad_end_cap_gaussian_noise_s3,draem,end_cap,Tesla T4,gaussian_noise,3,0.4128654654202932,0.7388582665096404,0.999,0.0329670279839493,0.0612603732086249,80.49372400847751,1779859229966848000,2577
coldstart_draem_real_iad_end_cap_motion_blur_s1,C:\Users\Usuario\Desktop\Thesis\Pipeline\Real-time-visual-defect-detection\data\outputs\Experiment 5\coldstart_draem_real_iad_end_cap_motion_blur_s1,draem,end_cap,Tesla T4,motion_blur,1,0.4709166576366531,0.7765588618690431,0.999,0.0281511089341442,0.0534834509249509,92.08294494617364,1779859231216108000,2560
coldstart_draem_real_iad_end_cap_motion_blur_s2,C:\Users\Usuario\Desktop\Thesis\Pipeline\Real-time-visual-defect-detection\data\outputs\Experiment 5\coldstart_draem_real_iad_end_cap_motion_blur_s2,draem,end_cap,Tesla T4,motion_blur,2,0.4629356533920296,0.7700507515381466,0.999,0.001,0.0016587044680125,89.37616584603381,1779859231238737300,2549
coldstart_draem_real_iad_end_cap_motion_blur_s3,C:\Users\Usuario\Desktop\Thesis\Pipeline\Real-time-visual-defect-detection\data\outputs\Experiment 5\coldstart_draem_real_iad_end_cap_motion_blur_s3,draem,end_cap,Tesla T4,motion_blur,3,0.4596238990799426,0.7667534691605156,0.999,0.001,0.0016633400010262,90.18097820273618,1779859231250077600,2567
coldstart_draem_real_iad_end_cap_shot_noise_s1,C:\Users\Usuario\Desktop\Thesis\Pipeline\Real-time-visual-defect-detection\data\outputs\Experiment 5\coldstart_draem_real_iad_end_cap_shot_noise_s1,draem,end_cap,Tesla T4,shot_noise,1,0.499825798371539,0.7867242980444685,0.999,0.0146360613551533,0.0287944794970805,69.38798035021556,1779859232726764300,2554
coldstart_draem_real_iad_end_cap_shot_noise_s2,C:\Users\Usuario\Desktop\Thesis\Pipeline\Real-time-visual-defect-detection\data\outputs\Experiment 5\coldstart_draem_real_iad_end_cap_shot_noise_s2,draem,end_cap,Tesla T4,shot_noise,2,0.4752251034680164,0.7743043341586712,0.999,0.001,0.007285213930259,70.35713413520861,1779859232738374000,2549
coldstart_draem_real_iad_end_cap_shot_noise_s3,C:\Users\Usuario\Desktop\Thesis\Pipeline\Real-time-visual-defect-detection\data\outputs\Experiment 5\coldstart_draem_real_iad_end_cap_shot_noise_s3,draem,end_cap,Tesla T4,shot_noise,3,0.4810994192892679,0.756352508368909,0.999,0.0151487238323378,0.0356296484211299,71.05053772071996,1779859232746373700,2572
coldstart_draem_real_iad_eraser_gaussian_noise_s1,C:\Users\Usuario\Desktop\Thesis\Pipeline\Real-time-visual-defect-detection\data\outputs\Experiment 5\coldstart_draem_real_iad_eraser_gaussian_noise_s1,draem,eraser,Tesla T4,gaussian_noise,1,0.526107713913935,0.7841370988608396,0.989183641763716,0.0499141915005516,0.0888630435837882,79.05285910851933,1779859229976938500,2588
coldstart_draem_real_iad_eraser_gaussian_noise_s2,C:\Users\Usuario\Desktop\Thesis\Pipeline\Real-time-visual-defect-detection\data\outputs\Experiment 5\coldstart_draem_real_iad_eraser_gaussian_noise_s2,draem,eraser,Tesla T4,gaussian_noise,2,0.5119339489975635,0.7782943391864188,0.999,0.0321034616004238,0.0592660638322027,78.84338994424843,1779859229986525800,2579
coldstart_draem_real_iad_eraser_gaussian_noise_s3,C:\Users\Usuario\Desktop\Thesis\Pipeline\Real-time-visual-defect-detection\data\outputs\Experiment 5\coldstart_draem_real_iad_eraser_gaussian_noise_s3,draem,eraser,Tesla T4,gaussian_noise,3,0.4957030493969505,0.7712030694586441,0.999,0.0227114790339169,0.0439114468717689,79.50012203242163,1779859229994526800,2578
coldstart_draem_real_iad_eraser_motion_blur_s1,C:\Users\Usuario\Desktop\Thesis\Pipeline\Real-time-visual-defect-detection\data\outputs\Experiment 5\coldstart_draem_real_iad_eraser_motion_blur_s1,draem,eraser,Tesla T4,motion_blur,1,0.511683724472002,0.7819918512584743,0.999,0.0135102931132891,0.0269831751370946,89.11776265633141,1779859231284883900,2568
coldstart_draem_real_iad_eraser_motion_blur_s2,C:\Users\Usuario\Desktop\Thesis\Pipeline\Real-time-visual-defect-detection\data\outputs\Experiment 5\coldstart_draem_real_iad_eraser_motion_blur_s2,draem,eraser,Tesla T4,motion_blur,2,0.5116275755556867,0.7606965418481474,0.9538580879144756,0.0206409175548399,0.0378840418325396,89.84481944244222,1779859231298432400,2578
coldstart_draem_real_iad_eraser_motion_blur_s3,C:\Users\Usuario\Desktop\Thesis\Pipeline\Real-time-visual-defect-detection\data\outputs\Experiment 5\coldstart_draem_real_iad_eraser_motion_blur_s3,draem,eraser,Tesla T4,motion_blur,3,0.5083722804234341,0.7784905890439279,0.9846775472605532,0.0014365943503762,0.0059656166204935,88.55806255410627,1779859231312699900,2596
coldstart_draem_real_iad_eraser_shot_noise_s1,C:\Users\Usuario\Desktop\Thesis\Pipeline\Real-time-visual-defect-detection\data\outputs\Experiment 5\coldstart_draem_real_iad_eraser_shot_noise_s1,draem,eraser,Tesla T4,shot_noise,1,0.5378800468406533,0.7889826458677253,0.999,0.001,0.0026258161064036,69.1756949120212,1779859232755233100,2543
coldstart_draem_real_iad_eraser_shot_noise_s2,C:\Users\Usuario\Desktop\Thesis\Pipeline\Real-time-visual-defect-detection\data\outputs\Experiment 5\coldstart_draem_real_iad_eraser_shot_noise_s2,draem,eraser,Tesla T4,shot_noise,2,0.5620178180595533,0.8010826964460598,0.9497308275515626,0.001,0.0016378082962431,68.7470204408952,1779859232763230200,2577
coldstart_draem_real_iad_eraser_shot_noise_s3,C:\Users\Usuario\Desktop\Thesis\Pipeline\Real-time-visual-defect-detection\data\outputs\Experiment 5\coldstart_draem_real_iad_eraser_shot_noise_s3,draem,eraser,Tesla T4,shot_noise,3,0.5396856302511167,0.7975150059177609,0.6509618455203557,0.001,0.0016581433863115,68.9558492724037,1779859232771278300,2573
coldstart_draem_real_iad_fire_hood_gaussian_noise_s1,C:\Users\Usuario\Desktop\Thesis\Pipeline\Real-time-visual-defect-detection\data\outputs\Experiment 5\coldstart_draem_real_iad_fire_hood_gaussian_noise_s1,draem,fire_hood,Tesla T4,gaussian_noise,1,0.7895506791500034,0.8988187858160465,0.999,0.0324143409018862,0.0582541900457624,80.5043205522249,1779859230003955400,2571
coldstart_draem_real_iad_fire_hood_gaussian_noise_s2,C:\Users\Usuario\Desktop\Thesis\Pipeline\Real-time-visual-defect-detection\data\outputs\Experiment 5\coldstart_draem_real_iad_fire_hood_gaussian_noise_s2,draem,fire_hood,Tesla T4,gaussian_noise,2,0.7877731125602871,0.8838737107567872,0.999,0.0116965736797488,0.0230428004967822,79.36096506385483,1779859230013954700,2579
coldstart_draem_real_iad_fire_hood_gaussian_noise_s3,C:\Users\Usuario\Desktop\Thesis\Pipeline\Real-time-visual-defect-detection\data\outputs\Experiment 5\coldstart_draem_real_iad_fire_hood_gaussian_noise_s3,draem,fire_hood,Tesla T4,gaussian_noise,3,0.7822887794501745,0.8972444942775597,0.999,0.0156363723344184,0.0295425556410374,79.224540081553,1779859230026925300,2577
coldstart_draem_real_iad_fire_hood_motion_blur_s1,C:\Users\Usuario\Desktop\Thesis\Pipeline\Real-time-visual-defect-detection\data\outputs\Experiment 5\coldstart_draem_real_iad_fire_hood_motion_blur_s1,draem,fire_hood,Tesla T4,motion_blur,1,0.7886262362887477,0.9004572776037124,0.999,0.001,0.0029980394130497,92.29858687165226,1779859231356137500,2544
coldstart_draem_real_iad_fire_hood_motion_blur_s2,C:\Users\Usuario\Desktop\Thesis\Pipeline\Real-time-visual-defect-detection\data\outputs\Experiment 5\coldstart_draem_real_iad_fire_hood_motion_blur_s2,draem,fire_hood,Tesla T4,motion_blur,2,0.775488199142578,0.9033727018418986,0.999,0.001,0.0016350357063049,90.2405435728922,1779859231413546700,2544
coldstart_draem_real_iad_fire_hood_motion_blur_s3,C:\Users\Usuario\Desktop\Thesis\Pipeline\Real-time-visual-defect-detection\data\outputs\Experiment 5\coldstart_draem_real_iad_fire_hood_motion_blur_s3,draem,fire_hood,Tesla T4,motion_blur,3,0.7846315617761837,0.9034330509395913,0.999,0.001,0.0016630828099671,91.3430682090657,1779859231428524400,2559
coldstart_draem_real_iad_fire_hood_shot_noise_s1,C:\Users\Usuario\Desktop\Thesis\Pipeline\Real-time-visual-defect-detection\data\outputs\Experiment 5\coldstart_draem_real_iad_fire_hood_shot_noise_s1,draem,fire_hood,Tesla T4,shot_noise,1,0.7839358876134049,0.8942912384232673,0.999,0.1016727979783005,0.1644491523568261,69.38870946342497,1779859232780052600,2544
coldstart_draem_real_iad_fire_hood_shot_noise_s2,C:\Users\Usuario\Desktop\Thesis\Pipeline\Real-time-visual-defect-detection\data\outputs\Experiment 5\coldstart_draem_real_iad_fire_hood_shot_noise_s2,draem,fire_hood,Tesla T4,shot_noise,2,0.7910383394922066,0.9006307965707251,0.999,0.0502641698449752,0.0881030140937095,70.4226602974443,1779859232807165800,2556
coldstart_draem_real_iad_fire_hood_shot_noise_s3,C:\Users\Usuario\Desktop\Thesis\Pipeline\Real-time-visual-defect-detection\data\outputs\Experiment 5\coldstart_draem_real_iad_fire_hood_shot_noise_s3,draem,fire_hood,Tesla T4,shot_noise,3,0.8019731313988578,0.9125298330046182,0.999,0.0872478517438969,0.1430164939406344,70.35647141462867,1779859232816577600,2562
coldstart_draem_real_iad_mint_gaussian_noise_s1,C:\Users\Usuario\Desktop\Thesis\Pipeline\Real-time-visual-defect-detection\data\outputs\Experiment 5\coldstart_draem_real_iad_mint_gaussian_noise_s1,draem,mint,Tesla T4,gaussian_noise,1,0.4318379246611309,0.9481170073054104,0.9876408828386636,0.0613635347958889,0.1144838531500972,79.57971891971417,1779859230037511000,2592
coldstart_draem_real_iad_mint_gaussian_noise_s2,C:\Users\Usuario\Desktop\Thesis\Pipeline\Real-time-visual-defect-detection\data\outputs\Experiment 5\coldstart_draem_real_iad_mint_gaussian_noise_s2,draem,mint,Tesla T4,gaussian_noise,2,0.4305886596740077,0.9319144839568158,0.999,0.0640628739573242,0.1178158994254445,79.85813070469771,1779859230046510700,2583
coldstart_draem_real_iad_mint_gaussian_noise_s3,C:\Users\Usuario\Desktop\Thesis\Pipeline\Real-time-visual-defect-detection\data\outputs\Experiment 5\coldstart_draem_real_iad_mint_gaussian_noise_s3,draem,mint,Tesla T4,gaussian_noise,3,0.405633886056547,0.9405608617885272,0.974680678680655,0.0620791400161066,0.1162896260965742,80.50498953463048,1779859230064350600,2586
coldstart_draem_real_iad_mint_motion_blur_s1,C:\Users\Usuario\Desktop\Thesis\Pipeline\Real-time-visual-defect-detection\data\outputs\Experiment 5\coldstart_draem_real_iad_mint_motion_blur_s1,draem,mint,Tesla T4,motion_blur,1,0.4507967443220516,0.9605160455128025,0.999,0.0560127335629592,0.1037684677449193,90.61893978466966,1779859231441043100,2563
coldstart_draem_real_iad_mint_motion_blur_s2,C:\Users\Usuario\Desktop\Thesis\Pipeline\Real-time-visual-defect-detection\data\outputs\Experiment 5\coldstart_draem_real_iad_mint_motion_blur_s2,draem,mint,Tesla T4,motion_blur,2,0.4151405086726945,0.9571385616889486,0.999,0.0516031181450729,0.0965087856866281,90.34149609652488,1779859231456863300,2560
coldstart_draem_real_iad_mint_motion_blur_s3,C:\Users\Usuario\Desktop\Thesis\Pipeline\Real-time-visual-defect-detection\data\outputs\Experiment 5\coldstart_draem_real_iad_mint_motion_blur_s3,draem,mint,Tesla T4,motion_blur,3,0.4294017115490037,0.9427212601084866,0.999,0.045069010567267,0.0861376609894227,91.44942694662026,1779859231464850100,2575
coldstart_draem_real_iad_mint_shot_noise_s1,C:\Users\Usuario\Desktop\Thesis\Pipeline\Real-time-visual-defect-detection\data\outputs\Experiment 5\coldstart_draem_real_iad_mint_shot_noise_s1,draem,mint,Tesla T4,shot_noise,1,0.4076623449141441,0.9408899324717864,0.999,0.0565649296922829,0.1053431788961263,69.134974424036,1779859232823994200,2549
coldstart_draem_real_iad_mint_shot_noise_s2,C:\Users\Usuario\Desktop\Thesis\Pipeline\Real-time-visual-defect-detection\data\outputs\Experiment 5\coldstart_draem_real_iad_mint_shot_noise_s2,draem,mint,Tesla T4,shot_noise,2,0.4091375050972508,0.9438524617577372,0.999,0.0565443567861993,0.1056983651698399,69.47152345109328,1779859232833918000,2570
coldstart_draem_real_iad_mint_shot_noise_s3,C:\Users\Usuario\Desktop\Thesis\Pipeline\Real-time-visual-defect-detection\data\outputs\Experiment 5\coldstart_draem_real_iad_mint_shot_noise_s3,draem,mint,Tesla T4,shot_noise,3,0.4293392289560462,0.94316822973145,0.999,0.044252497669218,0.0854736386968213,68.95679420500805,1779859232860041000,2569
coldstart_draem_real_iad_mounts_gaussian_noise_s1,C:\Users\Usuario\Desktop\Thesis\Pipeline\Real-time-visual-defect-detection\data\outputs\Experiment 5\coldstart_draem_real_iad_mounts_gaussian_noise_s1,draem,mounts,Tesla T4,gaussian_noise,1,0.5951607809837233,0.7953602160698062,0.954840004893016,0.1073355411912437,0.1826289319164932,80.56618826034116,1779859230079768000,2596
coldstart_draem_real_iad_mounts_gaussian_noise_s2,C:\Users\Usuario\Desktop\Thesis\Pipeline\Real-time-visual-defect-detection\data\outputs\Experiment 5\coldstart_draem_real_iad_mounts_gaussian_noise_s2,draem,mounts,Tesla T4,gaussian_noise,2,0.5855101254171452,0.7919722169197839,0.9588642187284074,0.0838212672526501,0.1563251530611243,80.36069668090663,1779859230091202100,2597
coldstart_draem_real_iad_mounts_gaussian_noise_s3,C:\Users\Usuario\Desktop\Thesis\Pipeline\Real-time-visual-defect-detection\data\outputs\Experiment 5\coldstart_draem_real_iad_mounts_gaussian_noise_s3,draem,mounts,Tesla T4,gaussian_noise,3,0.5706447673122365,0.7809217291925401,0.9710820383431296,0.0653265603778803,0.1276500804519419,78.9445625615627,1779859230104419600,2597
coldstart_draem_real_iad_mounts_motion_blur_s1,C:\Users\Usuario\Desktop\Thesis\Pipeline\Real-time-visual-defect-detection\data\outputs\Experiment 5\coldstart_draem_real_iad_mounts_motion_blur_s1,draem,mounts,Tesla T4,motion_blur,1,0.5932996491182844,0.8046728198819403,0.9426599097711909,0.0629614401505518,0.1235638436065399,89.8198547492932,1779859231474571700,2572
coldstart_draem_real_iad_mounts_motion_blur_s2,C:\Users\Usuario\Desktop\Thesis\Pipeline\Real-time-visual-defect-detection\data\outputs\Experiment 5\coldstart_draem_real_iad_mounts_motion_blur_s2,draem,mounts,Tesla T4,motion_blur,2,0.5930725181996247,0.8044921798506202,0.9985042437716212,0.0547285281791947,0.1103064900831613,88.95100046687581,1779859231557967300,2557
coldstart_draem_real_iad_mounts_motion_blur_s3,C:\Users\Usuario\Desktop\Thesis\Pipeline\Real-time-visual-defect-detection\data\outputs\Experiment 5\coldstart_draem_real_iad_mounts_motion_blur_s3,draem,mounts,Tesla T4,motion_blur,3,0.5908890760311614,0.8152696950677203,0.9208532997633776,0.0482630341613592,0.0979474467966625,90.47957457972277,1779859231573054900,2591
coldstart_draem_real_iad_mounts_shot_noise_s1,C:\Users\Usuario\Desktop\Thesis\Pipeline\Real-time-visual-defect-detection\data\outputs\Experiment 5\coldstart_draem_real_iad_mounts_shot_noise_s1,draem,mounts,Tesla T4,shot_noise,1,0.5831326335584182,0.8091860840248802,0.9196614536990506,0.0784406494288673,0.1440755965427278,69.23500760666236,1779859232872464200,2581
coldstart_draem_real_iad_mounts_shot_noise_s2,C:\Users\Usuario\Desktop\Thesis\Pipeline\Real-time-visual-defect-detection\data\outputs\Experiment 5\coldstart_draem_real_iad_mounts_shot_noise_s2,draem,mounts,Tesla T4,shot_noise,2,0.5777468929850358,0.80813027740428,0.999,0.0693564033168632,0.1323976386055644,69.57779913225576,1779859232882578800,2574
coldstart_draem_real_iad_mounts_shot_noise_s3,C:\Users\Usuario\Desktop\Thesis\Pipeline\Real-time-visual-defect-detection\data\outputs\Experiment 5\coldstart_draem_real_iad_mounts_shot_noise_s3,draem,mounts,Tesla T4,shot_noise,3,0.5785779072572974,0.8019489289804652,0.5920554217951368,0.0616516408529717,0.1024815341137675,69.59425343337358,1779859232892040600,2583
coldstart_draem_real_iad_pcb_gaussian_noise_s1,C:\Users\Usuario\Desktop\Thesis\Pipeline\Real-time-visual-defect-detection\data\outputs\Experiment 5\coldstart_draem_real_iad_pcb_gaussian_noise_s1,draem,pcb,Tesla T4,gaussian_noise,1,0.378835824975419,0.6555872140079936,0.5771874922295509,0.0791892376754835,0.1299684218108251,79.73155336659649,1779859230117842100,2590
coldstart_draem_real_iad_pcb_gaussian_noise_s2,C:\Users\Usuario\Desktop\Thesis\Pipeline\Real-time-visual-defect-detection\data\outputs\Experiment 5\coldstart_draem_real_iad_pcb_gaussian_noise_s2,draem,pcb,Tesla T4,gaussian_noise,2,0.3611423609886067,0.6399576649417368,0.5873313220843802,0.0938746651566302,0.148823069920064,79.11786815986689,1779859230128076100,2592
coldstart_draem_real_iad_pcb_gaussian_noise_s3,C:\Users\Usuario\Desktop\Thesis\Pipeline\Real-time-visual-defect-detection\data\outputs\Experiment 5\coldstart_draem_real_iad_pcb_gaussian_noise_s3,draem,pcb,Tesla T4,gaussian_noise,3,0.3427736373170101,0.639566095173599,0.5705306027071874,0.0821074413480019,0.134893313516011,79.39351362511213,1779859230138082600,2589
coldstart_draem_real_iad_pcb_motion_blur_s1,C:\Users\Usuario\Desktop\Thesis\Pipeline\Real-time-visual-defect-detection\data\outputs\Experiment 5\coldstart_draem_real_iad_pcb_motion_blur_s1,draem,pcb,Tesla T4,motion_blur,1,0.3802564137944379,0.6601328231473367,0.5998705454013059,0.0122738923286577,0.0255783242316058,89.32800873148067,1779859231581011100,2560
coldstart_draem_real_iad_pcb_motion_blur_s2,C:\Users\Usuario\Desktop\Thesis\Pipeline\Real-time-visual-defect-detection\data\outputs\Experiment 5\coldstart_draem_real_iad_pcb_motion_blur_s2,draem,pcb,Tesla T4,motion_blur,2,0.3776364066894051,0.6685037840828513,0.629834163098644,0.0042076797411505,0.0126888875906962,91.3428224885728,1779859231593207300,2568
coldstart_draem_real_iad_pcb_motion_blur_s3,C:\Users\Usuario\Desktop\Thesis\Pipeline\Real-time-visual-defect-detection\data\outputs\Experiment 5\coldstart_draem_real_iad_pcb_motion_blur_s3,draem,pcb,Tesla T4,motion_blur,3,0.3287778519210863,0.6368756758750369,0.6445685528359916,0.001,0.0044935382006198,91.59142060579704,1779859231603431000,2575
coldstart_draem_real_iad_pcb_shot_noise_s1,C:\Users\Usuario\Desktop\Thesis\Pipeline\Real-time-visual-defect-detection\data\outputs\Experiment 5\coldstart_draem_real_iad_pcb_shot_noise_s1,draem,pcb,Tesla T4,shot_noise,1,0.4039807402201845,0.6722603521939816,0.6600490461272237,0.045966685460465,0.0833671391026549,68.63994892807513,1779859232929511400,2567
coldstart_draem_real_iad_pcb_shot_noise_s2,C:\Users\Usuario\Desktop\Thesis\Pipeline\Real-time-visual-defect-detection\data\outputs\Experiment 5\coldstart_draem_real_iad_pcb_shot_noise_s2,draem,pcb,Tesla T4,shot_noise,2,0.3923742827560029,0.6614595397043201,0.6464432742225656,0.0487341646273551,0.0875264241116396,69.86226252292035,1779859232940583600,2583
coldstart_draem_real_iad_pcb_shot_noise_s3,C:\Users\Usuario\Desktop\Thesis\Pipeline\Real-time-visual-defect-detection\data\outputs\Experiment 5\coldstart_draem_real_iad_pcb_shot_noise_s3,draem,pcb,Tesla T4,shot_noise,3,0.3631357629424713,0.6665557442318225,0.6830730722988191,0.0250639372112879,0.0484367976132435,70.03328582746276,1779859232948587500,2578
coldstart_draem_real_iad_phone_battery_gaussian_noise_s1,C:\Users\Usuario\Desktop\Thesis\Pipeline\Real-time-visual-defect-detection\data\outputs\Experiment 5\coldstart_draem_real_iad_phone_battery_gaussian_noise_s1,draem,phone_battery,Tesla T4,gaussian_noise,1,0.3050877884818409,0.7196916555916992,0.9572902331053575,0.1352006644865187,0.2404753814782473,80.39092828727378,1779859230158371900,2593
coldstart_draem_real_iad_phone_battery_gaussian_noise_s2,C:\Users\Usuario\Desktop\Thesis\Pipeline\Real-time-visual-defect-detection\data\outputs\Experiment 5\coldstart_draem_real_iad_phone_battery_gaussian_noise_s2,draem,phone_battery,Tesla T4,gaussian_noise,2,0.300393188377486,0.7177522200390976,0.9296869598616831,0.1367820243118852,0.240829545947698,80.47696058098602,1779859230168037400,2592
coldstart_draem_real_iad_phone_battery_gaussian_noise_s3,C:\Users\Usuario\Desktop\Thesis\Pipeline\Real-time-visual-defect-detection\data\outputs\Experiment 5\coldstart_draem_real_iad_phone_battery_gaussian_noise_s3,draem,phone_battery,Tesla T4,gaussian_noise,3,0.2809082246708154,0.6943101674249235,0.920361691019302,0.1274315411704908,0.2233384599274457,80.92195594733754,1779859230190843800,2594
coldstart_draem_real_iad_phone_battery_motion_blur_s1,C:\Users\Usuario\Desktop\Thesis\Pipeline\Real-time-visual-defect-detection\data\outputs\Experiment 5\coldstart_draem_real_iad_phone_battery_motion_blur_s1,draem,phone_battery,Tesla T4,motion_blur,1,0.2917005637895843,0.7229141182273943,0.9851116633139996,0.1211854455978003,0.2192753618199733,89.92866427301672,1779859231614462200,2571
coldstart_draem_real_iad_phone_battery_motion_blur_s2,C:\Users\Usuario\Desktop\Thesis\Pipeline\Real-time-visual-defect-detection\data\outputs\Experiment 5\coldstart_draem_real_iad_phone_battery_motion_blur_s2,draem,phone_battery,Tesla T4,motion_blur,2,0.2588792785799175,0.7121895759101425,0.9907408933776344,0.120236451055937,0.2184164395652216,91.19271412545994,1779859231627812100,2572
coldstart_draem_real_iad_phone_battery_motion_blur_s3,C:\Users\Usuario\Desktop\Thesis\Pipeline\Real-time-visual-defect-detection\data\outputs\Experiment 5\coldstart_draem_real_iad_phone_battery_motion_blur_s3,draem,phone_battery,Tesla T4,motion_blur,3,0.202115016034734,0.6861778658653561,0.9756659085158478,0.0704300941662974,0.1378071875525194,90.36163701575232,1779859231637936500,2584
coldstart_draem_real_iad_phone_battery_shot_noise_s1,C:\Users\Usuario\Desktop\Thesis\Pipeline\Real-time-visual-defect-detection\data\outputs\Experiment 5\coldstart_draem_real_iad_phone_battery_shot_noise_s1,draem,phone_battery,Tesla T4,shot_noise,1,0.2985669466037914,0.7095416824651132,0.9172428841322569,0.124618840093147,0.217975085791582,71.21010817589367,1779859232957322100,2578
coldstart_draem_real_iad_phone_battery_shot_noise_s2,C:\Users\Usuario\Desktop\Thesis\Pipeline\Real-time-visual-defect-detection\data\outputs\Experiment 5\coldstart_draem_real_iad_phone_battery_shot_noise_s2,draem,phone_battery,Tesla T4,shot_noise,2,0.2772002855196728,0.7160257966314653,0.999,0.1192002092140988,0.2124883278442625,69.71590300467206,1779859232983455000,2575
coldstart_draem_real_iad_phone_battery_shot_noise_s3,C:\Users\Usuario\Desktop\Thesis\Pipeline\Real-time-visual-defect-detection\data\outputs\Experiment 5\coldstart_draem_real_iad_phone_battery_shot_noise_s3,draem,phone_battery,Tesla T4,shot_noise,3,0.2528762039615337,0.6986528826287334,0.7095285084393715,0.0837597910251883,0.1533913919245851,68.86042214892919,1779859232993472800,2581
coldstart_draem_real_iad_plastic_nut_gaussian_noise_s1,C:\Users\Usuario\Desktop\Thesis\Pipeline\Real-time-visual-defect-detection\data\outputs\Experiment 5\coldstart_draem_real_iad_plastic_nut_gaussian_noise_s1,draem,plastic_nut,Tesla T4,gaussian_noise,1,0.4242369841906459,0.6746495154848523,0.7360854014079862,0.0866558827339407,0.1362115210837946,80.87145399853217,1779859230213342300,2599
coldstart_draem_real_iad_plastic_nut_gaussian_noise_s2,C:\Users\Usuario\Desktop\Thesis\Pipeline\Real-time-visual-defect-detection\data\outputs\Experiment 5\coldstart_draem_real_iad_plastic_nut_gaussian_noise_s2,draem,plastic_nut,Tesla T4,gaussian_noise,2,0.4215053540431101,0.665322437604238,0.7476364803745557,0.0945495254300861,0.1483598403745248,80.41564776327924,1779859230257527600,2588
coldstart_draem_real_iad_plastic_nut_gaussian_noise_s3,C:\Users\Usuario\Desktop\Thesis\Pipeline\Real-time-visual-defect-detection\data\outputs\Experiment 5\coldstart_draem_real_iad_plastic_nut_gaussian_noise_s3,draem,plastic_nut,Tesla T4,gaussian_noise,3,0.4252746775026926,0.6688351977229988,0.7703051332232802,0.0814966420972204,0.1301262550728757,80.63145843441893,1779859230265542600,2594
coldstart_draem_real_iad_plastic_nut_motion_blur_s1,C:\Users\Usuario\Desktop\Thesis\Pipeline\Real-time-visual-defect-detection\data\outputs\Experiment 5\coldstart_draem_real_iad_plastic_nut_motion_blur_s1,draem,plastic_nut,Tesla T4,motion_blur,1,0.4393786509904088,0.6819755181219918,0.7618699958038027,0.0292502121169284,0.0564773367198903,91.38873936687511,1779859231646932600,2583
coldstart_draem_real_iad_plastic_nut_motion_blur_s2,C:\Users\Usuario\Desktop\Thesis\Pipeline\Real-time-visual-defect-detection\data\outputs\Experiment 5\coldstart_draem_real_iad_plastic_nut_motion_blur_s2,draem,plastic_nut,Tesla T4,motion_blur,2,0.4126493010595571,0.6841176555661054,0.790052375138719,0.0219129634658501,0.0429265697868718,90.61636885122697,1779859231654691500,2572
coldstart_draem_real_iad_plastic_nut_motion_blur_s3,C:\Users\Usuario\Desktop\Thesis\Pipeline\Real-time-visual-defect-detection\data\outputs\Experiment 5\coldstart_draem_real_iad_plastic_nut_motion_blur_s3,draem,plastic_nut,Tesla T4,motion_blur,3,0.3927263636561252,0.6770895596357649,0.8554416152520253,0.001,0.0016332039475548,90.89571775074656,1779859231663691200,2572
coldstart_draem_real_iad_plastic_nut_shot_noise_s1,C:\Users\Usuario\Desktop\Thesis\Pipeline\Real-time-visual-defect-detection\data\outputs\Experiment 5\coldstart_draem_real_iad_plastic_nut_shot_noise_s1,draem,plastic_nut,Tesla T4,shot_noise,1,0.422547782709724,0.6905360644695034,0.7307567111778034,0.0390820436193853,0.070350833592556,68.7879958838902,1779859233003092400,2572
coldstart_draem_real_iad_plastic_nut_shot_noise_s2,C:\Users\Usuario\Desktop\Thesis\Pipeline\Real-time-visual-defect-detection\data\outputs\Experiment 5\coldstart_draem_real_iad_plastic_nut_shot_noise_s2,draem,plastic_nut,Tesla T4,shot_noise,2,0.4386328938268103,0.6984112309105658,0.8147303674919386,0.0185404868453379,0.0388997425178372,70.01277041300868,1779859233016363500,2587
coldstart_draem_real_iad_plastic_nut_shot_noise_s3,C:\Users\Usuario\Desktop\Thesis\Pipeline\Real-time-visual-defect-detection\data\outputs\Experiment 5\coldstart_draem_real_iad_plastic_nut_shot_noise_s3,draem,plastic_nut,Tesla T4,shot_noise,3,0.4650837177409109,0.6997792226160693,0.8620189795792962,0.001,0.0016352636449964,69.91244325757978,1779859233039890000,2567
coldstart_draem_real_iad_plastic_plug_gaussian_noise_s1,C:\Users\Usuario\Desktop\Thesis\Pipeline\Real-time-visual-defect-detection\data\outputs\Experiment 5\coldstart_draem_real_iad_plastic_plug_gaussian_noise_s1,draem,plastic_plug,Tesla T4,gaussian_noise,1,0.506985697987994,0.7973424409337572,0.8913053796238768,0.0719248785842475,0.1257713968147406,80.82218820413047,1779859230281355200,2586
coldstart_draem_real_iad_plastic_plug_gaussian_noise_s2,C:\Users\Usuario\Desktop\Thesis\Pipeline\Real-time-visual-defect-detection\data\outputs\Experiment 5\coldstart_draem_real_iad_plastic_plug_gaussian_noise_s2,draem,plastic_plug,Tesla T4,gaussian_noise,2,0.4988919915999983,0.8047792599334738,0.9022620027345408,0.0625123938161305,0.1119723105930337,79.16469770045695,1779859230306321500,2593
coldstart_draem_real_iad_plastic_plug_gaussian_noise_s3,C:\Users\Usuario\Desktop\Thesis\Pipeline\Real-time-visual-defect-detection\data\outputs\Experiment 5\coldstart_draem_real_iad_plastic_plug_gaussian_noise_s3,draem,plastic_plug,Tesla T4,gaussian_noise,3,0.4804375232248823,0.8019403477948305,0.8981834307059573,0.0695405203363544,0.1225238154063027,79.65313874138312,1779859230319354600,2592
coldstart_draem_real_iad_plastic_plug_motion_blur_s1,C:\Users\Usuario\Desktop\Thesis\Pipeline\Real-time-visual-defect-detection\data\outputs\Experiment 5\coldstart_draem_real_iad_plastic_plug_motion_blur_s1,draem,plastic_plug,Tesla T4,motion_blur,1,0.5213886761227076,0.826157873049512,0.9559060164280048,0.0548845514545982,0.1023881196291382,91.604901945028,1779859231721075700,2570
coldstart_draem_real_iad_plastic_plug_motion_blur_s2,C:\Users\Usuario\Desktop\Thesis\Pipeline\Real-time-visual-defect-detection\data\outputs\Experiment 5\coldstart_draem_real_iad_plastic_plug_motion_blur_s2,draem,plastic_plug,Tesla T4,motion_blur,2,0.5128607644818236,0.8211578730965169,0.947187115801582,0.0442047120541864,0.0871391016696477,91.59361193993732,1779859231729075500,2557
coldstart_draem_real_iad_plastic_plug_motion_blur_s3,C:\Users\Usuario\Desktop\Thesis\Pipeline\Real-time-visual-defect-detection\data\outputs\Experiment 5\coldstart_draem_real_iad_plastic_plug_motion_blur_s3,draem,plastic_plug,Tesla T4,motion_blur,3,0.5080202285357467,0.8197812575715202,0.9651016123286048,0.0441882356435739,0.0852992836256683,89.32371838212256,1779859231738107800,2587
coldstart_draem_real_iad_plastic_plug_shot_noise_s1,C:\Users\Usuario\Desktop\Thesis\Pipeline\Real-time-visual-defect-detection\data\outputs\Experiment 5\coldstart_draem_real_iad_plastic_plug_shot_noise_s1,draem,plastic_plug,Tesla T4,shot_noise,1,0.5201510113441606,0.8213633866598922,0.8988850511764291,0.0481670411428402,0.0894445655649923,70.39725982282711,1779859233047549100,2569
coldstart_draem_real_iad_plastic_plug_shot_noise_s2,C:\Users\Usuario\Desktop\Thesis\Pipeline\Real-time-visual-defect-detection\data\outputs\Experiment 5\coldstart_draem_real_iad_plastic_plug_shot_noise_s2,draem,plastic_plug,Tesla T4,shot_noise,2,0.493344866541516,0.8065299279055634,0.9059765780457948,0.0447232135001518,0.0875236893189299,68.89097361771032,1779859233060084600,2586
coldstart_draem_real_iad_plastic_plug_shot_noise_s3,C:\Users\Usuario\Desktop\Thesis\Pipeline\Real-time-visual-defect-detection\data\outputs\Experiment 5\coldstart_draem_real_iad_plastic_plug_shot_noise_s3,draem,plastic_plug,Tesla T4,shot_noise,3,0.4681339486135426,0.7965147429793827,0.9491847615853974,0.0337729055859829,0.0691196349329319,69.38045940117867,1779859233092668100,2595
coldstart_draem_real_iad_porcelain_doll_gaussian_noise_s1,C:\Users\Usuario\Desktop\Thesis\Pipeline\Real-time-visual-defect-detection\data\outputs\Experiment 5\coldstart_draem_real_iad_porcelain_doll_gaussian_noise_s1,draem,porcelain_doll,Tesla T4,gaussian_noise,1,0.6578715455395712,0.8397994822566645,0.999,0.0502366358765474,0.0940969081995375,80.43556850487784,1779859230329835300,2585
coldstart_draem_real_iad_porcelain_doll_gaussian_noise_s2,C:\Users\Usuario\Desktop\Thesis\Pipeline\Real-time-visual-defect-detection\data\outputs\Experiment 5\coldstart_draem_real_iad_porcelain_doll_gaussian_noise_s2,draem,porcelain_doll,Tesla T4,gaussian_noise,2,0.6699671763255919,0.8405289036420588,0.999,0.0421852128995313,0.0811654021777549,80.93529277453125,1779859230341842500,2582
coldstart_draem_real_iad_porcelain_doll_gaussian_noise_s3,C:\Users\Usuario\Desktop\Thesis\Pipeline\Real-time-visual-defect-detection\data\outputs\Experiment 5\coldstart_draem_real_iad_porcelain_doll_gaussian_noise_s3,draem,porcelain_doll,Tesla T4,gaussian_noise,3,0.6661185177616148,0.8422863053252223,0.9935615594899436,0.0420359261942649,0.0813606797097404,80.37500450935222,1779859230350836900,2595
coldstart_draem_real_iad_porcelain_doll_motion_blur_s1,C:\Users\Usuario\Desktop\Thesis\Pipeline\Real-time-visual-defect-detection\data\outputs\Experiment 5\coldstart_draem_real_iad_porcelain_doll_motion_blur_s1,draem,porcelain_doll,Tesla T4,motion_blur,1,0.6466995244878059,0.849881918865628,0.999,0.028291242300499,0.0558367457633651,90.4733424107666,1779859231747107000,2571
coldstart_draem_real_iad_porcelain_doll_motion_blur_s2,C:\Users\Usuario\Desktop\Thesis\Pipeline\Real-time-visual-defect-detection\data\outputs\Experiment 5\coldstart_draem_real_iad_porcelain_doll_motion_blur_s2,draem,porcelain_doll,Tesla T4,motion_blur,2,0.6519434896005399,0.8514748490635179,0.9953024216376604,0.0310880173247126,0.0606981228236905,90.69223442112909,1779859231764651400,2581
coldstart_draem_real_iad_porcelain_doll_motion_blur_s3,C:\Users\Usuario\Desktop\Thesis\Pipeline\Real-time-visual-defect-detection\data\outputs\Experiment 5\coldstart_draem_real_iad_porcelain_doll_motion_blur_s3,draem,porcelain_doll,Tesla T4,motion_blur,3,0.6442647881892732,0.8463857037862514,0.9926714835989427,0.0272095286631941,0.0548338040665996,90.28543352663696,1779859231775431900,2592
coldstart_draem_real_iad_porcelain_doll_shot_noise_s1,C:\Users\Usuario\Desktop\Thesis\Pipeline\Real-time-visual-defect-detection\data\outputs\Experiment 5\coldstart_draem_real_iad_porcelain_doll_shot_noise_s1,draem,porcelain_doll,Tesla T4,shot_noise,1,0.6632085156017963,0.8495168556232283,0.999,0.0177523563251206,0.0366057529040571,68.69999161820547,1779859233107607900,2564
coldstart_draem_real_iad_porcelain_doll_shot_noise_s2,C:\Users\Usuario\Desktop\Thesis\Pipeline\Real-time-visual-defect-detection\data\outputs\Experiment 5\coldstart_draem_real_iad_porcelain_doll_shot_noise_s2,draem,porcelain_doll,Tesla T4,shot_noise,2,0.6632413883118458,0.8658843563297437,0.999,0.0152662845495046,0.0314568725944039,69.62537160623404,1779859233122388600,2576
coldstart_draem_real_iad_porcelain_doll_shot_noise_s3,C:\Users\Usuario\Desktop\Thesis\Pipeline\Real-time-visual-defect-detection\data\outputs\Experiment 5\coldstart_draem_real_iad_porcelain_doll_shot_noise_s3,draem,porcelain_doll,Tesla T4,shot_noise,3,0.679876039539455,0.8692460518810056,0.9543490097129178,0.0259875952682384,0.0520303942816789,68.86942875484735,1779859233147045100,2593
coldstart_draem_real_iad_regulator_gaussian_noise_s1,C:\Users\Usuario\Desktop\Thesis\Pipeline\Real-time-visual-defect-detection\data\outputs\Experiment 5\coldstart_draem_real_iad_regulator_gaussian_noise_s1,draem,regulator,Tesla T4,gaussian_noise,1,0.4709539468362024,0.7107424878035393,0.8162609170323257,0.001,0.0053866855220274,80.85318800693274,1779859230361207500,2578
coldstart_draem_real_iad_regulator_gaussian_noise_s2,C:\Users\Usuario\Desktop\Thesis\Pipeline\Real-time-visual-defect-detection\data\outputs\Experiment 5\coldstart_draem_real_iad_regulator_gaussian_noise_s2,draem,regulator,Tesla T4,gaussian_noise,2,0.442773683031369,0.6857771442477745,0.7793147689064824,0.001,0.0016366288890669,80.2550927668894,1779859230371260400,2578
coldstart_draem_real_iad_regulator_gaussian_noise_s3,C:\Users\Usuario\Desktop\Thesis\Pipeline\Real-time-visual-defect-detection\data\outputs\Experiment 5\coldstart_draem_real_iad_regulator_gaussian_noise_s3,draem,regulator,Tesla T4,gaussian_noise,3,0.4195158655780139,0.6753543265224785,0.7815005604881039,0.001,0.001636937871126,80.05035759367865,1779859230393260900,2576
coldstart_draem_real_iad_regulator_motion_blur_s1,C:\Users\Usuario\Desktop\Thesis\Pipeline\Real-time-visual-defect-detection\data\outputs\Experiment 5\coldstart_draem_real_iad_regulator_motion_blur_s1,draem,regulator,Tesla T4,motion_blur,1,0.5004638179162033,0.7406123603110158,0.917937933261088,0.0238489205729475,0.0458867355024266,89.86253429057196,1779859231784533900,2576
coldstart_draem_real_iad_regulator_motion_blur_s2,C:\Users\Usuario\Desktop\Thesis\Pipeline\Real-time-visual-defect-detection\data\outputs\Experiment 5\coldstart_draem_real_iad_regulator_motion_blur_s2,draem,regulator,Tesla T4,motion_blur,2,0.490931700584417,0.7359522950044517,0.8764235457018776,0.0224370472469889,0.0432155724831594,92.06391898125584,1779859231798227600,2554
coldstart_draem_real_iad_regulator_motion_blur_s3,C:\Users\Usuario\Desktop\Thesis\Pipeline\Real-time-visual-defect-detection\data\outputs\Experiment 5\coldstart_draem_real_iad_regulator_motion_blur_s3,draem,regulator,Tesla T4,motion_blur,3,0.4785795945764294,0.7176746196195887,0.8720380732272445,0.0303347119509036,0.0572430918112931,91.7757552206516,1779859231851195600,2590
coldstart_draem_real_iad_regulator_shot_noise_s1,C:\Users\Usuario\Desktop\Thesis\Pipeline\Real-time-visual-defect-detection\data\outputs\Experiment 5\coldstart_draem_real_iad_regulator_shot_noise_s1,draem,regulator,Tesla T4,shot_noise,1,0.5021131643009569,0.7389797662901473,0.7839698889910238,0.0226104377207111,0.0434119291427984,69.54364028182655,1779859233163114400,2577
coldstart_draem_real_iad_regulator_shot_noise_s2,C:\Users\Usuario\Desktop\Thesis\Pipeline\Real-time-visual-defect-detection\data\outputs\Experiment 5\coldstart_draem_real_iad_regulator_shot_noise_s2,draem,regulator,Tesla T4,shot_noise,2,0.5098057154512425,0.7454565278688535,0.9484695249902202,0.0169631223677015,0.0333624820024342,70.19894161366871,1779859233173434200,2589
coldstart_draem_real_iad_regulator_shot_noise_s3,C:\Users\Usuario\Desktop\Thesis\Pipeline\Real-time-visual-defect-detection\data\outputs\Experiment 5\coldstart_draem_real_iad_regulator_shot_noise_s3,draem,regulator,Tesla T4,shot_noise,3,0.4866083450706839,0.7304549226458319,0.8496503871660421,0.0342910382249286,0.0643212172754749,69.23230807997113,1779859233184458900,2584
coldstart_draem_real_iad_rolled_strip_base_gaussian_noise_s1,C:\Users\Usuario\Desktop\Thesis\Pipeline\Real-time-visual-defect-detection\data\outputs\Experiment 5\coldstart_draem_real_iad_rolled_strip_base_gaussian_noise_s1,draem,rolled_strip_base,Tesla T4,gaussian_noise,1,0.4092021599960869,0.6840931704791006,0.7799585214246569,0.0145113192053181,0.0253583294175684,80.03694000648323,1779859230407280000,2600
coldstart_draem_real_iad_rolled_strip_base_gaussian_noise_s2,C:\Users\Usuario\Desktop\Thesis\Pipeline\Real-time-visual-defect-detection\data\outputs\Experiment 5\coldstart_draem_real_iad_rolled_strip_base_gaussian_noise_s2,draem,rolled_strip_base,Tesla T4,gaussian_noise,2,0.3926038282370834,0.6820839287389219,0.7664867383035152,0.0242723969622979,0.0389130451743023,81.15671813331885,1779859230416280300,2599
coldstart_draem_real_iad_rolled_strip_base_gaussian_noise_s3,C:\Users\Usuario\Desktop\Thesis\Pipeline\Real-time-visual-defect-detection\data\outputs\Experiment 5\coldstart_draem_real_iad_rolled_strip_base_gaussian_noise_s3,draem,rolled_strip_base,Tesla T4,gaussian_noise,3,0.3817403528173361,0.672179268808091,0.7678005890916997,0.0199392503918195,0.0346063557837554,80.98120518184967,1779859230427213600,2592
coldstart_draem_real_iad_rolled_strip_base_motion_blur_s1,C:\Users\Usuario\Desktop\Thesis\Pipeline\Real-time-visual-defect-detection\data\outputs\Experiment 5\coldstart_draem_real_iad_rolled_strip_base_motion_blur_s1,draem,rolled_strip_base,Tesla T4,motion_blur,1,0.4024860846701355,0.6814261836494606,0.7744021145288329,0.001,0.0016594956344577,90.82953252486476,1779859231860202100,2570
coldstart_draem_real_iad_rolled_strip_base_motion_blur_s2,C:\Users\Usuario\Desktop\Thesis\Pipeline\Real-time-visual-defect-detection\data\outputs\Experiment 5\coldstart_draem_real_iad_rolled_strip_base_motion_blur_s2,draem,rolled_strip_base,Tesla T4,motion_blur,2,0.3974408705249931,0.6780967953357818,0.7854405733544234,0.0019259010834759,0.0058011325846254,91.67269302477636,1779859231872685500,2575
coldstart_draem_real_iad_rolled_strip_base_motion_blur_s3,C:\Users\Usuario\Desktop\Thesis\Pipeline\Real-time-visual-defect-detection\data\outputs\Experiment 5\coldstart_draem_real_iad_rolled_strip_base_motion_blur_s3,draem,rolled_strip_base,Tesla T4,motion_blur,3,0.3928420445106705,0.6785428086332828,0.7745612027921898,0.001,0.0016329812088619,90.20942869269928,1779859231885545800,2580
coldstart_draem_real_iad_rolled_strip_base_shot_noise_s1,C:\Users\Usuario\Desktop\Thesis\Pipeline\Real-time-visual-defect-detection\data\outputs\Experiment 5\coldstart_draem_real_iad_rolled_strip_base_shot_noise_s1,draem,rolled_strip_base,Tesla T4,shot_noise,1,0.388098695636119,0.6709402798546653,0.7755255430051882,0.003748585531416,0.0097240962685635,70.60583943787502,1779859233196268300,2583
coldstart_draem_real_iad_rolled_strip_base_shot_noise_s2,C:\Users\Usuario\Desktop\Thesis\Pipeline\Real-time-visual-defect-detection\data\outputs\Experiment 5\coldstart_draem_real_iad_rolled_strip_base_shot_noise_s2,draem,rolled_strip_base,Tesla T4,shot_noise,2,0.3826168407691898,0.6665603459656748,0.7728288323741896,0.001,0.0038872038891866,70.4572271347706,1779859233244935100,2575
coldstart_draem_real_iad_rolled_strip_base_shot_noise_s3,C:\Users\Usuario\Desktop\Thesis\Pipeline\Real-time-visual-defect-detection\data\outputs\Experiment 5\coldstart_draem_real_iad_rolled_strip_base_shot_noise_s3,draem,rolled_strip_base,Tesla T4,shot_noise,3,0.3365639582315078,0.6393070873007853,0.776939130342359,0.001,0.0016601130515626,71.22682366536596,1779859233254823800,2568
coldstart_draem_real_iad_sim_card_set_gaussian_noise_s1,C:\Users\Usuario\Desktop\Thesis\Pipeline\Real-time-visual-defect-detection\data\outputs\Experiment 5\coldstart_draem_real_iad_sim_card_set_gaussian_noise_s1,draem,sim_card_set,Tesla T4,gaussian_noise,1,0.0455714734155154,0.5317691316493061,0.999,0.0407699820582173,0.0740974444727163,81.20999042957735,1779859230455249600,2587
coldstart_draem_real_iad_sim_card_set_gaussian_noise_s2,C:\Users\Usuario\Desktop\Thesis\Pipeline\Real-time-visual-defect-detection\data\outputs\Experiment 5\coldstart_draem_real_iad_sim_card_set_gaussian_noise_s2,draem,sim_card_set,Tesla T4,gaussian_noise,2,0.0385123101897987,0.5372940781033105,0.987398702731188,0.043945925783902,0.0796061242128099,79.78856519685455,1779859230465251900,2596
coldstart_draem_real_iad_sim_card_set_gaussian_noise_s3,C:\Users\Usuario\Desktop\Thesis\Pipeline\Real-time-visual-defect-detection\data\outputs\Experiment 5\coldstart_draem_real_iad_sim_card_set_gaussian_noise_s3,draem,sim_card_set,Tesla T4,gaussian_noise,3,0.0322435074218755,0.5373160588805383,0.9831113332523568,0.0365336067441372,0.0669427564443813,81.13710350771514,1779859230476359900,2593
coldstart_draem_real_iad_sim_card_set_motion_blur_s1,C:\Users\Usuario\Desktop\Thesis\Pipeline\Real-time-visual-defect-detection\data\outputs\Experiment 5\coldstart_draem_real_iad_sim_card_set_motion_blur_s1,draem,sim_card_set,Tesla T4,motion_blur,1,0.0565894211188792,0.5434236613280746,0.9924622497126492,0.001,0.00163331127424,91.09812602097423,1779859231898941700,2554
coldstart_draem_real_iad_sim_card_set_motion_blur_s2,C:\Users\Usuario\Desktop\Thesis\Pipeline\Real-time-visual-defect-detection\data\outputs\Experiment 5\coldstart_draem_real_iad_sim_card_set_motion_blur_s2,draem,sim_card_set,Tesla T4,motion_blur,2,0.0536266056934449,0.5416713145171289,0.9923812267406636,0.001,0.0042721920001756,89.51143575891608,1779859231908210100,2572
coldstart_draem_real_iad_sim_card_set_motion_blur_s3,C:\Users\Usuario\Desktop\Thesis\Pipeline\Real-time-visual-defect-detection\data\outputs\Experiment 5\coldstart_draem_real_iad_sim_card_set_motion_blur_s3,draem,sim_card_set,Tesla T4,motion_blur,3,0.0481603035317424,0.5366583581587344,0.999,0.001,0.0024023301096902,90.9537328764514,1779859231918821600,2572
coldstart_draem_real_iad_sim_card_set_shot_noise_s1,C:\Users\Usuario\Desktop\Thesis\Pipeline\Real-time-visual-defect-detection\data\outputs\Experiment 5\coldstart_draem_real_iad_sim_card_set_shot_noise_s1,draem,sim_card_set,Tesla T4,shot_noise,1,0.0376693015316544,0.5350846517047614,0.9853465230161776,0.0199401618544275,0.0387286693247821,68.91358492222572,1779859233263824700,2580
coldstart_draem_real_iad_sim_card_set_shot_noise_s2,C:\Users\Usuario\Desktop\Thesis\Pipeline\Real-time-visual-defect-detection\data\outputs\Experiment 5\coldstart_draem_real_iad_sim_card_set_shot_noise_s2,draem,sim_card_set,Tesla T4,shot_noise,2,0.0085217637552945,0.5268111794311365,0.9864383557969768,0.001,0.0028049511737147,69.32552603583535,1779859233273401700,2578
coldstart_draem_real_iad_sim_card_set_shot_noise_s3,C:\Users\Usuario\Desktop\Thesis\Pipeline\Real-time-visual-defect-detection\data\outputs\Experiment 5\coldstart_draem_real_iad_sim_card_set_shot_noise_s3,draem,sim_card_set,Tesla T4,shot_noise,3,0.001,0.4904025187052779,0.9663445656810032,0.0114068061534712,0.0242644331049041,70.54462885355214,1779859233291133700,2580
coldstart_draem_real_iad_switch_gaussian_noise_s1,C:\Users\Usuario\Desktop\Thesis\Pipeline\Real-time-visual-defect-detection\data\outputs\Experiment 5\coldstart_draem_real_iad_switch_gaussian_noise_s1,draem,switch,Tesla T4,gaussian_noise,1,0.6459786974130338,0.8159422540619518,0.9844522984360418,0.0526957866319473,0.1044195294078083,80.81633028679558,1779859230487670100,2597
coldstart_draem_real_iad_switch_gaussian_noise_s2,C:\Users\Usuario\Desktop\Thesis\Pipeline\Real-time-visual-defect-detection\data\outputs\Experiment 5\coldstart_draem_real_iad_switch_gaussian_noise_s2,draem,switch,Tesla T4,gaussian_noise,2,0.6370852432270767,0.8118384789192671,0.999,0.0331906406999871,0.0759878864943663,79.53666149818012,1779859230497665200,2587
coldstart_draem_real_iad_switch_gaussian_noise_s3,C:\Users\Usuario\Desktop\Thesis\Pipeline\Real-time-visual-defect-detection\data\outputs\Experiment 5\coldstart_draem_real_iad_switch_gaussian_noise_s3,draem,switch,Tesla T4,gaussian_noise,3,0.6132761467507831,0.8171532527765206,0.9785624274297156,0.0253259042827231,0.0643467524682381,79.30522252189526,1779859230507718600,2593
coldstart_draem_real_iad_switch_motion_blur_s1,C:\Users\Usuario\Desktop\Thesis\Pipeline\Real-time-visual-defect-detection\data\outputs\Experiment 5\coldstart_draem_real_iad_switch_motion_blur_s1,draem,switch,Tesla T4,motion_blur,1,0.6670397915258289,0.8503741535852737,0.9974833909686094,0.0216294210248807,0.0536121491101665,92.23641217329418,1779859231929823800,2573
coldstart_draem_real_iad_switch_motion_blur_s2,C:\Users\Usuario\Desktop\Thesis\Pipeline\Real-time-visual-defect-detection\data\outputs\Experiment 5\coldstart_draem_real_iad_switch_motion_blur_s2,draem,switch,Tesla T4,motion_blur,2,0.6725490882172442,0.8402071216900296,0.999,0.001,0.0203394738552079,90.19494176674694,1779859231941977400,2546
coldstart_draem_real_iad_switch_motion_blur_s3,C:\Users\Usuario\Desktop\Thesis\Pipeline\Real-time-visual-defect-detection\data\outputs\Experiment 5\coldstart_draem_real_iad_switch_motion_blur_s3,draem,switch,Tesla T4,motion_blur,3,0.6379836716010218,0.8373527085662579,0.9756719717687948,0.001,0.016491087398037,89.67900473522637,1779859231958046500,2580
coldstart_draem_real_iad_switch_shot_noise_s1,C:\Users\Usuario\Desktop\Thesis\Pipeline\Real-time-visual-defect-detection\data\outputs\Experiment 5\coldstart_draem_real_iad_switch_shot_noise_s1,draem,switch,Tesla T4,shot_noise,1,0.663608400901406,0.8412992935017519,0.999,0.0418462314121227,0.0838299009390527,70.04968685303933,1779859233304177600,2562
coldstart_draem_real_iad_switch_shot_noise_s2,C:\Users\Usuario\Desktop\Thesis\Pipeline\Real-time-visual-defect-detection\data\outputs\Experiment 5\coldstart_draem_real_iad_switch_shot_noise_s2,draem,switch,Tesla T4,shot_noise,2,0.6754455470595118,0.8456643641274508,0.999,0.0207719115234853,0.0540085011828299,71.06682022909946,1779859233315101100,2577
coldstart_draem_real_iad_switch_shot_noise_s3,C:\Users\Usuario\Desktop\Thesis\Pipeline\Real-time-visual-defect-detection\data\outputs\Experiment 5\coldstart_draem_real_iad_switch_shot_noise_s3,draem,switch,Tesla T4,shot_noise,3,0.6590461768635122,0.8412325698546804,0.999,0.0139852891866443,0.0422182303605022,70.20803726787216,1779859233332300900,2583
coldstart_draem_real_iad_tape_gaussian_noise_s1,C:\Users\Usuario\Desktop\Thesis\Pipeline\Real-time-visual-defect-detection\data\outputs\Experiment 5\coldstart_draem_real_iad_tape_gaussian_noise_s1,draem,tape,Tesla T4,gaussian_noise,1,0.641595705659607,0.821023439391254,0.9509103122667836,0.062997761042251,0.1181676010914657,79.73605643545301,1779859230516715400,2598
coldstart_draem_real_iad_tape_gaussian_noise_s2,C:\Users\Usuario\Desktop\Thesis\Pipeline\Real-time-visual-defect-detection\data\outputs\Experiment 5\coldstart_draem_real_iad_tape_gaussian_noise_s2,draem,tape,Tesla T4,gaussian_noise,2,0.6256538655042889,0.8140153676937707,0.9635178008917143,0.0620759939352864,0.1177474897762777,85.61360844560294,1779859230526225700,2595
coldstart_draem_real_iad_tape_gaussian_noise_s3,C:\Users\Usuario\Desktop\Thesis\Pipeline\Real-time-visual-defect-detection\data\outputs\Experiment 5\coldstart_draem_real_iad_tape_gaussian_noise_s3,draem,tape,Tesla T4,gaussian_noise,3,0.6295771368014671,0.8093843551178816,0.9615249503535872,0.0607931813405897,0.1170147618401269,83.46156052967392,1779859230535232900,2596
coldstart_draem_real_iad_tape_motion_blur_s1,C:\Users\Usuario\Desktop\Thesis\Pipeline\Real-time-visual-defect-detection\data\outputs\Experiment 5\coldstart_draem_real_iad_tape_motion_blur_s1,draem,tape,Tesla T4,motion_blur,1,0.6617092821212106,0.8323776340306942,0.9069528106095182,0.0657409891412949,0.1240819832331169,89.79937607117206,1779859231974592500,2579
coldstart_draem_real_iad_tape_motion_blur_s2,C:\Users\Usuario\Desktop\Thesis\Pipeline\Real-time-visual-defect-detection\data\outputs\Experiment 5\coldstart_draem_real_iad_tape_motion_blur_s2,draem,tape,Tesla T4,motion_blur,2,0.6587363269581482,0.8444964900781518,0.9473399637373922,0.0594146299230464,0.1128454178634002,91.12224515795302,1779859232001823100,2575
coldstart_draem_real_iad_tape_motion_blur_s3,C:\Users\Usuario\Desktop\Thesis\Pipeline\Real-time-visual-defect-detection\data\outputs\Experiment 5\coldstart_draem_real_iad_tape_motion_blur_s3,draem,tape,Tesla T4,motion_blur,3,0.6398446434249363,0.8265601249719293,0.9473991927463756,0.0588727303469397,0.1143606264541774,89.63380571383864,1779859232011829000,2596
coldstart_draem_real_iad_tape_shot_noise_s1,C:\Users\Usuario\Desktop\Thesis\Pipeline\Real-time-visual-defect-detection\data\outputs\Experiment 5\coldstart_draem_real_iad_tape_shot_noise_s1,draem,tape,Tesla T4,shot_noise,1,0.6591522796172982,0.833747133341072,0.960560714829938,0.0746851422479993,0.1400628030122371,69.5883657933419,1779859233344944600,2572
coldstart_draem_real_iad_tape_shot_noise_s2,C:\Users\Usuario\Desktop\Thesis\Pipeline\Real-time-visual-defect-detection\data\outputs\Experiment 5\coldstart_draem_real_iad_tape_shot_noise_s2,draem,tape,Tesla T4,shot_noise,2,0.6518870762549621,0.8356326206739081,0.9322797858743666,0.0649661175776606,0.1236593822377392,70.03121013500225,1779859233355428900,2588
coldstart_draem_real_iad_tape_shot_noise_s3,C:\Users\Usuario\Desktop\Thesis\Pipeline\Real-time-visual-defect-detection\data\outputs\Experiment 5\coldstart_draem_real_iad_tape_shot_noise_s3,draem,tape,Tesla T4,shot_noise,3,0.6402191139983766,0.8262681963154085,0.7684637881438092,0.0568449954415158,0.1048655115173945,70.8392205203244,1779859233365431500,2586
coldstart_draem_real_iad_terminalblock_gaussian_noise_s1,C:\Users\Usuario\Desktop\Thesis\Pipeline\Real-time-visual-defect-detection\data\outputs\Experiment 5\coldstart_draem_real_iad_terminalblock_gaussian_noise_s1,draem,terminalblock,Tesla T4,gaussian_noise,1,0.4620932985820882,0.7021676621543279,0.6909189542992961,0.0410902075298199,0.071291602013778,94.28904511737782,1779859230544232400,2596
coldstart_draem_real_iad_terminalblock_gaussian_noise_s2,C:\Users\Usuario\Desktop\Thesis\Pipeline\Real-time-visual-defect-detection\data\outputs\Experiment 5\coldstart_draem_real_iad_terminalblock_gaussian_noise_s2,draem,terminalblock,Tesla T4,gaussian_noise,2,0.429761248785632,0.6976365852081587,0.7025773360576357,0.023542821981305,0.0442799630438431,95.92976490596708,1779859230555325700,2594
coldstart_draem_real_iad_terminalblock_gaussian_noise_s3,C:\Users\Usuario\Desktop\Thesis\Pipeline\Real-time-visual-defect-detection\data\outputs\Experiment 5\coldstart_draem_real_iad_terminalblock_gaussian_noise_s3,draem,terminalblock,Tesla T4,gaussian_noise,3,0.4119841742410254,0.7015012520937022,0.7220488104701933,0.001,0.0034085655167365,95.84231119953198,1779859230564321700,2584
coldstart_draem_real_iad_terminalblock_motion_blur_s1,C:\Users\Usuario\Desktop\Thesis\Pipeline\Real-time-visual-defect-detection\data\outputs\Experiment 5\coldstart_draem_real_iad_terminalblock_motion_blur_s1,draem,terminalblock,Tesla T4,motion_blur,1,0.4730600456795918,0.7376358533228892,0.7363931876486579,0.0371488115086831,0.0661381456987146,120.30028661131269,1779859232020737900,2575
coldstart_draem_real_iad_terminalblock_motion_blur_s2,C:\Users\Usuario\Desktop\Thesis\Pipeline\Real-time-visual-defect-detection\data\outputs\Experiment 5\coldstart_draem_real_iad_terminalblock_motion_blur_s2,draem,terminalblock,Tesla T4,motion_blur,2,0.451406927187262,0.7247284776113727,0.7485458349827543,0.001,0.0087479858431008,117.68029467290911,1779859232035254000,2565
coldstart_draem_real_iad_terminalblock_motion_blur_s3,C:\Users\Usuario\Desktop\Thesis\Pipeline\Real-time-visual-defect-detection\data\outputs\Experiment 5\coldstart_draem_real_iad_terminalblock_motion_blur_s3,draem,terminalblock,Tesla T4,motion_blur,3,0.4285921026041973,0.7270098162256666,0.7540213638682218,0.001,0.0016326138406557,117.24894134556314,1779859232052685000,2582
coldstart_draem_real_iad_terminalblock_shot_noise_s1,C:\Users\Usuario\Desktop\Thesis\Pipeline\Real-time-visual-defect-detection\data\outputs\Experiment 5\coldstart_draem_real_iad_terminalblock_shot_noise_s1,draem,terminalblock,Tesla T4,shot_noise,1,0.4705891149369174,0.720765356862181,0.7993333633370053,0.0127279670968161,0.0259291236486964,87.782758400355,1779859233394318000,2578
coldstart_draem_real_iad_terminalblock_shot_noise_s2,C:\Users\Usuario\Desktop\Thesis\Pipeline\Real-time-visual-defect-detection\data\outputs\Experiment 5\coldstart_draem_real_iad_terminalblock_shot_noise_s2,draem,terminalblock,Tesla T4,shot_noise,2,0.4741163097064458,0.7249280698993289,0.7486361563085141,0.0025164673009952,0.011159458587585,87.7996716398978,1779859233405605400,2587
coldstart_draem_real_iad_terminalblock_shot_noise_s3,C:\Users\Usuario\Desktop\Thesis\Pipeline\Real-time-visual-defect-detection\data\outputs\Experiment 5\coldstart_draem_real_iad_terminalblock_shot_noise_s3,draem,terminalblock,Tesla T4,shot_noise,3,0.4686419828392672,0.7257319964466112,0.8003556854143878,0.001,0.0016567232302282,88.6262433444644,1779859233414605400,2579
coldstart_draem_real_iad_toothbrush_gaussian_noise_s1,C:\Users\Usuario\Desktop\Thesis\Pipeline\Real-time-visual-defect-detection\data\outputs\Experiment 5\coldstart_draem_real_iad_toothbrush_gaussian_noise_s1,draem,toothbrush,Tesla T4,gaussian_noise,1,0.7849193506306081,0.9096741364833903,0.934811770968191,0.316077439420172,0.4802435889908338,95.01199105454612,1779859230578190200,2588
coldstart_draem_real_iad_toothbrush_gaussian_noise_s2,C:\Users\Usuario\Desktop\Thesis\Pipeline\Real-time-visual-defect-detection\data\outputs\Experiment 5\coldstart_draem_real_iad_toothbrush_gaussian_noise_s2,draem,toothbrush,Tesla T4,gaussian_noise,2,0.7805945430114891,0.89227081886459,0.9477081659168411,0.3184944588960732,0.4732170296648679,96.00751208336774,1779859230594439100,2593
coldstart_draem_real_iad_toothbrush_gaussian_noise_s3,C:\Users\Usuario\Desktop\Thesis\Pipeline\Real-time-visual-defect-detection\data\outputs\Experiment 5\coldstart_draem_real_iad_toothbrush_gaussian_noise_s3,draem,toothbrush,Tesla T4,gaussian_noise,3,0.776784783734743,0.8888526779614037,0.9344939980970168,0.3230934156719322,0.4816854406420541,96.34324290561406,1779859230610438300,2593
coldstart_draem_real_iad_toothbrush_motion_blur_s1,C:\Users\Usuario\Desktop\Thesis\Pipeline\Real-time-visual-defect-detection\data\outputs\Experiment 5\coldstart_draem_real_iad_toothbrush_motion_blur_s1,draem,toothbrush,Tesla T4,motion_blur,1,0.7430716869785294,0.8915479730729767,0.981935946919556,0.2736199963133346,0.4243398895433947,120.54460962498509,1779859232060687500,2552
coldstart_draem_real_iad_toothbrush_motion_blur_s2,C:\Users\Usuario\Desktop\Thesis\Pipeline\Real-time-visual-defect-detection\data\outputs\Experiment 5\coldstart_draem_real_iad_toothbrush_motion_blur_s2,draem,toothbrush,Tesla T4,motion_blur,2,0.7545907474642651,0.9069373463043232,0.980769608470158,0.2808249787679474,0.4408900153109992,119.96091204696512,1779859232070172200,2554
coldstart_draem_real_iad_toothbrush_motion_blur_s3,C:\Users\Usuario\Desktop\Thesis\Pipeline\Real-time-visual-defect-detection\data\outputs\Experiment 5\coldstart_draem_real_iad_toothbrush_motion_blur_s3,draem,toothbrush,Tesla T4,motion_blur,3,0.7554212067250536,0.8897300757344079,0.9634293648918552,0.2971534430753994,0.4572607092109633,120.47666902202616,1779859232128771700,2591
coldstart_draem_real_iad_toothbrush_shot_noise_s1,C:\Users\Usuario\Desktop\Thesis\Pipeline\Real-time-visual-defect-detection\data\outputs\Experiment 5\coldstart_draem_real_iad_toothbrush_shot_noise_s1,draem,toothbrush,Tesla T4,shot_noise,1,0.7525781449463471,0.8878215725316824,0.9825707728033666,0.2928378064101497,0.4457903757457464,87.20254533233843,1779859233429779900,2579
coldstart_draem_real_iad_toothbrush_shot_noise_s2,C:\Users\Usuario\Desktop\Thesis\Pipeline\Real-time-visual-defect-detection\data\outputs\Experiment 5\coldstart_draem_real_iad_toothbrush_shot_noise_s2,draem,toothbrush,Tesla T4,shot_noise,2,0.7416000720345138,0.8965886705496624,0.9606248549232774,0.2945315245134994,0.4517661930091141,87.22552179771606,1779859233439877800,2588
coldstart_draem_real_iad_toothbrush_shot_noise_s3,C:\Users\Usuario\Desktop\Thesis\Pipeline\Real-time-visual-defect-detection\data\outputs\Experiment 5\coldstart_draem_real_iad_toothbrush_shot_noise_s3,draem,toothbrush,Tesla T4,shot_noise,3,0.7184556797710753,0.8798785936504394,0.9797121374382493,0.2630129566974282,0.4027848123036199,88.80062493452351,1779859233447875800,2582
coldstart_draem_real_iad_toy_brick_gaussian_noise_s1,C:\Users\Usuario\Desktop\Thesis\Pipeline\Real-time-visual-defect-detection\data\outputs\Experiment 5\coldstart_draem_real_iad_toy_brick_gaussian_noise_s1,draem,toy_brick,Tesla T4,gaussian_noise,1,0.4886092313910803,0.723946656490997,0.847077960559465,0.0374643757709489,0.0706952207894998,96.51718878128024,1779859230673190900,2594
coldstart_draem_real_iad_toy_brick_gaussian_noise_s2,C:\Users\Usuario\Desktop\Thesis\Pipeline\Real-time-visual-defect-detection\data\outputs\Experiment 5\coldstart_draem_real_iad_toy_brick_gaussian_noise_s2,draem,toy_brick,Tesla T4,gaussian_noise,2,0.4750565250271905,0.7233862883491197,0.8563782552467023,0.0363961890009242,0.0695761320006845,97.7860157122374,1779859230684809500,2596
coldstart_draem_real_iad_toy_brick_gaussian_noise_s3,C:\Users\Usuario\Desktop\Thesis\Pipeline\Real-time-visual-defect-detection\data\outputs\Experiment 5\coldstart_draem_real_iad_toy_brick_gaussian_noise_s3,draem,toy_brick,Tesla T4,gaussian_noise,3,0.4785666211775115,0.7085870995671881,0.8524657111093008,0.0366485522762895,0.0699066829474843,98.36899771282091,1779859230697413500,2593
coldstart_draem_real_iad_toy_brick_motion_blur_s1,C:\Users\Usuario\Desktop\Thesis\Pipeline\Real-time-visual-defect-detection\data\outputs\Experiment 5\coldstart_draem_real_iad_toy_brick_motion_blur_s1,draem,toy_brick,Tesla T4,motion_blur,1,0.5043891462232727,0.7433402768661427,0.8578762457126762,0.0222324321518705,0.0447932050599662,117.94606045522713,1779859232207245600,2568
coldstart_draem_real_iad_toy_brick_motion_blur_s2,C:\Users\Usuario\Desktop\Thesis\Pipeline\Real-time-visual-defect-detection\data\outputs\Experiment 5\coldstart_draem_real_iad_toy_brick_motion_blur_s2,draem,toy_brick,Tesla T4,motion_blur,2,0.4987696548533263,0.7313640591886666,0.8580451178444146,0.0133022560924708,0.0278914344003608,119.74194485035729,1779859232215597600,2572
coldstart_draem_real_iad_toy_brick_motion_blur_s3,C:\Users\Usuario\Desktop\Thesis\Pipeline\Real-time-visual-defect-detection\data\outputs\Experiment 5\coldstart_draem_real_iad_toy_brick_motion_blur_s3,draem,toy_brick,Tesla T4,motion_blur,3,0.4927503954356907,0.7392822193842385,0.8158638636774772,0.007273949634787,0.0176999898588317,121.34645810975486,1779859232224808600,2598
coldstart_draem_real_iad_toy_brick_shot_noise_s1,C:\Users\Usuario\Desktop\Thesis\Pipeline\Real-time-visual-defect-detection\data\outputs\Experiment 5\coldstart_draem_real_iad_toy_brick_shot_noise_s1,draem,toy_brick,Tesla T4,shot_noise,1,0.4929183831723737,0.7272328152910962,0.8712120582132985,0.0181413784460929,0.0364906119618842,87.88999052592136,1779859233492987100,2585
coldstart_draem_real_iad_toy_brick_shot_noise_s2,C:\Users\Usuario\Desktop\Thesis\Pipeline\Real-time-visual-defect-detection\data\outputs\Experiment 5\coldstart_draem_real_iad_toy_brick_shot_noise_s2,draem,toy_brick,Tesla T4,shot_noise,2,0.4884371263283552,0.7378600859701571,0.8414113321895649,0.0260738303246533,0.0505451437307228,87.16506474298362,1779859233501787500,2593
coldstart_draem_real_iad_toy_brick_shot_noise_s3,C:\Users\Usuario\Desktop\Thesis\Pipeline\Real-time-visual-defect-detection\data\outputs\Experiment 5\coldstart_draem_real_iad_toy_brick_shot_noise_s3,draem,toy_brick,Tesla T4,shot_noise,3,0.4751837127659041,0.731346103144299,0.8380949049215201,0.0251626027725944,0.0495230547672306,86.93571116842922,1779859233520654900,2595
coldstart_draem_real_iad_toy_gaussian_noise_s1,C:\Users\Usuario\Desktop\Thesis\Pipeline\Real-time-visual-defect-detection\data\outputs\Experiment 5\coldstart_draem_real_iad_toy_gaussian_noise_s1,draem,toy,Tesla T4,gaussian_noise,1,0.5006744658359874,0.7325816438867843,0.5227660352695581,0.0046268448462607,0.0088391298433438,96.79942432872342,1779859230623438500,2593
coldstart_draem_real_iad_toy_gaussian_noise_s2,C:\Users\Usuario\Desktop\Thesis\Pipeline\Real-time-visual-defect-detection\data\outputs\Experiment 5\coldstart_draem_real_iad_toy_gaussian_noise_s2,draem,toy,Tesla T4,gaussian_noise,2,0.4746297512021021,0.7211884703831207,0.5236463887489146,0.001,0.0016599855581483,96.14962386466308,1779859230633436300,2582
coldstart_draem_real_iad_toy_gaussian_noise_s3,C:\Users\Usuario\Desktop\Thesis\Pipeline\Real-time-visual-defect-detection\data\outputs\Experiment 5\coldstart_draem_real_iad_toy_gaussian_noise_s3,draem,toy,Tesla T4,gaussian_noise,3,0.4543498030423499,0.715959925658534,0.5143036713525629,0.001,0.0016340148961423,97.75243056167255,1779859230644612200,2572
coldstart_draem_real_iad_toy_motion_blur_s1,C:\Users\Usuario\Desktop\Thesis\Pipeline\Real-time-visual-defect-detection\data\outputs\Experiment 5\coldstart_draem_real_iad_toy_motion_blur_s1,draem,toy,Tesla T4,motion_blur,1,0.5589846446454333,0.7866038114715074,0.5507767007685674,0.0392520525085649,0.066464142511262,117.40627943811504,1779859232147689300,2571
coldstart_draem_real_iad_toy_motion_blur_s2,C:\Users\Usuario\Desktop\Thesis\Pipeline\Real-time-visual-defect-detection\data\outputs\Experiment 5\coldstart_draem_real_iad_toy_motion_blur_s2,draem,toy,Tesla T4,motion_blur,2,0.5479271661333782,0.7905809104342318,0.5478073922655232,0.0605401218684951,0.1031435182964388,120.1233162395927,1779859232160778900,2572
coldstart_draem_real_iad_toy_motion_blur_s3,C:\Users\Usuario\Desktop\Thesis\Pipeline\Real-time-visual-defect-detection\data\outputs\Experiment 5\coldstart_draem_real_iad_toy_motion_blur_s3,draem,toy,Tesla T4,motion_blur,3,0.5199182585414697,0.7671956862425142,0.5493145710775166,0.001,0.001635034145154,120.70035736945674,1779859232193729400,2560
coldstart_draem_real_iad_toy_shot_noise_s1,C:\Users\Usuario\Desktop\Thesis\Pipeline\Real-time-visual-defect-detection\data\outputs\Experiment 5\coldstart_draem_real_iad_toy_shot_noise_s1,draem,toy,Tesla T4,shot_noise,1,0.5856693124537594,0.7880683034993156,0.552174423414868,0.0290431969176401,0.0510158413798013,87.46350607222182,1779859233457759900,2563
coldstart_draem_real_iad_toy_shot_noise_s2,C:\Users\Usuario\Desktop\Thesis\Pipeline\Real-time-visual-defect-detection\data\outputs\Experiment 5\coldstart_draem_real_iad_toy_shot_noise_s2,draem,toy,Tesla T4,shot_noise,2,0.5779003063495708,0.7901341395481913,0.5835187538147288,0.0389318380086482,0.0700363353396711,86.91950905461015,1779859233475362200,2577
coldstart_draem_real_iad_toy_shot_noise_s3,C:\Users\Usuario\Desktop\Thesis\Pipeline\Real-time-visual-defect-detection\data\outputs\Experiment 5\coldstart_draem_real_iad_toy_shot_noise_s3,draem,toy,Tesla T4,shot_noise,3,0.5642081216687522,0.7823614924513848,0.5713083970537952,0.0034865294800448,0.0083246481706488,87.85305725472466,1779859233484984200,2590
coldstart_draem_real_iad_transistor1_gaussian_noise_s1,C:\Users\Usuario\Desktop\Thesis\Pipeline\Real-time-visual-defect-detection\data\outputs\Experiment 5\coldstart_draem_real_iad_transistor1_gaussian_noise_s1,draem,transistor1,Tesla T4,gaussian_noise,1,0.5595640211813361,0.7736807815921504,0.938862032638594,0.0517448709202986,0.0952094618551871,97.32885927954196,1779859230720296300,2596
coldstart_draem_real_iad_transistor1_gaussian_noise_s2,C:\Users\Usuario\Desktop\Thesis\Pipeline\Real-time-visual-defect-detection\data\outputs\Experiment 5\coldstart_draem_real_iad_transistor1_gaussian_noise_s2,draem,transistor1,Tesla T4,gaussian_noise,2,0.5542059492744197,0.7580926737948759,0.9221243311217344,0.0458575886088809,0.0850866498331377,97.46628726602154,1779859230730296500,2603
coldstart_draem_real_iad_transistor1_gaussian_noise_s3,C:\Users\Usuario\Desktop\Thesis\Pipeline\Real-time-visual-defect-detection\data\outputs\Experiment 5\coldstart_draem_real_iad_transistor1_gaussian_noise_s3,draem,transistor1,Tesla T4,gaussian_noise,3,0.5394592774968309,0.7463950365744138,0.946590559677524,0.0312349706086742,0.0613390606482406,97.95595070366072,1779859230742415200,2595
coldstart_draem_real_iad_transistor1_motion_blur_s1,C:\Users\Usuario\Desktop\Thesis\Pipeline\Real-time-visual-defect-detection\data\outputs\Experiment 5\coldstart_draem_real_iad_transistor1_motion_blur_s1,draem,transistor1,Tesla T4,motion_blur,1,0.5918689559638123,0.7931696610373571,0.9935356362560136,0.034015099932426,0.0668877594804458,120.01824552421972,1779859232250079000,2528
coldstart_draem_real_iad_transistor1_motion_blur_s2,C:\Users\Usuario\Desktop\Thesis\Pipeline\Real-time-visual-defect-detection\data\outputs\Experiment 5\coldstart_draem_real_iad_transistor1_motion_blur_s2,draem,transistor1,Tesla T4,motion_blur,2,0.5935411747186691,0.8005944567891962,0.9750559297508362,0.0224879257113832,0.0458366688079557,119.9778570221967,1779859232259285700,2526
coldstart_draem_real_iad_transistor1_motion_blur_s3,C:\Users\Usuario\Desktop\Thesis\Pipeline\Real-time-visual-defect-detection\data\outputs\Experiment 5\coldstart_draem_real_iad_transistor1_motion_blur_s3,draem,transistor1,Tesla T4,motion_blur,3,0.5421440190281077,0.7800727600832652,0.9935056287221397,0.0258346936327034,0.05323806953198,117.62129157958206,1779859232270093100,2556
coldstart_draem_real_iad_transistor1_shot_noise_s1,C:\Users\Usuario\Desktop\Thesis\Pipeline\Real-time-visual-defect-detection\data\outputs\Experiment 5\coldstart_draem_real_iad_transistor1_shot_noise_s1,draem,transistor1,Tesla T4,shot_noise,1,0.6284232778001291,0.8285270637888119,0.999,0.0302132510985575,0.0594632900543818,87.87621181197495,1779859233530742200,2525
coldstart_draem_real_iad_transistor1_shot_noise_s2,C:\Users\Usuario\Desktop\Thesis\Pipeline\Real-time-visual-defect-detection\data\outputs\Experiment 5\coldstart_draem_real_iad_transistor1_shot_noise_s2,draem,transistor1,Tesla T4,shot_noise,2,0.6182000755224135,0.8280077319390299,0.995365031239036,0.0501583886989791,0.0963756546413598,87.62854416051746,1779859233540022500,2575
coldstart_draem_real_iad_transistor1_shot_noise_s3,C:\Users\Usuario\Desktop\Thesis\Pipeline\Real-time-visual-defect-detection\data\outputs\Experiment 5\coldstart_draem_real_iad_transistor1_shot_noise_s3,draem,transistor1,Tesla T4,shot_noise,3,0.5944656894238098,0.8027115687524728,0.999,0.0352313305711017,0.0689745994427754,87.47486651148803,1779859233548076500,2545
coldstart_draem_real_iad_u_block_gaussian_noise_s1,C:\Users\Usuario\Desktop\Thesis\Pipeline\Real-time-visual-defect-detection\data\outputs\Experiment 5\coldstart_draem_real_iad_u_block_gaussian_noise_s1,draem,u_block,Tesla T4,gaussian_noise,1,0.4777114262744609,0.6853518370444266,0.4640431963856873,0.0457310538507491,0.0799983578484891,97.5452738349077,1779859230753378200,2590
coldstart_draem_real_iad_u_block_gaussian_noise_s2,C:\Users\Usuario\Desktop\Thesis\Pipeline\Real-time-visual-defect-detection\data\outputs\Experiment 5\coldstart_draem_real_iad_u_block_gaussian_noise_s2,draem,u_block,Tesla T4,gaussian_noise,2,0.4483765798045042,0.6687742562301698,0.4744442217815965,0.0357623890568221,0.0651204810618741,97.63975374810032,1779859230777067500,2596
coldstart_draem_real_iad_u_block_gaussian_noise_s3,C:\Users\Usuario\Desktop\Thesis\Pipeline\Real-time-visual-defect-detection\data\outputs\Experiment 5\coldstart_draem_real_iad_u_block_gaussian_noise_s3,draem,u_block,Tesla T4,gaussian_noise,3,0.4469585001643401,0.6721120351203492,0.4763318428119111,0.0309268195650843,0.0573255891476896,97.34847799593965,1779859230793490600,2594
coldstart_draem_real_iad_u_block_motion_blur_s1,C:\Users\Usuario\Desktop\Thesis\Pipeline\Real-time-visual-defect-detection\data\outputs\Experiment 5\coldstart_draem_real_iad_u_block_motion_blur_s1,draem,u_block,Tesla T4,motion_blur,1,0.4442463312381323,0.6933950636119088,0.5349329643752453,0.0300895220905881,0.0548903963694308,120.31959355222745,1779859232285912800,2560
coldstart_draem_real_iad_u_block_motion_blur_s2,C:\Users\Usuario\Desktop\Thesis\Pipeline\Real-time-visual-defect-detection\data\outputs\Experiment 5\coldstart_draem_real_iad_u_block_motion_blur_s2,draem,u_block,Tesla T4,motion_blur,2,0.446477076517861,0.6746687825101993,0.4030980922969329,0.0338583580204085,0.0599687328009036,117.50932875118048,1779859232307422600,2571
coldstart_draem_real_iad_u_block_motion_blur_s3,C:\Users\Usuario\Desktop\Thesis\Pipeline\Real-time-visual-defect-detection\data\outputs\Experiment 5\coldstart_draem_real_iad_u_block_motion_blur_s3,draem,u_block,Tesla T4,motion_blur,3,0.4421124259442892,0.6687102273346403,0.3851318329769217,0.0227532042165307,0.0408400180397215,118.82451576445848,1779859232316755000,2592
coldstart_draem_real_iad_u_block_shot_noise_s1,C:\Users\Usuario\Desktop\Thesis\Pipeline\Real-time-visual-defect-detection\data\outputs\Experiment 5\coldstart_draem_real_iad_u_block_shot_noise_s1,draem,u_block,Tesla T4,shot_noise,1,0.4457453459686541,0.6657819913822175,0.1003566473280335,0.0131589236051802,0.0209274198569648,87.5433784583887,1779859233566169900,2573
coldstart_draem_real_iad_u_block_shot_noise_s2,C:\Users\Usuario\Desktop\Thesis\Pipeline\Real-time-visual-defect-detection\data\outputs\Experiment 5\coldstart_draem_real_iad_u_block_shot_noise_s2,draem,u_block,Tesla T4,shot_noise,2,0.4309090100223833,0.6765752752588692,0.3376952731046285,0.0100354337553241,0.0197925545591009,87.41986899430358,1779859233575809100,2594
coldstart_draem_real_iad_u_block_shot_noise_s3,C:\Users\Usuario\Desktop\Thesis\Pipeline\Real-time-visual-defect-detection\data\outputs\Experiment 5\coldstart_draem_real_iad_u_block_shot_noise_s3,draem,u_block,Tesla T4,shot_noise,3,0.4436821485728272,0.6730016723413966,0.410801551118634,0.0030761788848441,0.0068205576222899,87.14380994529284,1779859233584220200,2593
coldstart_draem_real_iad_usb_adaptor_gaussian_noise_s1,C:\Users\Usuario\Desktop\Thesis\Pipeline\Real-time-visual-defect-detection\data\outputs\Experiment 5\coldstart_draem_real_iad_usb_adaptor_gaussian_noise_s1,draem,usb_adaptor,Tesla T4,gaussian_noise,1,0.2495778597734988,0.6475488284500832,0.9614247822095922,0.001,0.0016583675574603,99.0022521429774,1779859230876043500,2579
coldstart_draem_real_iad_usb_adaptor_gaussian_noise_s2,C:\Users\Usuario\Desktop\Thesis\Pipeline\Real-time-visual-defect-detection\data\outputs\Experiment 5\coldstart_draem_real_iad_usb_adaptor_gaussian_noise_s2,draem,usb_adaptor,Tesla T4,gaussian_noise,2,0.24194763003167,0.6488703279993698,0.9478184483263136,0.001,0.0016377314886251,99.5792699437831,1779859230935541800,2577
coldstart_draem_real_iad_usb_adaptor_gaussian_noise_s3,C:\Users\Usuario\Desktop\Thesis\Pipeline\Real-time-visual-defect-detection\data\outputs\Experiment 5\coldstart_draem_real_iad_usb_adaptor_gaussian_noise_s3,draem,usb_adaptor,Tesla T4,gaussian_noise,3,0.2376748908438998,0.6471348446790025,0.9635601719896506,0.001,0.0016326913529972,99.42078817017062,1779859230943604300,2577
coldstart_draem_real_iad_usb_adaptor_motion_blur_s1,C:\Users\Usuario\Desktop\Thesis\Pipeline\Real-time-visual-defect-detection\data\outputs\Experiment 5\coldstart_draem_real_iad_usb_adaptor_motion_blur_s1,draem,usb_adaptor,Tesla T4,motion_blur,1,0.2938309251197876,0.6727359933973704,0.999,0.001,0.0016577339446643,120.13012489909664,1779859232395550800,2551
coldstart_draem_real_iad_usb_adaptor_motion_blur_s2,C:\Users\Usuario\Desktop\Thesis\Pipeline\Real-time-visual-defect-detection\data\outputs\Experiment 5\coldstart_draem_real_iad_usb_adaptor_motion_blur_s2,draem,usb_adaptor,Tesla T4,motion_blur,2,0.2972280732680605,0.67646477033581,0.999,0.001,0.0016594536285781,118.5374212052367,1779859232403417600,2547
coldstart_draem_real_iad_usb_adaptor_motion_blur_s3,C:\Users\Usuario\Desktop\Thesis\Pipeline\Real-time-visual-defect-detection\data\outputs\Experiment 5\coldstart_draem_real_iad_usb_adaptor_motion_blur_s3,draem,usb_adaptor,Tesla T4,motion_blur,3,0.2808487345694494,0.6808432855446632,0.999,0.001,0.0016364765989791,121.75623226134368,1779859232413498300,2560
coldstart_draem_real_iad_usb_adaptor_shot_noise_s1,C:\Users\Usuario\Desktop\Thesis\Pipeline\Real-time-visual-defect-detection\data\outputs\Experiment 5\coldstart_draem_real_iad_usb_adaptor_shot_noise_s1,draem,usb_adaptor,Tesla T4,shot_noise,1,0.3285967051598152,0.6989684328971871,0.999,0.001,0.0016587400104304,88.68026964955064,1779859233626082600,2548
coldstart_draem_real_iad_usb_adaptor_shot_noise_s2,C:\Users\Usuario\Desktop\Thesis\Pipeline\Real-time-visual-defect-detection\data\outputs\Experiment 5\coldstart_draem_real_iad_usb_adaptor_shot_noise_s2,draem,usb_adaptor,Tesla T4,shot_noise,2,0.3022313952067675,0.6905417815709242,0.933169174153354,0.001,0.0016376781491818,88.30740223826524,1779859233642479300,2581
coldstart_draem_real_iad_usb_adaptor_shot_noise_s3,C:\Users\Usuario\Desktop\Thesis\Pipeline\Real-time-visual-defect-detection\data\outputs\Experiment 5\coldstart_draem_real_iad_usb_adaptor_shot_noise_s3,draem,usb_adaptor,Tesla T4,shot_noise,3,0.3077505431994646,0.6805389065887486,0.9879553394151548,0.001,0.00163939453681,88.62413406240081,1779859233660209800,2591
coldstart_draem_real_iad_usb_gaussian_noise_s1,C:\Users\Usuario\Desktop\Thesis\Pipeline\Real-time-visual-defect-detection\data\outputs\Experiment 5\coldstart_draem_real_iad_usb_gaussian_noise_s1,draem,usb,Tesla T4,gaussian_noise,1,0.0098631635505949,0.4959966458989696,0.001,0.001,0.001,96.96784068458892,1779859230804469900,2559
coldstart_draem_real_iad_usb_gaussian_noise_s2,C:\Users\Usuario\Desktop\Thesis\Pipeline\Real-time-visual-defect-detection\data\outputs\Experiment 5\coldstart_draem_real_iad_usb_gaussian_noise_s2,draem,usb,Tesla T4,gaussian_noise,2,0.0082025074587987,0.4954633247056502,0.001,0.001,0.001,96.98673441423944,1779859230834462600,2562
coldstart_draem_real_iad_usb_gaussian_noise_s3,C:\Users\Usuario\Desktop\Thesis\Pipeline\Real-time-visual-defect-detection\data\outputs\Experiment 5\coldstart_draem_real_iad_usb_gaussian_noise_s3,draem,usb,Tesla T4,gaussian_noise,3,0.0014096718884315,0.4933129286789076,0.001,0.001,0.001,97.18451299693136,1779859230858810000,2554
coldstart_draem_real_iad_usb_motion_blur_s1,C:\Users\Usuario\Desktop\Thesis\Pipeline\Real-time-visual-defect-detection\data\outputs\Experiment 5\coldstart_draem_real_iad_usb_motion_blur_s1,draem,usb,Tesla T4,motion_blur,1,0.0230152541574472,0.5223038385979011,0.0094596328516444,0.008688949930971,0.0092303705836971,117.24070844120794,1779859232324946500,2585
coldstart_draem_real_iad_usb_motion_blur_s2,C:\Users\Usuario\Desktop\Thesis\Pipeline\Real-time-visual-defect-detection\data\outputs\Experiment 5\coldstart_draem_real_iad_usb_motion_blur_s2,draem,usb,Tesla T4,motion_blur,2,0.0286468806054624,0.5164680155447753,0.015638627738031,0.0090406361135382,0.0095515568722029,120.1998603098994,1779859232372147100,2583
coldstart_draem_real_iad_usb_motion_blur_s3,C:\Users\Usuario\Desktop\Thesis\Pipeline\Real-time-visual-defect-detection\data\outputs\Experiment 5\coldstart_draem_real_iad_usb_motion_blur_s3,draem,usb,Tesla T4,motion_blur,3,0.0180974033375905,0.508474695757674,0.0178398222421227,0.001,0.001593970628427,117.98841858273764,1779859232385553000,2583
coldstart_draem_real_iad_usb_shot_noise_s1,C:\Users\Usuario\Desktop\Thesis\Pipeline\Real-time-visual-defect-detection\data\outputs\Experiment 5\coldstart_draem_real_iad_usb_shot_noise_s1,draem,usb,Tesla T4,shot_noise,1,0.055541918312136,0.5281817749720463,0.001,0.0045397957059109,0.0017411914336263,87.32263724368657,1779859233592383700,2557
coldstart_draem_real_iad_usb_shot_noise_s2,C:\Users\Usuario\Desktop\Thesis\Pipeline\Real-time-visual-defect-detection\data\outputs\Experiment 5\coldstart_draem_real_iad_usb_shot_noise_s2,draem,usb,Tesla T4,shot_noise,2,0.0589581557292259,0.5397624189631309,0.0587302236694958,0.001,0.0016189674297588,87.37059122724321,1779859233604794500,2574
coldstart_draem_real_iad_usb_shot_noise_s3,C:\Users\Usuario\Desktop\Thesis\Pipeline\Real-time-visual-defect-detection\data\outputs\Experiment 5\coldstart_draem_real_iad_usb_shot_noise_s3,draem,usb,Tesla T4,shot_noise,3,0.0458908403170016,0.5300216288770404,0.0328467543227984,0.001,0.0016230592381916,87.21490428468756,1779859233615795300,2576
coldstart_draem_real_iad_vcpill_gaussian_noise_s1,C:\Users\Usuario\Desktop\Thesis\Pipeline\Real-time-visual-defect-detection\data\outputs\Experiment 5\coldstart_draem_real_iad_vcpill_gaussian_noise_s1,draem,vcpill,Tesla T4,gaussian_noise,1,0.2808868739192778,0.6622293072247557,0.9510690903460786,0.03500030689581,0.07183531924678,96.95117658815234,1779859230953432200,2601
coldstart_draem_real_iad_vcpill_gaussian_noise_s2,C:\Users\Usuario\Desktop\Thesis\Pipeline\Real-time-visual-defect-detection\data\outputs\Experiment 5\coldstart_draem_real_iad_vcpill_gaussian_noise_s2,draem,vcpill,Tesla T4,gaussian_noise,2,0.2677237148312749,0.6575686717727577,0.9803622207619752,0.0339255210748392,0.0686056111549261,98.40470374027248,1779859230961488300,2601
coldstart_draem_real_iad_vcpill_gaussian_noise_s3,C:\Users\Usuario\Desktop\Thesis\Pipeline\Real-time-visual-defect-detection\data\outputs\Experiment 5\coldstart_draem_real_iad_vcpill_gaussian_noise_s3,draem,vcpill,Tesla T4,gaussian_noise,3,0.2574930378276541,0.6531213659672974,0.999,0.0090237090796715,0.0268445240829485,95.66717557423353,1779859230977343300,2581
coldstart_draem_real_iad_vcpill_motion_blur_s1,C:\Users\Usuario\Desktop\Thesis\Pipeline\Real-time-visual-defect-detection\data\outputs\Experiment 5\coldstart_draem_real_iad_vcpill_motion_blur_s1,draem,vcpill,Tesla T4,motion_blur,1,0.2799602767935594,0.6575488882050554,0.7674516620227889,0.0395522939158988,0.0706485963940923,120.07708951270745,1779859232425088400,2581
coldstart_draem_real_iad_vcpill_motion_blur_s2,C:\Users\Usuario\Desktop\Thesis\Pipeline\Real-time-visual-defect-detection\data\outputs\Experiment 5\coldstart_draem_real_iad_vcpill_motion_blur_s2,draem,vcpill,Tesla T4,motion_blur,2,0.2764657953139225,0.6631009912916103,0.999,0.0368154386527025,0.0736460859222091,117.85083505744208,1779859232434128800,2548
coldstart_draem_real_iad_vcpill_motion_blur_s3,C:\Users\Usuario\Desktop\Thesis\Pipeline\Real-time-visual-defect-detection\data\outputs\Experiment 5\coldstart_draem_real_iad_vcpill_motion_blur_s3,draem,vcpill,Tesla T4,motion_blur,3,0.2619440904555658,0.6601600857732564,0.9963001871139182,0.045149880976194,0.0886269618543619,117.12931684341676,1779859232460733200,2597
coldstart_draem_real_iad_vcpill_shot_noise_s1,C:\Users\Usuario\Desktop\Thesis\Pipeline\Real-time-visual-defect-detection\data\outputs\Experiment 5\coldstart_draem_real_iad_vcpill_shot_noise_s1,draem,vcpill,Tesla T4,shot_noise,1,0.2915963172493807,0.6795499589304185,0.6146200266138158,0.0475623090258721,0.0858967532023791,87.56464907846333,1779859233673962100,2568
coldstart_draem_real_iad_vcpill_shot_noise_s2,C:\Users\Usuario\Desktop\Thesis\Pipeline\Real-time-visual-defect-detection\data\outputs\Experiment 5\coldstart_draem_real_iad_vcpill_shot_noise_s2,draem,vcpill,Tesla T4,shot_noise,2,0.289908936990892,0.6694923447534797,0.57579088102777,0.0474266997957152,0.0839251199211045,89.06587983872117,1779859233689862100,2579
coldstart_draem_real_iad_vcpill_shot_noise_s3,C:\Users\Usuario\Desktop\Thesis\Pipeline\Real-time-visual-defect-detection\data\outputs\Experiment 5\coldstart_draem_real_iad_vcpill_shot_noise_s3,draem,vcpill,Tesla T4,shot_noise,3,0.3008155946668629,0.6793467186693719,0.999,0.0609739728928254,0.1122695807559425,87.45996092325824,1779859233700476800,2572
coldstart_draem_real_iad_wooden_beads_gaussian_noise_s1,C:\Users\Usuario\Desktop\Thesis\Pipeline\Real-time-visual-defect-detection\data\outputs\Experiment 5\coldstart_draem_real_iad_wooden_beads_gaussian_noise_s1,draem,wooden_beads,Tesla T4,gaussian_noise,1,0.5624859042576221,0.8486392354970528,0.9428996164049572,0.1722048622735189,0.2698334822448296,96.62704221324228,1779859230989169900,2591
coldstart_draem_real_iad_wooden_beads_gaussian_noise_s2,C:\Users\Usuario\Desktop\Thesis\Pipeline\Real-time-visual-defect-detection\data\outputs\Experiment 5\coldstart_draem_real_iad_wooden_beads_gaussian_noise_s2,draem,wooden_beads,Tesla T4,gaussian_noise,2,0.5721215636034255,0.8493790771763431,0.9380469630345516,0.1623728779272645,0.2636367242153983,95.81417957397731,1779859230997232300,2596
coldstart_draem_real_iad_wooden_beads_gaussian_noise_s3,C:\Users\Usuario\Desktop\Thesis\Pipeline\Real-time-visual-defect-detection\data\outputs\Experiment 5\coldstart_draem_real_iad_wooden_beads_gaussian_noise_s3,draem,wooden_beads,Tesla T4,gaussian_noise,3,0.5719406543271679,0.8459370174638576,0.9149590249476132,0.1624981087768087,0.2604533770452438,95.3335135367427,1779859231007051000,2593
coldstart_draem_real_iad_wooden_beads_motion_blur_s1,C:\Users\Usuario\Desktop\Thesis\Pipeline\Real-time-visual-defect-detection\data\outputs\Experiment 5\coldstart_draem_real_iad_wooden_beads_motion_blur_s1,draem,wooden_beads,Tesla T4,motion_blur,1,0.5486002488739514,0.8419502048231995,0.8913951711011754,0.1018593354004032,0.180912077633362,113.79241812281995,1779859232483484200,2574
coldstart_draem_real_iad_wooden_beads_motion_blur_s2,C:\Users\Usuario\Desktop\Thesis\Pipeline\Real-time-visual-defect-detection\data\outputs\Experiment 5\coldstart_draem_real_iad_wooden_beads_motion_blur_s2,draem,wooden_beads,Tesla T4,motion_blur,2,0.5610420874395978,0.8600616359830835,0.9217649058759078,0.1092989243960739,0.192436863552492,114.1661933938247,1779859232495628600,2578
coldstart_draem_real_iad_wooden_beads_motion_blur_s3,C:\Users\Usuario\Desktop\Thesis\Pipeline\Real-time-visual-defect-detection\data\outputs\Experiment 5\coldstart_draem_real_iad_wooden_beads_motion_blur_s3,draem,wooden_beads,Tesla T4,motion_blur,3,0.5481432812873808,0.8609417269860208,0.7983268137006514,0.1143396426528659,0.1933553713608294,113.37046278649426,1779859232533483300,2593
coldstart_draem_real_iad_wooden_beads_shot_noise_s1,C:\Users\Usuario\Desktop\Thesis\Pipeline\Real-time-visual-defect-detection\data\outputs\Experiment 5\coldstart_draem_real_iad_wooden_beads_shot_noise_s1,draem,wooden_beads,Tesla T4,shot_noise,1,0.5514943210275355,0.8579953548722329,0.92084549467887,0.1129685979741058,0.1961077954124057,84.09114052830012,1779859233711589900,2571
coldstart_draem_real_iad_wooden_beads_shot_noise_s2,C:\Users\Usuario\Desktop\Thesis\Pipeline\Real-time-visual-defect-detection\data\outputs\Experiment 5\coldstart_draem_real_iad_wooden_beads_shot_noise_s2,draem,wooden_beads,Tesla T4,shot_noise,2,0.5354910471238469,0.8571252446979387,0.9200009547222312,0.1049277464567986,0.1859564018217297,83.60130208504937,1779859233720648400,2582
coldstart_draem_real_iad_wooden_beads_shot_noise_s3,C:\Users\Usuario\Desktop\Thesis\Pipeline\Real-time-visual-defect-detection\data\outputs\Experiment 5\coldstart_draem_real_iad_wooden_beads_shot_noise_s3,draem,wooden_beads,Tesla T4,shot_noise,3,0.536162846841346,0.8590990787790683,0.9362242288532024,0.1159290397509101,0.2036766267554509,84.95429437742648,1779859233734267400,2589
coldstart_draem_real_iad_woodstick_gaussian_noise_s1,C:\Users\Usuario\Desktop\Thesis\Pipeline\Real-time-visual-defect-detection\data\outputs\Experiment 5\coldstart_draem_real_iad_woodstick_gaussian_noise_s1,draem,woodstick,Tesla T4,gaussian_noise,1,0.3299378375130775,0.5972613632000001,0.0941622893170243,0.0760433045887668,0.087367493071734,95.59773499591486,1779859231014853600,2589
coldstart_draem_real_iad_woodstick_gaussian_noise_s2,C:\Users\Usuario\Desktop\Thesis\Pipeline\Real-time-visual-defect-detection\data\outputs\Experiment 5\coldstart_draem_real_iad_woodstick_gaussian_noise_s2,draem,woodstick,Tesla T4,gaussian_noise,2,0.3162581715432179,0.6000093247816679,0.0965055008877988,0.0508817764037002,0.0663837081820088,97.70570412845646,1779859231030218500,2594
coldstart_draem_real_iad_woodstick_gaussian_noise_s3,C:\Users\Usuario\Desktop\Thesis\Pipeline\Real-time-visual-defect-detection\data\outputs\Experiment 5\coldstart_draem_real_iad_woodstick_gaussian_noise_s3,draem,woodstick,Tesla T4,gaussian_noise,3,0.3135875224567223,0.5992341695101642,0.1184720559421007,0.0332936775887746,0.05189959785608,96.1394770210274,1779859231044097900,2590
coldstart_draem_real_iad_woodstick_motion_blur_s1,C:\Users\Usuario\Desktop\Thesis\Pipeline\Real-time-visual-defect-detection\data\outputs\Experiment 5\coldstart_draem_real_iad_woodstick_motion_blur_s1,draem,woodstick,Tesla T4,motion_blur,1,0.3688261353247685,0.6387314618639292,0.033884855547595,0.0070884519302888,0.0115728710217221,113.44656596786638,1779859232546229700,2568
coldstart_draem_real_iad_woodstick_motion_blur_s2,C:\Users\Usuario\Desktop\Thesis\Pipeline\Real-time-visual-defect-detection\data\outputs\Experiment 5\coldstart_draem_real_iad_woodstick_motion_blur_s2,draem,woodstick,Tesla T4,motion_blur,2,0.3531694983194487,0.6305133669926416,0.0581658930733741,0.0081360295689915,0.0143439784186313,115.39191001276454,1779859232557714400,2567
coldstart_draem_real_iad_woodstick_motion_blur_s3,C:\Users\Usuario\Desktop\Thesis\Pipeline\Real-time-visual-defect-detection\data\outputs\Experiment 5\coldstart_draem_real_iad_woodstick_motion_blur_s3,draem,woodstick,Tesla T4,motion_blur,3,0.3480699887316812,0.6118969015689691,0.0423968119545687,0.001,0.0016053782006061,114.79829911992135,1779859232567807100,2573
coldstart_draem_real_iad_woodstick_shot_noise_s1,C:\Users\Usuario\Desktop\Thesis\Pipeline\Real-time-visual-defect-detection\data\outputs\Experiment 5\coldstart_draem_real_iad_woodstick_shot_noise_s1,draem,woodstick,Tesla T4,shot_noise,1,0.2941769520390219,0.5999597604887634,0.0704871047260026,0.0114850751285178,0.0196770432252513,85.92996207076219,1779859233749408000,2570
coldstart_draem_real_iad_woodstick_shot_noise_s2,C:\Users\Usuario\Desktop\Thesis\Pipeline\Real-time-visual-defect-detection\data\outputs\Experiment 5\coldstart_draem_real_iad_woodstick_shot_noise_s2,draem,woodstick,Tesla T4,shot_noise,2,0.2922910933943213,0.5844732514264743,0.0516829244162715,0.0042829104335163,0.0081945381673924,83.77002006291441,1779859233768661900,2586
coldstart_draem_real_iad_woodstick_shot_noise_s3,C:\Users\Usuario\Desktop\Thesis\Pipeline\Real-time-visual-defect-detection\data\outputs\Experiment 5\coldstart_draem_real_iad_woodstick_shot_noise_s3,draem,woodstick,Tesla T4,shot_noise,3,0.2885066406411543,0.5986405161069385,0.1700820520060715,0.001,0.0016543475216111,85.4021759249815,1779859233778755300,2571
coldstart_draem_real_iad_zipper_gaussian_noise_s1,C:\Users\Usuario\Desktop\Thesis\Pipeline\Real-time-visual-defect-detection\data\outputs\Experiment 5\coldstart_draem_real_iad_zipper_gaussian_noise_s1,draem,zipper,Tesla T4,gaussian_noise,1,0.4569317649979975,0.6928632338811815,0.9944314253079176,0.0175134935978348,0.0301470636166575,96.38981828833272,1779859231055966900,2581
coldstart_draem_real_iad_zipper_gaussian_noise_s2,C:\Users\Usuario\Desktop\Thesis\Pipeline\Real-time-visual-defect-detection\data\outputs\Experiment 5\coldstart_draem_real_iad_zipper_gaussian_noise_s2,draem,zipper,Tesla T4,gaussian_noise,2,0.4477202706045364,0.6763979873843784,0.9819304002931486,0.001,0.0016365548360654,95.37874777990952,1779859231069294300,2586
coldstart_draem_real_iad_zipper_gaussian_noise_s3,C:\Users\Usuario\Desktop\Thesis\Pipeline\Real-time-visual-defect-detection\data\outputs\Experiment 5\coldstart_draem_real_iad_zipper_gaussian_noise_s3,draem,zipper,Tesla T4,gaussian_noise,3,0.4255786420994488,0.6738832071734087,0.967258121389089,0.001,0.0016384923090421,95.6922758051262,1779859231082082700,2580
coldstart_draem_real_iad_zipper_motion_blur_s1,C:\Users\Usuario\Desktop\Thesis\Pipeline\Real-time-visual-defect-detection\data\outputs\Experiment 5\coldstart_draem_real_iad_zipper_motion_blur_s1,draem,zipper,Tesla T4,motion_blur,1,0.4674383779738841,0.6992871762271161,0.999,0.0562651471888514,0.0840208252661105,112.26678235848354,1779859232578553000,2566
coldstart_draem_real_iad_zipper_motion_blur_s2,C:\Users\Usuario\Desktop\Thesis\Pipeline\Real-time-visual-defect-detection\data\outputs\Experiment 5\coldstart_draem_real_iad_zipper_motion_blur_s2,draem,zipper,Tesla T4,motion_blur,2,0.4441869280585299,0.7058012850310191,0.999,0.001,0.0016570651964295,112.31040063650028,1779859232588450500,2537
coldstart_draem_real_iad_zipper_motion_blur_s3,C:\Users\Usuario\Desktop\Thesis\Pipeline\Real-time-visual-defect-detection\data\outputs\Experiment 5\coldstart_draem_real_iad_zipper_motion_blur_s3,draem,zipper,Tesla T4,motion_blur,3,0.4114005479859092,0.6766732522239,0.999,0.001,0.0016389420353836,112.23905238930712,1779859232597445500,2529
coldstart_draem_real_iad_zipper_shot_noise_s1,C:\Users\Usuario\Desktop\Thesis\Pipeline\Real-time-visual-defect-detection\data\outputs\Experiment 5\coldstart_draem_real_iad_zipper_shot_noise_s1,draem,zipper,Tesla T4,shot_noise,1,0.4690671582590603,0.7072964018996234,0.991141915990438,0.0406243598940936,0.0648801457878876,82.46760679478733,1779859233790284400,2583
coldstart_draem_real_iad_zipper_shot_noise_s2,C:\Users\Usuario\Desktop\Thesis\Pipeline\Real-time-visual-defect-detection\data\outputs\Experiment 5\coldstart_draem_real_iad_zipper_shot_noise_s2,draem,zipper,Tesla T4,shot_noise,2,0.4441010043280779,0.6844272066407342,0.9674382383687228,0.001,0.0016380324939958,83.39273552120822,1779859233801744800,2576
coldstart_draem_real_iad_zipper_shot_noise_s3,C:\Users\Usuario\Desktop\Thesis\Pipeline\Real-time-visual-defect-detection\data\outputs\Experiment 5\coldstart_draem_real_iad_zipper_shot_noise_s3,draem,zipper,Tesla T4,shot_noise,3,0.4201217191645784,0.676490332092744,0.999,0.001,0.0016383774350316,82.0792234378341,1779859233809744000,2530
coldstart_padim_real_iad_audiojack_gaussian_noise_s1,C:\Users\Usuario\Desktop\Thesis\Pipeline\Real-time-visual-defect-detection\data\outputs\Experiment 5\coldstart_padim_real_iad_audiojack_gaussian_noise_s1,padim,audiojack,NVIDIA RTX PRO 6000 Blackwell Server Edition,gaussian_noise,1,0.5289904344439237,0.6587838819597095,0.6633165829145728,0.7659574468085106,0.7109515260323159,1.7411555444436158,1779857239102383100,2719
coldstart_padim_real_iad_audiojack_gaussian_noise_s2,C:\Users\Usuario\Desktop\Thesis\Pipeline\Real-time-visual-defect-detection\data\outputs\Experiment 5\coldstart_padim_real_iad_audiojack_gaussian_noise_s2,padim,audiojack,NVIDIA RTX PRO 6000 Blackwell Server Edition,gaussian_noise,2,0.5237290485275381,0.6515002048415308,0.6522522522522523,0.7001934235976789,0.6753731343283582,1.717896855556751,1779857240686662800,2717
coldstart_padim_real_iad_audiojack_gaussian_noise_s3,C:\Users\Usuario\Desktop\Thesis\Pipeline\Real-time-visual-defect-detection\data\outputs\Experiment 5\coldstart_padim_real_iad_audiojack_gaussian_noise_s3,padim,audiojack,NVIDIA RTX PRO 6000 Blackwell Server Edition,gaussian_noise,3,0.5231283131217777,0.6522193388216802,0.6560150375939849,0.6750483558994197,0.6653956148713059,1.7347409777781695,1779857239868539300,2722
coldstart_padim_real_iad_audiojack_motion_blur_s1,C:\Users\Usuario\Desktop\Thesis\Pipeline\Real-time-visual-defect-detection\data\outputs\Experiment 5\coldstart_padim_real_iad_audiojack_motion_blur_s1,padim,audiojack,Tesla T4,motion_blur,1,0.4604480782700651,0.7222125760405219,0.704022556478908,0.3198705331675081,0.4291281276217116,47.31772173521649,1779859223890305400,2656
coldstart_padim_real_iad_audiojack_motion_blur_s2,C:\Users\Usuario\Desktop\Thesis\Pipeline\Real-time-visual-defect-detection\data\outputs\Experiment 5\coldstart_padim_real_iad_audiojack_motion_blur_s2,padim,audiojack,Tesla T4,motion_blur,2,0.455408686673854,0.709812900790659,0.6835132256200153,0.3560124824491488,0.4700862151855694,47.00701965753254,1779859223895309800,2653
coldstart_padim_real_iad_audiojack_motion_blur_s3,C:\Users\Usuario\Desktop\Thesis\Pipeline\Real-time-visual-defect-detection\data\outputs\Experiment 5\coldstart_padim_real_iad_audiojack_motion_blur_s3,padim,audiojack,Tesla T4,motion_blur,3,0.4442259291826611,0.714846828750532,0.7021918618691294,0.3276611428397711,0.4405246932400282,48.077206210729365,1779859223900649600,2673
coldstart_padim_real_iad_audiojack_shot_noise_s1,C:\Users\Usuario\Desktop\Thesis\Pipeline\Real-time-visual-defect-detection\data\outputs\Experiment 5\coldstart_padim_real_iad_audiojack_shot_noise_s1,padim,audiojack,Tesla T4,shot_noise,1,0.4735971778194245,0.7153043768525538,0.6990291262135923,0.1392649903288201,0.232258064516129,7.882407690145799,1779090847689082200,2574
coldstart_padim_real_iad_audiojack_shot_noise_s2,C:\Users\Usuario\Desktop\Thesis\Pipeline\Real-time-visual-defect-detection\data\outputs\Experiment 5\coldstart_padim_real_iad_audiojack_shot_noise_s2,padim,audiojack,Tesla T4,shot_noise,2,0.4910954991431235,0.7235171537085187,0.7168674698795181,0.230174081237911,0.3484626647144949,7.88558384930107,1779090848651096600,2570
coldstart_padim_real_iad_audiojack_shot_noise_s3,C:\Users\Usuario\Desktop\Thesis\Pipeline\Real-time-visual-defect-detection\data\outputs\Experiment 5\coldstart_padim_real_iad_audiojack_shot_noise_s3,padim,audiojack,Tesla T4,shot_noise,3,0.4975295898016657,0.7268097172159678,0.7589285714285714,0.1644100580270793,0.2702702702702703,7.8967247056259025,1779090849537667900,2571
coldstart_padim_real_iad_bottle_cap_gaussian_noise_s1,C:\Users\Usuario\Desktop\Thesis\Pipeline\Real-time-visual-defect-detection\data\outputs\Experiment 5\coldstart_padim_real_iad_bottle_cap_gaussian_noise_s1,padim,bottle_cap,NVIDIA RTX PRO 6000 Blackwell Server Edition,gaussian_noise,1,0.6463354153821408,0.7128910608790413,0.5774647887323944,0.0802348336594911,0.1408934707903779,1.7051743275225693,1779857248330449000,2724
coldstart_padim_real_iad_bottle_cap_gaussian_noise_s2,C:\Users\Usuario\Desktop\Thesis\Pipeline\Real-time-visual-defect-detection\data\outputs\Experiment 5\coldstart_padim_real_iad_bottle_cap_gaussian_noise_s2,padim,bottle_cap,NVIDIA RTX PRO 6000 Blackwell Server Edition,gaussian_noise,2,0.592244591587808,0.68712234926376,0.5833333333333334,0.0821917808219178,0.144082332761578,1.7300311245338458,1779857244738086000,2719
coldstart_padim_real_iad_bottle_cap_gaussian_noise_s3,C:\Users\Usuario\Desktop\Thesis\Pipeline\Real-time-visual-defect-detection\data\outputs\Experiment 5\coldstart_padim_real_iad_bottle_cap_gaussian_noise_s3,padim,bottle_cap,NVIDIA RTX PRO 6000 Blackwell Server Edition,gaussian_noise,3,0.5374098597967992,0.6496746302945523,0.5777777777777777,0.0508806262230919,0.0935251798561151,1.7181982303847332,1779857248179435100,2724
coldstart_padim_real_iad_bottle_cap_motion_blur_s1,C:\Users\Usuario\Desktop\Thesis\Pipeline\Real-time-visual-defect-detection\data\outputs\Experiment 5\coldstart_padim_real_iad_bottle_cap_motion_blur_s1,padim,bottle_cap,Tesla T4,motion_blur,1,0.6203944279810814,0.7463566468486647,0.5311707412472386,0.001,0.0016369970446907,45.09556130505892,1779859223906955800,2624
coldstart_padim_real_iad_bottle_cap_motion_blur_s2,C:\Users\Usuario\Desktop\Thesis\Pipeline\Real-time-visual-defect-detection\data\outputs\Experiment 5\coldstart_padim_real_iad_bottle_cap_motion_blur_s2,padim,bottle_cap,Tesla T4,motion_blur,2,0.5863485961964326,0.7426153245701899,0.5215924849684194,0.001,0.0016384900689917,46.05221403650428,1779859223911958600,2609
coldstart_padim_real_iad_bottle_cap_motion_blur_s3,C:\Users\Usuario\Desktop\Thesis\Pipeline\Real-time-visual-defect-detection\data\outputs\Experiment 5\coldstart_padim_real_iad_bottle_cap_motion_blur_s3,padim,bottle_cap,Tesla T4,motion_blur,3,0.532379194285715,0.7125780795498602,0.525466487022581,0.001,0.0016617856781969,40.36328394256379,1779859223916963900,2650
coldstart_padim_real_iad_bottle_cap_shot_noise_s1,C:\Users\Usuario\Desktop\Thesis\Pipeline\Real-time-visual-defect-detection\data\outputs\Experiment 5\coldstart_padim_real_iad_bottle_cap_shot_noise_s1,padim,bottle_cap,Tesla T4,shot_noise,1,0.6093347815439539,0.7518162810373817,0.5550805550433636,0.001,0.0016618202451992,24.099028280630616,1779859224525741400,2720
coldstart_padim_real_iad_bottle_cap_shot_noise_s2,C:\Users\Usuario\Desktop\Thesis\Pipeline\Real-time-visual-defect-detection\data\outputs\Experiment 5\coldstart_padim_real_iad_bottle_cap_shot_noise_s2,padim,bottle_cap,Tesla T4,shot_noise,2,0.5972853836704531,0.7391370114248891,0.5601604405663843,0.001,0.0018789673158003,23.830094478391032,1779859224534162500,2736
coldstart_padim_real_iad_bottle_cap_shot_noise_s3,C:\Users\Usuario\Desktop\Thesis\Pipeline\Real-time-visual-defect-detection\data\outputs\Experiment 5\coldstart_padim_real_iad_bottle_cap_shot_noise_s3,padim,bottle_cap,Tesla T4,shot_noise,3,0.5555099830407852,0.7057840294062053,0.5294417943608387,0.001,0.0016629632402811,20.15216008543712,1779859224540258700,2737
coldstart_padim_real_iad_button_battery_gaussian_noise_s1,C:\Users\Usuario\Desktop\Thesis\Pipeline\Real-time-visual-defect-detection\data\outputs\Experiment 5\coldstart_padim_real_iad_button_battery_gaussian_noise_s1,padim,button_battery,NVIDIA RTX PRO 6000 Blackwell Server Edition,gaussian_noise,1,0.700391631524629,0.791340499855651,0.8181818181818182,0.0174081237911025,0.034090909090909,1.731243083752787,1779857236874275900,2717
coldstart_padim_real_iad_button_battery_gaussian_noise_s2,C:\Users\Usuario\Desktop\Thesis\Pipeline\Real-time-visual-defect-detection\data\outputs\Experiment 5\coldstart_padim_real_iad_button_battery_gaussian_noise_s2,padim,button_battery,NVIDIA RTX PRO 6000 Blackwell Server Edition,gaussian_noise,2,0.6036935021973742,0.7385165469142456,0.75,0.011605415860735,0.0228571428571428,1.753339246250647,1779857239490873200,2702
coldstart_padim_real_iad_button_battery_gaussian_noise_s3,C:\Users\Usuario\Desktop\Thesis\Pipeline\Real-time-visual-defect-detection\data\outputs\Experiment 5\coldstart_padim_real_iad_button_battery_gaussian_noise_s3,padim,button_battery,NVIDIA RTX PRO 6000 Blackwell Server Edition,gaussian_noise,3,0.5148963509237173,0.6744294124619914,0.8333333333333334,0.0096711798839458,0.0191204588910133,1.7073708362480031,1779857247291934100,2716
coldstart_padim_real_iad_button_battery_motion_blur_s1,C:\Users\Usuario\Desktop\Thesis\Pipeline\Real-time-visual-defect-detection\data\outputs\Experiment 5\coldstart_padim_real_iad_button_battery_motion_blur_s1,padim,button_battery,Tesla T4,motion_blur,1,0.7706811986230816,0.870779780987582,0.8712768118300744,0.0263079068251721,0.0465527461465047,39.965064647349045,1779859223919113900,2652
coldstart_padim_real_iad_button_battery_motion_blur_s2,C:\Users\Usuario\Desktop\Thesis\Pipeline\Real-time-visual-defect-detection\data\outputs\Experiment 5\coldstart_padim_real_iad_button_battery_motion_blur_s2,padim,button_battery,Tesla T4,motion_blur,2,0.7284951110631357,0.8464405777557311,0.8398620953190801,0.0135713083399395,0.0261421256703157,40.160078994987,1779859223932803900,2661
coldstart_padim_real_iad_button_battery_motion_blur_s3,C:\Users\Usuario\Desktop\Thesis\Pipeline\Real-time-visual-defect-detection\data\outputs\Experiment 5\coldstart_padim_real_iad_button_battery_motion_blur_s3,padim,button_battery,Tesla T4,motion_blur,3,0.691218259196072,0.8219407302950732,0.8406011042223751,0.001,0.0016567737103493,40.46388558732511,1779859223940669200,2654
coldstart_padim_real_iad_button_battery_shot_noise_s1,C:\Users\Usuario\Desktop\Thesis\Pipeline\Real-time-visual-defect-detection\data\outputs\Experiment 5\coldstart_padim_real_iad_button_battery_shot_noise_s1,padim,button_battery,Tesla T4,shot_noise,1,0.7681555305470524,0.8698548863800876,0.8206868305487152,0.001,0.0059905870783672,20.04969204410212,1779859224546257800,2722
coldstart_padim_real_iad_button_battery_shot_noise_s2,C:\Users\Usuario\Desktop\Thesis\Pipeline\Real-time-visual-defect-detection\data\outputs\Experiment 5\coldstart_padim_real_iad_button_battery_shot_noise_s2,padim,button_battery,Tesla T4,shot_noise,2,0.7181186653786636,0.8515562590907519,0.7926753763482484,0.0130713221445122,0.0276918204474699,20.612929665642557,1779859224552559700,2762
coldstart_padim_real_iad_button_battery_shot_noise_s3,C:\Users\Usuario\Desktop\Thesis\Pipeline\Real-time-visual-defect-detection\data\outputs\Experiment 5\coldstart_padim_real_iad_button_battery_shot_noise_s3,padim,button_battery,Tesla T4,shot_noise,3,0.6739033028247621,0.8294241666205494,0.8489382245150983,0.001,0.0016638766106239,20.56237715120825,1779859224559563000,2733
coldstart_padim_real_iad_end_cap_gaussian_noise_s1,C:\Users\Usuario\Desktop\Thesis\Pipeline\Real-time-visual-defect-detection\data\outputs\Experiment 5\coldstart_padim_real_iad_end_cap_gaussian_noise_s1,padim,end_cap,NVIDIA RTX PRO 6000 Blackwell Server Edition,gaussian_noise,1,0.5954378068739771,0.7170526892218294,0.6071428571428571,0.0326923076923076,0.0620437956204379,1.838823948878088,1779857244002122300,2719
coldstart_padim_real_iad_end_cap_gaussian_noise_s2,C:\Users\Usuario\Desktop\Thesis\Pipeline\Real-time-visual-defect-detection\data\outputs\Experiment 5\coldstart_padim_real_iad_end_cap_gaussian_noise_s2,padim,end_cap,NVIDIA RTX PRO 6000 Blackwell Server Edition,gaussian_noise,2,0.5828082378614293,0.7090695429194349,0.5769230769230769,0.0288461538461538,0.0549450549450549,1.7506646221940492,1779857245297797600,2719
coldstart_padim_real_iad_end_cap_gaussian_noise_s3,C:\Users\Usuario\Desktop\Thesis\Pipeline\Real-time-visual-defect-detection\data\outputs\Experiment 5\coldstart_padim_real_iad_end_cap_gaussian_noise_s3,padim,end_cap,NVIDIA RTX PRO 6000 Blackwell Server Edition,gaussian_noise,3,0.5542757774140753,0.6925095831913041,0.6451612903225806,0.0384615384615384,0.072595281306715,1.7293722007557142,1779857238062555600,2719
coldstart_padim_real_iad_end_cap_motion_blur_s1,C:\Users\Usuario\Desktop\Thesis\Pipeline\Real-time-visual-defect-detection\data\outputs\Experiment 5\coldstart_padim_real_iad_end_cap_motion_blur_s1,padim,end_cap,Tesla T4,motion_blur,1,0.6708686249129356,0.8016166497370923,0.7147184416335843,0.048756487725933,0.092126915622974,40.95169089173192,1779859223947666000,2657
coldstart_padim_real_iad_end_cap_motion_blur_s2,C:\Users\Usuario\Desktop\Thesis\Pipeline\Real-time-visual-defect-detection\data\outputs\Experiment 5\coldstart_padim_real_iad_end_cap_motion_blur_s2,padim,end_cap,Tesla T4,motion_blur,2,0.6619110827393296,0.8036351709124312,0.7002586654103562,0.0078341599807614,0.0231337416900448,40.13347073605619,1779859223954123400,2661
coldstart_padim_real_iad_end_cap_motion_blur_s3,C:\Users\Usuario\Desktop\Thesis\Pipeline\Real-time-visual-defect-detection\data\outputs\Experiment 5\coldstart_padim_real_iad_end_cap_motion_blur_s3,padim,end_cap,Tesla T4,motion_blur,3,0.6425494232770358,0.7848161694505337,0.7149088788872704,0.0095516362861082,0.0264584614003642,39.678170466874725,1779859223961126000,2676
coldstart_padim_real_iad_end_cap_shot_noise_s1,C:\Users\Usuario\Desktop\Thesis\Pipeline\Real-time-visual-defect-detection\data\outputs\Experiment 5\coldstart_padim_real_iad_end_cap_shot_noise_s1,padim,end_cap,Tesla T4,shot_noise,1,0.6936036802333195,0.8201510783048804,0.6844110704778303,0.015241080148313,0.0341258443389793,20.31596537694468,1779859224566989400,2737
coldstart_padim_real_iad_end_cap_shot_noise_s2,C:\Users\Usuario\Desktop\Thesis\Pipeline\Real-time-visual-defect-detection\data\outputs\Experiment 5\coldstart_padim_real_iad_end_cap_shot_noise_s2,padim,end_cap,Tesla T4,shot_noise,2,0.6675253034321401,0.8079704507758878,0.7150415110961305,0.0104178699970722,0.0296881268053466,20.098698670945897,1779859224574375200,2746
coldstart_padim_real_iad_end_cap_shot_noise_s3,C:\Users\Usuario\Desktop\Thesis\Pipeline\Real-time-visual-defect-detection\data\outputs\Experiment 5\coldstart_padim_real_iad_end_cap_shot_noise_s3,padim,end_cap,Tesla T4,shot_noise,3,0.6771407678385142,0.7882622700574505,0.7332389955730404,0.0213036559604396,0.0504193815497205,20.614022397338147,1779859224582373000,2750
coldstart_padim_real_iad_eraser_gaussian_noise_s1,C:\Users\Usuario\Desktop\Thesis\Pipeline\Real-time-visual-defect-detection\data\outputs\Experiment 5\coldstart_padim_real_iad_eraser_gaussian_noise_s1,padim,eraser,NVIDIA RTX PRO 6000 Blackwell Server Edition,gaussian_noise,1,0.6334959114453238,0.7438350780181171,0.8218390804597702,0.2744721689059501,0.4115107913669064,1.743494435423551,1779857239704595400,2713
coldstart_padim_real_iad_eraser_gaussian_noise_s2,C:\Users\Usuario\Desktop\Thesis\Pipeline\Real-time-visual-defect-detection\data\outputs\Experiment 5\coldstart_padim_real_iad_eraser_gaussian_noise_s2,padim,eraser,NVIDIA RTX PRO 6000 Blackwell Server Edition,gaussian_noise,2,0.5964820024715378,0.7244046222784324,0.8309859154929577,0.2264875239923224,0.3559577677224735,1.7190648683881904,1779857238402394400,2716
coldstart_padim_real_iad_eraser_gaussian_noise_s3,C:\Users\Usuario\Desktop\Thesis\Pipeline\Real-time-visual-defect-detection\data\outputs\Experiment 5\coldstart_padim_real_iad_eraser_gaussian_noise_s3,padim,eraser,NVIDIA RTX PRO 6000 Blackwell Server Edition,gaussian_noise,3,0.568059316909,0.7160413707072051,0.8548387096774194,0.2034548944337812,0.3286821705426356,1.7411064698687626,1779857243348662800,2711
coldstart_padim_real_iad_eraser_motion_blur_s1,C:\Users\Usuario\Desktop\Thesis\Pipeline\Real-time-visual-defect-detection\data\outputs\Experiment 5\coldstart_padim_real_iad_eraser_motion_blur_s1,padim,eraser,Tesla T4,motion_blur,1,0.6695794089868565,0.8171588847806944,0.8818509738354728,0.1037282430569909,0.1819490980670944,40.284338516157305,1779859223967123500,2657
coldstart_padim_real_iad_eraser_motion_blur_s2,C:\Users\Usuario\Desktop\Thesis\Pipeline\Real-time-visual-defect-detection\data\outputs\Experiment 5\coldstart_padim_real_iad_eraser_motion_blur_s2,padim,eraser,Tesla T4,motion_blur,2,0.6702024113747872,0.8191546353884995,0.8162626749983548,0.1009115606937368,0.1727248186338411,40.79279739992822,1779859223975201500,2652
coldstart_padim_real_iad_eraser_motion_blur_s3,C:\Users\Usuario\Desktop\Thesis\Pipeline\Real-time-visual-defect-detection\data\outputs\Experiment 5\coldstart_padim_real_iad_eraser_motion_blur_s3,padim,eraser,Tesla T4,motion_blur,3,0.6677340940054239,0.8071940372644454,0.8657845333378127,0.0759914010004646,0.1387035742920373,38.8709972093038,1779859223981252800,2670
coldstart_padim_real_iad_eraser_shot_noise_s1,C:\Users\Usuario\Desktop\Thesis\Pipeline\Real-time-visual-defect-detection\data\outputs\Experiment 5\coldstart_padim_real_iad_eraser_shot_noise_s1,padim,eraser,Tesla T4,shot_noise,1,0.6963467834272878,0.8204244225113839,0.9002159982332428,0.0687554679843329,0.1274712068363682,19.16494611654157,1779859224590205600,2732
coldstart_padim_real_iad_eraser_shot_noise_s2,C:\Users\Usuario\Desktop\Thesis\Pipeline\Real-time-visual-defect-detection\data\outputs\Experiment 5\coldstart_padim_real_iad_eraser_shot_noise_s2,padim,eraser,Tesla T4,shot_noise,2,0.7257513934031591,0.843024695717755,0.8290222927530247,0.0704727173388671,0.1286862408586085,19.764706187863844,1779859224597200200,2745
coldstart_padim_real_iad_eraser_shot_noise_s3,C:\Users\Usuario\Desktop\Thesis\Pipeline\Real-time-visual-defect-detection\data\outputs\Experiment 5\coldstart_padim_real_iad_eraser_shot_noise_s3,padim,eraser,Tesla T4,shot_noise,3,0.6865445097916594,0.8367078185614674,0.5444739829365493,0.0365365410764679,0.0648563312370668,18.92858419437833,1779859224604585800,2748
coldstart_padim_real_iad_fire_hood_gaussian_noise_s1,C:\Users\Usuario\Desktop\Thesis\Pipeline\Real-time-visual-defect-detection\data\outputs\Experiment 5\coldstart_padim_real_iad_fire_hood_gaussian_noise_s1,padim,fire_hood,NVIDIA RTX PRO 6000 Blackwell Server Edition,gaussian_noise,1,0.7683976691451775,0.8643480653053679,0.9636363636363636,0.3154761904761904,0.4753363228699551,1.7645516757748618,1779857242160489600,2722
coldstart_padim_real_iad_fire_hood_gaussian_noise_s2,C:\Users\Usuario\Desktop\Thesis\Pipeline\Real-time-visual-defect-detection\data\outputs\Experiment 5\coldstart_padim_real_iad_fire_hood_gaussian_noise_s2,padim,fire_hood,NVIDIA RTX PRO 6000 Blackwell Server Edition,gaussian_noise,2,0.7710146073933449,0.8686392623251411,0.9727891156462584,0.2837301587301587,0.4393241167434716,1.7629849813675489,1779857239965182600,2717
coldstart_padim_real_iad_fire_hood_gaussian_noise_s3,C:\Users\Usuario\Desktop\Thesis\Pipeline\Real-time-visual-defect-detection\data\outputs\Experiment 5\coldstart_padim_real_iad_fire_hood_gaussian_noise_s3,padim,fire_hood,NVIDIA RTX PRO 6000 Blackwell Server Edition,gaussian_noise,3,0.7593141907925962,0.8652772241808216,0.9668874172185432,0.2896825396825397,0.4458015267175573,1.7351748819830548,1779857247691889500,2721
coldstart_padim_real_iad_fire_hood_motion_blur_s1,C:\Users\Usuario\Desktop\Thesis\Pipeline\Real-time-visual-defect-detection\data\outputs\Experiment 5\coldstart_padim_real_iad_fire_hood_motion_blur_s1,padim,fire_hood,Tesla T4,motion_blur,1,0.7314562385532567,0.8766723116525518,0.999,0.2811850568636782,0.4391488919804137,42.07904972237282,1779859223988291100,2636
coldstart_padim_real_iad_fire_hood_motion_blur_s2,C:\Users\Usuario\Desktop\Thesis\Pipeline\Real-time-visual-defect-detection\data\outputs\Experiment 5\coldstart_padim_real_iad_fire_hood_motion_blur_s2,padim,fire_hood,Tesla T4,motion_blur,2,0.7450119617195244,0.8947295671607348,0.9975251446171912,0.2516668472250427,0.3986782336757493,40.581399459847226,1779859223994293400,2637
coldstart_padim_real_iad_fire_hood_motion_blur_s3,C:\Users\Usuario\Desktop\Thesis\Pipeline\Real-time-visual-defect-detection\data\outputs\Experiment 5\coldstart_padim_real_iad_fire_hood_motion_blur_s3,padim,fire_hood,Tesla T4,motion_blur,3,0.7378760692100761,0.8788945946020377,0.990504521322515,0.2668039471745314,0.4153962181547307,40.631291425219565,1779859224001023900,2665
coldstart_padim_real_iad_fire_hood_shot_noise_s1,C:\Users\Usuario\Desktop\Thesis\Pipeline\Real-time-visual-defect-detection\data\outputs\Experiment 5\coldstart_padim_real_iad_fire_hood_shot_noise_s1,padim,fire_hood,Tesla T4,shot_noise,1,0.7405511989449506,0.8940804255114461,0.9945027351280088,0.3566926796647279,0.5204569872766721,20.737958209139176,1779859224610583800,2725
coldstart_padim_real_iad_fire_hood_shot_noise_s2,C:\Users\Usuario\Desktop\Thesis\Pipeline\Real-time-visual-defect-detection\data\outputs\Experiment 5\coldstart_padim_real_iad_fire_hood_shot_noise_s2,padim,fire_hood,Tesla T4,shot_noise,2,0.7623160117451214,0.902990339409824,0.999,0.3143459058889164,0.4790929957534405,20.60115218443335,1779859224615927300,2708
coldstart_padim_real_iad_fire_hood_shot_noise_s3,C:\Users\Usuario\Desktop\Thesis\Pipeline\Real-time-visual-defect-detection\data\outputs\Experiment 5\coldstart_padim_real_iad_fire_hood_shot_noise_s3,padim,fire_hood,Tesla T4,shot_noise,3,0.758476590085956,0.8871143197254621,0.999,0.346259725138244,0.5151555352157784,20.1264735590113,1779859224623435500,2725
coldstart_padim_real_iad_mint_gaussian_noise_s1,C:\Users\Usuario\Desktop\Thesis\Pipeline\Real-time-visual-defect-detection\data\outputs\Experiment 5\coldstart_padim_real_iad_mint_gaussian_noise_s1,padim,mint,NVIDIA RTX PRO 6000 Blackwell Server Edition,gaussian_noise,1,0.3193044406577839,0.7993127457179438,0.8441558441558441,0.0894085281980742,0.1616915422885572,1.7487839001174796,1779857246218703100,2709
coldstart_padim_real_iad_mint_gaussian_noise_s2,C:\Users\Usuario\Desktop\Thesis\Pipeline\Real-time-visual-defect-detection\data\outputs\Experiment 5\coldstart_padim_real_iad_mint_gaussian_noise_s2,padim,mint,NVIDIA RTX PRO 6000 Blackwell Server Edition,gaussian_noise,2,0.3178160093617196,0.797136861511428,0.8375,0.0921595598349381,0.1660470879801735,1.7176912764251802,1779857242807949300,2695
coldstart_padim_real_iad_mint_gaussian_noise_s3,C:\Users\Usuario\Desktop\Thesis\Pipeline\Real-time-visual-defect-detection\data\outputs\Experiment 5\coldstart_padim_real_iad_mint_gaussian_noise_s3,padim,mint,NVIDIA RTX PRO 6000 Blackwell Server Edition,gaussian_noise,3,0.3343735244000082,0.8017230162714368,0.8043478260869565,0.1017881705639614,0.1807081807081807,1.7588590929195131,1779857246936498900,2709
coldstart_padim_real_iad_mint_motion_blur_s1,C:\Users\Usuario\Desktop\Thesis\Pipeline\Real-time-visual-defect-detection\data\outputs\Experiment 5\coldstart_padim_real_iad_mint_motion_blur_s1,padim,mint,Tesla T4,motion_blur,1,0.3364943461462481,0.908404502766907,0.9616689567596562,0.0778331188328312,0.1435267307232959,41.784826412749226,1779859224007091200,2653
coldstart_padim_real_iad_mint_motion_blur_s2,C:\Users\Usuario\Desktop\Thesis\Pipeline\Real-time-visual-defect-detection\data\outputs\Experiment 5\coldstart_padim_real_iad_mint_motion_blur_s2,padim,mint,Tesla T4,motion_blur,2,0.301039423294845,0.9003840774030553,0.9613556329322492,0.0730987110740931,0.1366951109964073,41.304960372816765,1779859224014084200,2656
coldstart_padim_real_iad_mint_motion_blur_s3,C:\Users\Usuario\Desktop\Thesis\Pipeline\Real-time-visual-defect-detection\data\outputs\Experiment 5\coldstart_padim_real_iad_mint_motion_blur_s3,padim,mint,Tesla T4,motion_blur,3,0.3182237216551495,0.8888935258974595,0.956305238786652,0.0697707363434258,0.1305839930971776,41.30149029110752,1779859224017085900,2665
coldstart_padim_real_iad_mint_shot_noise_s1,C:\Users\Usuario\Desktop\Thesis\Pipeline\Real-time-visual-defect-detection\data\outputs\Experiment 5\coldstart_padim_real_iad_mint_shot_noise_s1,padim,mint,Tesla T4,shot_noise,1,0.2945496184073056,0.8853997620680875,0.9619520306966736,0.057300823765582,0.1111483429930625,19.9104012932242,1779859224629511300,2732
coldstart_padim_real_iad_mint_shot_noise_s2,C:\Users\Usuario\Desktop\Thesis\Pipeline\Real-time-visual-defect-detection\data\outputs\Experiment 5\coldstart_padim_real_iad_mint_shot_noise_s2,padim,mint,Tesla T4,shot_noise,2,0.2980315445333854,0.8870475858315,0.9689958094788188,0.0735573128395549,0.1382479476961275,19.28474271382542,1779859224637874300,2745
coldstart_padim_real_iad_mint_shot_noise_s3,C:\Users\Usuario\Desktop\Thesis\Pipeline\Real-time-visual-defect-detection\data\outputs\Experiment 5\coldstart_padim_real_iad_mint_shot_noise_s3,padim,mint,Tesla T4,shot_noise,3,0.3198512872773828,0.9039811621139564,0.9706383457774932,0.0520305588215419,0.1018225871379694,20.33111692205544,1779859224645871000,2745
coldstart_padim_real_iad_mounts_gaussian_noise_s1,C:\Users\Usuario\Desktop\Thesis\Pipeline\Real-time-visual-defect-detection\data\outputs\Experiment 5\coldstart_padim_real_iad_mounts_gaussian_noise_s1,padim,mounts,NVIDIA RTX PRO 6000 Blackwell Server Edition,gaussian_noise,1,0.7253074501436623,0.8384627234683881,0.7975308641975308,0.6320939334637965,0.7052401746724891,1.746350575304006,1779857247167245900,2711
coldstart_padim_real_iad_mounts_gaussian_noise_s2,C:\Users\Usuario\Desktop\Thesis\Pipeline\Real-time-visual-defect-detection\data\outputs\Experiment 5\coldstart_padim_real_iad_mounts_gaussian_noise_s2,padim,mounts,NVIDIA RTX PRO 6000 Blackwell Server Edition,gaussian_noise,2,0.6711608820006676,0.8175845208455638,0.9090909090909092,0.3522504892367906,0.5077574047954867,1.7224987358017811,1779857243107623600,2712
coldstart_padim_real_iad_mounts_gaussian_noise_s3,C:\Users\Usuario\Desktop\Thesis\Pipeline\Real-time-visual-defect-detection\data\outputs\Experiment 5\coldstart_padim_real_iad_mounts_gaussian_noise_s3,padim,mounts,NVIDIA RTX PRO 6000 Blackwell Server Edition,gaussian_noise,3,0.636246719331889,0.7946331634441027,0.9838709677419356,0.2387475538160469,0.384251968503937,1.7247140740720832,1779857247412323200,2714
coldstart_padim_real_iad_mounts_motion_blur_s1,C:\Users\Usuario\Desktop\Thesis\Pipeline\Real-time-visual-defect-detection\data\outputs\Experiment 5\coldstart_padim_real_iad_mounts_motion_blur_s1,padim,mounts,Tesla T4,motion_blur,1,0.6858204059474119,0.851266947897534,0.9092389413734429,0.3179617992555111,0.4555313800417602,40.07685494638384,1779859224017085900,2651
coldstart_padim_real_iad_mounts_motion_blur_s2,C:\Users\Usuario\Desktop\Thesis\Pipeline\Real-time-visual-defect-detection\data\outputs\Experiment 5\coldstart_padim_real_iad_mounts_motion_blur_s2,padim,mounts,Tesla T4,motion_blur,2,0.6818867673837133,0.8613475144776761,0.9728971821335664,0.2425324288982402,0.3887878762275514,39.37069036842965,1779859224035261200,2637
coldstart_padim_real_iad_mounts_motion_blur_s3,C:\Users\Usuario\Desktop\Thesis\Pipeline\Real-time-visual-defect-detection\data\outputs\Experiment 5\coldstart_padim_real_iad_mounts_motion_blur_s3,padim,mounts,Tesla T4,motion_blur,3,0.6558035497861712,0.8404581364614585,0.9144304592868662,0.2056878402790976,0.3431575341531742,39.60269956393604,1779859224040260500,2638
coldstart_padim_real_iad_mounts_shot_noise_s1,C:\Users\Usuario\Desktop\Thesis\Pipeline\Real-time-visual-defect-detection\data\outputs\Experiment 5\coldstart_padim_real_iad_mounts_shot_noise_s1,padim,mounts,Tesla T4,shot_noise,1,0.6881418380365997,0.8432932226067043,0.8954085454678223,0.3138115929044894,0.4554671903612113,20.52985088705974,1779859224652678000,2740
coldstart_padim_real_iad_mounts_shot_noise_s2,C:\Users\Usuario\Desktop\Thesis\Pipeline\Real-time-visual-defect-detection\data\outputs\Experiment 5\coldstart_padim_real_iad_mounts_shot_noise_s2,padim,mounts,Tesla T4,shot_noise,2,0.6713756550933876,0.8529486126658861,0.9835069743055116,0.2514073686532961,0.3954343382639224,19.889950816328103,1779859224658674800,2751
coldstart_padim_real_iad_mounts_shot_noise_s3,C:\Users\Usuario\Desktop\Thesis\Pipeline\Real-time-visual-defect-detection\data\outputs\Experiment 5\coldstart_padim_real_iad_mounts_shot_noise_s3,padim,mounts,Tesla T4,shot_noise,3,0.6660110237205513,0.8261581008277518,0.6146764979894799,0.2029821514709563,0.3048630875092866,20.7283286150262,1779859224667166000,2710
coldstart_padim_real_iad_pcb_gaussian_noise_s1,C:\Users\Usuario\Desktop\Thesis\Pipeline\Real-time-visual-defect-detection\data\outputs\Experiment 5\coldstart_padim_real_iad_pcb_gaussian_noise_s1,padim,pcb,NVIDIA RTX PRO 6000 Blackwell Server Edition,gaussian_noise,1,0.5828667600930687,0.6467254968033892,0.6595744680851063,0.4263261296660118,0.5178997613365156,1.7376247369072852,1779857239369014200,2709
coldstart_padim_real_iad_pcb_gaussian_noise_s2,C:\Users\Usuario\Desktop\Thesis\Pipeline\Real-time-visual-defect-detection\data\outputs\Experiment 5\coldstart_padim_real_iad_pcb_gaussian_noise_s2,padim,pcb,NVIDIA RTX PRO 6000 Blackwell Server Edition,gaussian_noise,2,0.5702273748298543,0.6408262793110062,0.6957446808510638,0.6424361493123772,0.6680286006128703,1.7186931571079205,1779857246503396600,2710
coldstart_padim_real_iad_pcb_gaussian_noise_s3,C:\Users\Usuario\Desktop\Thesis\Pipeline\Real-time-visual-defect-detection\data\outputs\Experiment 5\coldstart_padim_real_iad_pcb_gaussian_noise_s3,padim,pcb,NVIDIA RTX PRO 6000 Blackwell Server Edition,gaussian_noise,3,0.5447139207574245,0.6343754898427105,0.6793893129770993,0.5245579567779961,0.5920177383592017,1.7279784601068198,1779857237356760600,2708
coldstart_padim_real_iad_pcb_motion_blur_s1,C:\Users\Usuario\Desktop\Thesis\Pipeline\Real-time-visual-defect-detection\data\outputs\Experiment 5\coldstart_padim_real_iad_pcb_motion_blur_s1,padim,pcb,Tesla T4,motion_blur,1,0.6711283778293243,0.7873938284140073,0.9208689485511116,0.1111184651153905,0.1799949185584529,40.45253524621194,1779859224045261500,2633
coldstart_padim_real_iad_pcb_motion_blur_s2,C:\Users\Usuario\Desktop\Thesis\Pipeline\Real-time-visual-defect-detection\data\outputs\Experiment 5\coldstart_padim_real_iad_pcb_motion_blur_s2,padim,pcb,Tesla T4,motion_blur,2,0.6624303034691257,0.7851255956105843,0.9465331943711568,0.1544620961765091,0.2354371363070162,40.76985773948319,1779859224051013000,2647
coldstart_padim_real_iad_pcb_motion_blur_s3,C:\Users\Usuario\Desktop\Thesis\Pipeline\Real-time-visual-defect-detection\data\outputs\Experiment 5\coldstart_padim_real_iad_pcb_motion_blur_s3,padim,pcb,Tesla T4,motion_blur,3,0.5979775633434619,0.7532665810056224,0.9634953313962143,0.1167934078760616,0.1882371397503658,40.55890814262519,1779859224058093600,2663
coldstart_padim_real_iad_pcb_shot_noise_s1,C:\Users\Usuario\Desktop\Thesis\Pipeline\Real-time-visual-defect-detection\data\outputs\Experiment 5\coldstart_padim_real_iad_pcb_shot_noise_s1,padim,pcb,Tesla T4,shot_noise,1,0.6992176103285914,0.78722301838568,0.9661569061565252,0.1243164082131811,0.2025271242022042,19.61440351310099,1779859224676210300,2727
coldstart_padim_real_iad_pcb_shot_noise_s2,C:\Users\Usuario\Desktop\Thesis\Pipeline\Real-time-visual-defect-detection\data\outputs\Experiment 5\coldstart_padim_real_iad_pcb_shot_noise_s2,padim,pcb,Tesla T4,shot_noise,2,0.6669381958949304,0.7782336970435888,0.964590368406094,0.1956871073791158,0.2936244071104291,20.826149504436632,1779859224684744600,2747
coldstart_padim_real_iad_pcb_shot_noise_s3,C:\Users\Usuario\Desktop\Thesis\Pipeline\Real-time-visual-defect-detection\data\outputs\Experiment 5\coldstart_padim_real_iad_pcb_shot_noise_s3,padim,pcb,Tesla T4,shot_noise,3,0.6515533859060226,0.7730007751264565,0.999,0.1306551971217507,0.2102267314358926,20.10752620966999,1779859224695398000,2729
coldstart_padim_real_iad_phone_battery_gaussian_noise_s1,C:\Users\Usuario\Desktop\Thesis\Pipeline\Real-time-visual-defect-detection\data\outputs\Experiment 5\coldstart_padim_real_iad_phone_battery_gaussian_noise_s1,padim,phone_battery,NVIDIA RTX PRO 6000 Blackwell Server Edition,gaussian_noise,1,0.6800308930975799,0.8067948794515105,1.0,0.0406189555125725,0.0780669144981412,1.7268323099989402,1779857245839634100,2700
coldstart_padim_real_iad_phone_battery_gaussian_noise_s2,C:\Users\Usuario\Desktop\Thesis\Pipeline\Real-time-visual-defect-detection\data\outputs\Experiment 5\coldstart_padim_real_iad_phone_battery_gaussian_noise_s2,padim,phone_battery,NVIDIA RTX PRO 6000 Blackwell Server Edition,gaussian_noise,2,0.6783973863892667,0.8043079566756497,1.0,0.0425531914893617,0.0816326530612244,1.72648412374258,1779857245166163100,2700
coldstart_padim_real_iad_phone_battery_gaussian_noise_s3,C:\Users\Usuario\Desktop\Thesis\Pipeline\Real-time-visual-defect-detection\data\outputs\Experiment 5\coldstart_padim_real_iad_phone_battery_gaussian_noise_s3,padim,phone_battery,NVIDIA RTX PRO 6000 Blackwell Server Edition,gaussian_noise,3,0.6878293498096519,0.8073597771779177,1.0,0.0290135396518375,0.056390977443609,1.7327331212550234,1779857240830718300,2702
coldstart_padim_real_iad_phone_battery_motion_blur_s1,C:\Users\Usuario\Desktop\Thesis\Pipeline\Real-time-visual-defect-detection\data\outputs\Experiment 5\coldstart_padim_real_iad_phone_battery_motion_blur_s1,padim,phone_battery,Tesla T4,motion_blur,1,0.6215018307012123,0.8305100275325334,0.999,0.0099493013406973,0.0227364391677205,40.58111947493964,1779859224063100400,2619
coldstart_padim_real_iad_phone_battery_motion_blur_s2,C:\Users\Usuario\Desktop\Thesis\Pipeline\Real-time-visual-defect-detection\data\outputs\Experiment 5\coldstart_padim_real_iad_phone_battery_motion_blur_s2,padim,phone_battery,Tesla T4,motion_blur,2,0.5842114920139527,0.8212443241931546,0.999,0.0099397105783992,0.023112691684879,40.93725813362126,1779859224069139000,2625
coldstart_padim_real_iad_phone_battery_motion_blur_s3,C:\Users\Usuario\Desktop\Thesis\Pipeline\Real-time-visual-defect-detection\data\outputs\Experiment 5\coldstart_padim_real_iad_phone_battery_motion_blur_s3,padim,phone_battery,Tesla T4,motion_blur,3,0.5418060788939673,0.7935993603968245,0.999,0.001,0.0016383555645723,40.86935531425456,1779859224069139000,2626
coldstart_padim_real_iad_phone_battery_shot_noise_s1,C:\Users\Usuario\Desktop\Thesis\Pipeline\Real-time-visual-defect-detection\data\outputs\Experiment 5\coldstart_padim_real_iad_phone_battery_shot_noise_s1,padim,phone_battery,Tesla T4,shot_noise,1,0.6240213620394998,0.8265417123506622,0.9713491078532372,0.001,0.0025838869831482,20.773695854569247,1779859224710036800,2710
coldstart_padim_real_iad_phone_battery_shot_noise_s2,C:\Users\Usuario\Desktop\Thesis\Pipeline\Real-time-visual-defect-detection\data\outputs\Experiment 5\coldstart_padim_real_iad_phone_battery_shot_noise_s2,padim,phone_battery,Tesla T4,shot_noise,2,0.6192599955225462,0.8233405192407179,0.999,0.0030865017843652,0.0110950337593498,20.781629756808226,1779859224722787500,2724
coldstart_padim_real_iad_phone_battery_shot_noise_s3,C:\Users\Usuario\Desktop\Thesis\Pipeline\Real-time-visual-defect-detection\data\outputs\Experiment 5\coldstart_padim_real_iad_phone_battery_shot_noise_s3,padim,phone_battery,Tesla T4,shot_noise,3,0.5983284744300985,0.8199749039692757,0.7813896148749275,0.001,0.0016352875643959,20.027538347072163,1779859224732677300,2717
coldstart_padim_real_iad_plastic_nut_gaussian_noise_s1,C:\Users\Usuario\Desktop\Thesis\Pipeline\Real-time-visual-defect-detection\data\outputs\Experiment 5\coldstart_padim_real_iad_plastic_nut_gaussian_noise_s1,padim,plastic_nut,NVIDIA RTX PRO 6000 Blackwell Server Edition,gaussian_noise,1,0.586682119205298,0.6576417581007796,0.6790123456790124,0.66,0.6693711967545639,1.7004983952464547,1779857242268735100,2706
coldstart_padim_real_iad_plastic_nut_gaussian_noise_s2,C:\Users\Usuario\Desktop\Thesis\Pipeline\Real-time-visual-defect-detection\data\outputs\Experiment 5\coldstart_padim_real_iad_plastic_nut_gaussian_noise_s2,padim,plastic_nut,NVIDIA RTX PRO 6000 Blackwell Server Edition,gaussian_noise,2,0.5948079470198676,0.657098910851552,0.7096774193548387,0.748,0.7283349561830575,1.727245882779824,1779857246716223400,2709
coldstart_padim_real_iad_plastic_nut_gaussian_noise_s3,C:\Users\Usuario\Desktop\Thesis\Pipeline\Real-time-visual-defect-detection\data\outputs\Experiment 5\coldstart_padim_real_iad_plastic_nut_gaussian_noise_s3,padim,plastic_nut,NVIDIA RTX PRO 6000 Blackwell Server Edition,gaussian_noise,3,0.6029006622516555,0.6694962066811507,0.7100591715976331,0.72,0.7149950347567031,1.708087127183619,1779857240966650700,2708
coldstart_padim_real_iad_plastic_nut_motion_blur_s1,C:\Users\Usuario\Desktop\Thesis\Pipeline\Real-time-visual-defect-detection\data\outputs\Experiment 5\coldstart_padim_real_iad_plastic_nut_motion_blur_s1,padim,plastic_nut,Tesla T4,motion_blur,1,0.470705429594933,0.676700291001883,0.8031580596385142,0.2071509525751768,0.2983281802323839,41.07012341271463,1779859224083042400,2651
coldstart_padim_real_iad_plastic_nut_motion_blur_s2,C:\Users\Usuario\Desktop\Thesis\Pipeline\Real-time-visual-defect-detection\data\outputs\Experiment 5\coldstart_padim_real_iad_plastic_nut_motion_blur_s2,padim,plastic_nut,Tesla T4,motion_blur,2,0.4377575088333997,0.6560800181757722,0.8237114949546033,0.2174943635061522,0.307850034974367,41.1318833951797,1779859224088237900,2646
coldstart_padim_real_iad_plastic_nut_motion_blur_s3,C:\Users\Usuario\Desktop\Thesis\Pipeline\Real-time-visual-defect-detection\data\outputs\Experiment 5\coldstart_padim_real_iad_plastic_nut_motion_blur_s3,padim,plastic_nut,Tesla T4,motion_blur,3,0.4325457161356476,0.663910175145776,0.8779989465831509,0.1681249587933783,0.2513371045233623,39.82071261105901,1779859224094241500,2662
coldstart_padim_real_iad_plastic_nut_shot_noise_s1,C:\Users\Usuario\Desktop\Thesis\Pipeline\Real-time-visual-defect-detection\data\outputs\Experiment 5\coldstart_padim_real_iad_plastic_nut_shot_noise_s1,padim,plastic_nut,Tesla T4,shot_noise,1,0.454139668089362,0.6705047976797972,0.7568499923842876,0.1933357689004714,0.2801655269136044,20.003203966366502,1779859224742962400,2732
coldstart_padim_real_iad_plastic_nut_shot_noise_s2,C:\Users\Usuario\Desktop\Thesis\Pipeline\Real-time-visual-defect-detection\data\outputs\Experiment 5\coldstart_padim_real_iad_plastic_nut_shot_noise_s2,padim,plastic_nut,Tesla T4,shot_noise,2,0.4652447506902812,0.6814384794941323,0.8381676333718096,0.2093216204416398,0.3067144699899016,21.206552028162815,1779859224751343100,2749
coldstart_padim_real_iad_plastic_nut_shot_noise_s3,C:\Users\Usuario\Desktop\Thesis\Pipeline\Real-time-visual-defect-detection\data\outputs\Experiment 5\coldstart_padim_real_iad_plastic_nut_shot_noise_s3,padim,plastic_nut,Tesla T4,shot_noise,3,0.5033300856560535,0.6938728839081693,0.9085657313351232,0.1539775123359685,0.233269809127735,19.68362776928438,1779859224762770600,2736
coldstart_padim_real_iad_plastic_plug_gaussian_noise_s1,C:\Users\Usuario\Desktop\Thesis\Pipeline\Real-time-visual-defect-detection\data\outputs\Experiment 5\coldstart_padim_real_iad_plastic_plug_gaussian_noise_s1,padim,plastic_plug,NVIDIA RTX PRO 6000 Blackwell Server Edition,gaussian_noise,1,0.7113727899515325,0.7950586532240331,0.8076923076923077,0.367704280155642,0.5053475935828877,1.7322102853660375,1779857244120000100,2725
coldstart_padim_real_iad_plastic_plug_gaussian_noise_s2,C:\Users\Usuario\Desktop\Thesis\Pipeline\Real-time-visual-defect-detection\data\outputs\Experiment 5\coldstart_padim_real_iad_plastic_plug_gaussian_noise_s2,padim,plastic_plug,NVIDIA RTX PRO 6000 Blackwell Server Edition,gaussian_noise,2,0.6846952010376135,0.7818940256542077,0.8155339805825242,0.3268482490272373,0.4666666666666666,1.7598682277887374,1779857238927113100,2723
coldstart_padim_real_iad_plastic_plug_gaussian_noise_s3,C:\Users\Usuario\Desktop\Thesis\Pipeline\Real-time-visual-defect-detection\data\outputs\Experiment 5\coldstart_padim_real_iad_plastic_plug_gaussian_noise_s3,padim,plastic_plug,NVIDIA RTX PRO 6000 Blackwell Server Edition,gaussian_noise,3,0.6301180967984162,0.7549073308986054,0.8028169014084507,0.3326848249027237,0.4704264099037139,1.7864348110202637,1779857240288548400,2724
coldstart_padim_real_iad_plastic_plug_motion_blur_s1,C:\Users\Usuario\Desktop\Thesis\Pipeline\Real-time-visual-defect-detection\data\outputs\Experiment 5\coldstart_padim_real_iad_plastic_plug_motion_blur_s1,padim,plastic_plug,Tesla T4,motion_blur,1,0.6841436066161934,0.8378223815215348,0.8405791913199678,0.2008984655216572,0.3157574265684093,40.44466443472129,1779859224101021300,2645
coldstart_padim_real_iad_plastic_plug_motion_blur_s2,C:\Users\Usuario\Desktop\Thesis\Pipeline\Real-time-visual-defect-detection\data\outputs\Experiment 5\coldstart_padim_real_iad_plastic_plug_motion_blur_s2,padim,plastic_plug,Tesla T4,motion_blur,2,0.6810059655738779,0.8193997941516278,0.8594203901956722,0.179560490617167,0.2913690778790901,41.53609659317698,1779859224107097200,2636
coldstart_padim_real_iad_plastic_plug_motion_blur_s3,C:\Users\Usuario\Desktop\Thesis\Pipeline\Real-time-visual-defect-detection\data\outputs\Experiment 5\coldstart_padim_real_iad_plastic_plug_motion_blur_s3,padim,plastic_plug,Tesla T4,motion_blur,3,0.6526911155444518,0.8250024804451049,0.8601234056185604,0.1791892204975729,0.29251667309799,39.61812868439011,1779859224113100100,2655
coldstart_padim_real_iad_plastic_plug_shot_noise_s1,C:\Users\Usuario\Desktop\Thesis\Pipeline\Real-time-visual-defect-detection\data\outputs\Experiment 5\coldstart_padim_real_iad_plastic_plug_shot_noise_s1,padim,plastic_plug,Tesla T4,shot_noise,1,0.700037184617791,0.8190047693555392,0.7829303252070912,0.1713538922515309,0.2747928793703719,20.512234952979128,1779859224777133000,2728
coldstart_padim_real_iad_plastic_plug_shot_noise_s2,C:\Users\Usuario\Desktop\Thesis\Pipeline\Real-time-visual-defect-detection\data\outputs\Experiment 5\coldstart_padim_real_iad_plastic_plug_shot_noise_s2,padim,plastic_plug,Tesla T4,shot_noise,2,0.6703405568353826,0.8278672045583747,0.7948207097154825,0.1728534097704422,0.2864257143384278,20.13106183720237,1779859224787963400,2750
coldstart_padim_real_iad_plastic_plug_shot_noise_s3,C:\Users\Usuario\Desktop\Thesis\Pipeline\Real-time-visual-defect-detection\data\outputs\Experiment 5\coldstart_padim_real_iad_plastic_plug_shot_noise_s3,padim,plastic_plug,Tesla T4,shot_noise,3,0.6319013812979076,0.7974734225167049,0.8575229058786853,0.1525413772899036,0.2605689900607102,20.681244580245988,1779859224795966400,2754
coldstart_padim_real_iad_porcelain_doll_gaussian_noise_s1,C:\Users\Usuario\Desktop\Thesis\Pipeline\Real-time-visual-defect-detection\data\outputs\Experiment 5\coldstart_padim_real_iad_porcelain_doll_gaussian_noise_s1,padim,porcelain_doll,NVIDIA RTX PRO 6000 Blackwell Server Edition,gaussian_noise,1,0.4941118576183608,0.6670063031458694,0.7068965517241379,0.1586073500967117,0.259083728278041,1.7410865325007308,1779857238543482500,2725
coldstart_padim_real_iad_porcelain_doll_gaussian_noise_s2,C:\Users\Usuario\Desktop\Thesis\Pipeline\Real-time-visual-defect-detection\data\outputs\Experiment 5\coldstart_padim_real_iad_porcelain_doll_gaussian_noise_s2,padim,porcelain_doll,NVIDIA RTX PRO 6000 Blackwell Server Edition,gaussian_noise,2,0.5009397789639877,0.6764665039243031,0.7789473684210526,0.1431334622823984,0.2418300653594771,1.691392246247574,1779857244977766700,2715
coldstart_padim_real_iad_porcelain_doll_gaussian_noise_s3,C:\Users\Usuario\Desktop\Thesis\Pipeline\Real-time-visual-defect-detection\data\outputs\Experiment 5\coldstart_padim_real_iad_porcelain_doll_gaussian_noise_s3,padim,porcelain_doll,NVIDIA RTX PRO 6000 Blackwell Server Edition,gaussian_noise,3,0.5173671152544921,0.6858646557170271,0.782608695652174,0.1392649903288201,0.2364532019704433,1.7029471062585344,1779857237489775400,2719
coldstart_padim_real_iad_porcelain_doll_motion_blur_s1,C:\Users\Usuario\Desktop\Thesis\Pipeline\Real-time-visual-defect-detection\data\outputs\Experiment 5\coldstart_padim_real_iad_porcelain_doll_motion_blur_s1,padim,porcelain_doll,Tesla T4,motion_blur,1,0.4481661488636372,0.7139089399845959,0.6995443840144006,0.0327206899808863,0.0612940420400334,41.408195970832445,1779859224124512900,2657
coldstart_padim_real_iad_porcelain_doll_motion_blur_s2,C:\Users\Usuario\Desktop\Thesis\Pipeline\Real-time-visual-defect-detection\data\outputs\Experiment 5\coldstart_padim_real_iad_porcelain_doll_motion_blur_s2,padim,porcelain_doll,Tesla T4,motion_blur,2,0.441679090152117,0.7052084605690722,0.7161866833993791,0.0321758157435741,0.0598916070840953,39.74261862237944,1779859224134137800,2657
coldstart_padim_real_iad_porcelain_doll_motion_blur_s3,C:\Users\Usuario\Desktop\Thesis\Pipeline\Real-time-visual-defect-detection\data\outputs\Experiment 5\coldstart_padim_real_iad_porcelain_doll_motion_blur_s3,padim,porcelain_doll,Tesla T4,motion_blur,3,0.4411010238319937,0.71339902328091,0.7078134479317049,0.0277154706327031,0.0527630239451611,40.16685954335408,1779859224140775700,2673
coldstart_padim_real_iad_porcelain_doll_shot_noise_s1,C:\Users\Usuario\Desktop\Thesis\Pipeline\Real-time-visual-defect-detection\data\outputs\Experiment 5\coldstart_padim_real_iad_porcelain_doll_shot_noise_s1,padim,porcelain_doll,Tesla T4,shot_noise,1,0.4612958680401703,0.7112216827041493,0.7004092778175303,0.0023074419091831,0.0079697076007724,19.813256930731136,1779859224804100000,2741
coldstart_padim_real_iad_porcelain_doll_shot_noise_s2,C:\Users\Usuario\Desktop\Thesis\Pipeline\Real-time-visual-defect-detection\data\outputs\Experiment 5\coldstart_padim_real_iad_porcelain_doll_shot_noise_s2,padim,porcelain_doll,Tesla T4,shot_noise,2,0.4677783067356405,0.708626817045671,0.7532428508290621,0.0105473941660846,0.02193085807175,20.868315614204672,1779859224810086700,2747
coldstart_padim_real_iad_porcelain_doll_shot_noise_s3,C:\Users\Usuario\Desktop\Thesis\Pipeline\Real-time-visual-defect-detection\data\outputs\Experiment 5\coldstart_padim_real_iad_porcelain_doll_shot_noise_s3,padim,porcelain_doll,Tesla T4,shot_noise,3,0.4903561003178956,0.7125691911240498,0.7065274746845487,0.0103576501651222,0.0226916794558928,19.843549495766556,1779859224816084700,2758
coldstart_padim_real_iad_regulator_gaussian_noise_s1,C:\Users\Usuario\Desktop\Thesis\Pipeline\Real-time-visual-defect-detection\data\outputs\Experiment 5\coldstart_padim_real_iad_regulator_gaussian_noise_s1,padim,regulator,NVIDIA RTX PRO 6000 Blackwell Server Edition,gaussian_noise,1,0.7275836354753273,0.8449779560528932,0.9576271186440678,0.4329501915708812,0.5963060686015832,1.7227365804917387,1779857241872760100,2719
coldstart_padim_real_iad_regulator_gaussian_noise_s2,C:\Users\Usuario\Desktop\Thesis\Pipeline\Real-time-visual-defect-detection\data\outputs\Experiment 5\coldstart_padim_real_iad_regulator_gaussian_noise_s2,padim,regulator,NVIDIA RTX PRO 6000 Blackwell Server Edition,gaussian_noise,2,0.6529352773277791,0.7909522309914289,0.9736842105263158,0.1417624521072797,0.2474916387959866,1.7202359109776852,1779857243518662400,2705
coldstart_padim_real_iad_regulator_gaussian_noise_s3,C:\Users\Usuario\Desktop\Thesis\Pipeline\Real-time-visual-defect-detection\data\outputs\Experiment 5\coldstart_padim_real_iad_regulator_gaussian_noise_s3,padim,regulator,NVIDIA RTX PRO 6000 Blackwell Server Edition,gaussian_noise,3,0.5509719972228652,0.6785999923237757,0.8,0.0076628352490421,0.0151802656546489,1.748151680492522,1779857237001818200,2688
coldstart_padim_real_iad_regulator_motion_blur_s1,C:\Users\Usuario\Desktop\Thesis\Pipeline\Real-time-visual-defect-detection\data\outputs\Experiment 5\coldstart_padim_real_iad_regulator_motion_blur_s1,padim,regulator,Tesla T4,motion_blur,1,0.7696139937768627,0.8866523982527457,0.999,0.5085097703499343,0.6682310844229883,40.2185872092758,1779859224145461800,2640
coldstart_padim_real_iad_regulator_motion_blur_s2,C:\Users\Usuario\Desktop\Thesis\Pipeline\Real-time-visual-defect-detection\data\outputs\Experiment 5\coldstart_padim_real_iad_regulator_motion_blur_s2,padim,regulator,Tesla T4,motion_blur,2,0.7458747659903807,0.8686736428197529,0.97563356002784,0.4386730268466411,0.6064784250211127,41.21220626420949,1779859224158719000,2637
coldstart_padim_real_iad_regulator_motion_blur_s3,C:\Users\Usuario\Desktop\Thesis\Pipeline\Real-time-visual-defect-detection\data\outputs\Experiment 5\coldstart_padim_real_iad_regulator_motion_blur_s3,padim,regulator,Tesla T4,motion_blur,3,0.6984517108534354,0.8471308633617478,0.9154561436287196,0.42002771041372,0.5604139383056475,41.33645896250449,1779859224165720000,2666
coldstart_padim_real_iad_regulator_shot_noise_s1,C:\Users\Usuario\Desktop\Thesis\Pipeline\Real-time-visual-defect-detection\data\outputs\Experiment 5\coldstart_padim_real_iad_regulator_shot_noise_s1,padim,regulator,Tesla T4,shot_noise,1,0.7646025658646755,0.8801004281911627,0.86863335823108,0.4878618539406344,0.6414716152505413,20.53180372978654,1779859224818217400,2737
coldstart_padim_real_iad_regulator_shot_noise_s2,C:\Users\Usuario\Desktop\Thesis\Pipeline\Real-time-visual-defect-detection\data\outputs\Experiment 5\coldstart_padim_real_iad_regulator_shot_noise_s2,padim,regulator,Tesla T4,shot_noise,2,0.7643843697589661,0.889961426351649,0.999,0.4274519585299754,0.5851113103269412,20.414515837395506,1779859224826914000,2734
coldstart_padim_real_iad_regulator_shot_noise_s3,C:\Users\Usuario\Desktop\Thesis\Pipeline\Real-time-visual-defect-detection\data\outputs\Experiment 5\coldstart_padim_real_iad_regulator_shot_noise_s3,padim,regulator,Tesla T4,shot_noise,3,0.7037947332917741,0.8366525696259303,0.9014673828744716,0.4075947360662768,0.5470262061999434,20.408299461613577,1779859224838677300,2744
coldstart_padim_real_iad_rolled_strip_base_gaussian_noise_s1,C:\Users\Usuario\Desktop\Thesis\Pipeline\Real-time-visual-defect-detection\data\outputs\Experiment 5\coldstart_padim_real_iad_rolled_strip_base_gaussian_noise_s1,padim,rolled_strip_base,NVIDIA RTX PRO 6000 Blackwell Server Edition,gaussian_noise,1,0.9689093665701852,0.9824782621169704,0.9372549019607844,0.9317738791423,0.9345063538611924,1.7289519765452297,1779857237631074000,2733
coldstart_padim_real_iad_rolled_strip_base_gaussian_noise_s2,C:\Users\Usuario\Desktop\Thesis\Pipeline\Real-time-visual-defect-detection\data\outputs\Experiment 5\coldstart_padim_real_iad_rolled_strip_base_gaussian_noise_s2,padim,rolled_strip_base,NVIDIA RTX PRO 6000 Blackwell Server Edition,gaussian_noise,2,0.9458522850335715,0.9729442927843568,0.934873949579832,0.8674463937621832,0.8998988877654196,1.715985666667755,1779857247926782200,2735
coldstart_padim_real_iad_rolled_strip_base_gaussian_noise_s3,C:\Users\Usuario\Desktop\Thesis\Pipeline\Real-time-visual-defect-detection\data\outputs\Experiment 5\coldstart_padim_real_iad_rolled_strip_base_gaussian_noise_s3,padim,rolled_strip_base,NVIDIA RTX PRO 6000 Blackwell Server Edition,gaussian_noise,3,0.9092746831538256,0.9556514819820048,0.9695431472081218,0.7446393762183235,0.8423373759647189,1.7228665691377107,1779857244488678400,2732
coldstart_padim_real_iad_rolled_strip_base_motion_blur_s1,C:\Users\Usuario\Desktop\Thesis\Pipeline\Real-time-visual-defect-detection\data\outputs\Experiment 5\coldstart_padim_real_iad_rolled_strip_base_motion_blur_s1,padim,rolled_strip_base,Tesla T4,motion_blur,1,0.9491404586546623,0.9886475472643196,0.9855629798237776,0.7554273699718065,0.8412596454308043,41.78418869068992,1779859224167980700,2661
coldstart_padim_real_iad_rolled_strip_base_motion_blur_s2,C:\Users\Usuario\Desktop\Thesis\Pipeline\Real-time-visual-defect-detection\data\outputs\Experiment 5\coldstart_padim_real_iad_rolled_strip_base_motion_blur_s2,padim,rolled_strip_base,Tesla T4,motion_blur,2,0.9361049573275956,0.9703557424785314,0.9739574708209536,0.7569128331427307,0.8499588412409007,41.34988175048313,1779859224179328500,2655
coldstart_padim_real_iad_rolled_strip_base_motion_blur_s3,C:\Users\Usuario\Desktop\Thesis\Pipeline\Real-time-visual-defect-detection\data\outputs\Experiment 5\coldstart_padim_real_iad_rolled_strip_base_motion_blur_s3,padim,rolled_strip_base,Tesla T4,motion_blur,3,0.9388814482042004,0.9604057359644672,0.9945463707635268,0.6883837877783607,0.8168352877467553,41.29505799681272,1779859224188725000,2675
coldstart_padim_real_iad_rolled_strip_base_shot_noise_s1,C:\Users\Usuario\Desktop\Thesis\Pipeline\Real-time-visual-defect-detection\data\outputs\Experiment 5\coldstart_padim_real_iad_rolled_strip_base_shot_noise_s1,padim,rolled_strip_base,Tesla T4,shot_noise,1,0.9346661224817312,0.9610454032724915,0.9746242358281548,0.7429324554626883,0.842460102322435,20.68448350356305,1779859224843677400,2743
coldstart_padim_real_iad_rolled_strip_base_shot_noise_s2,C:\Users\Usuario\Desktop\Thesis\Pipeline\Real-time-visual-defect-detection\data\outputs\Experiment 5\coldstart_padim_real_iad_rolled_strip_base_shot_noise_s2,padim,rolled_strip_base,Tesla T4,shot_noise,2,0.94867683020207,0.9618939163463656,0.9748312108299548,0.744849828133193,0.8446620050064101,20.38831862322317,1779859224848685300,2753
coldstart_padim_real_iad_rolled_strip_base_shot_noise_s3,C:\Users\Usuario\Desktop\Thesis\Pipeline\Real-time-visual-defect-detection\data\outputs\Experiment 5\coldstart_padim_real_iad_rolled_strip_base_shot_noise_s3,padim,rolled_strip_base,Tesla T4,shot_noise,3,0.8779383637168071,0.9323814798901712,0.999,0.6278079418764958,0.7621680846959645,20.829185856381564,1779859224856184400,2729
coldstart_padim_real_iad_sim_card_set_gaussian_noise_s1,C:\Users\Usuario\Desktop\Thesis\Pipeline\Real-time-visual-defect-detection\data\outputs\Experiment 5\coldstart_padim_real_iad_sim_card_set_gaussian_noise_s1,padim,sim_card_set,NVIDIA RTX PRO 6000 Blackwell Server Edition,gaussian_noise,1,0.7749233736722507,0.8237013854982135,0.8416666666666667,0.3976377952755905,0.5401069518716578,1.7479212196055232,1779857237768800100,2723
coldstart_padim_real_iad_sim_card_set_gaussian_noise_s2,C:\Users\Usuario\Desktop\Thesis\Pipeline\Real-time-visual-defect-detection\data\outputs\Experiment 5\coldstart_padim_real_iad_sim_card_set_gaussian_noise_s2,padim,sim_card_set,NVIDIA RTX PRO 6000 Blackwell Server Edition,gaussian_noise,2,0.7698832109073613,0.8236236536580798,0.8482490272373541,0.4291338582677165,0.5699346405228758,1.7537869454051944,1779857245702288100,2727
coldstart_padim_real_iad_sim_card_set_gaussian_noise_s3,C:\Users\Usuario\Desktop\Thesis\Pipeline\Real-time-visual-defect-detection\data\outputs\Experiment 5\coldstart_padim_real_iad_sim_card_set_gaussian_noise_s3,padim,sim_card_set,NVIDIA RTX PRO 6000 Blackwell Server Edition,gaussian_noise,3,0.7712704116683401,0.826907645374112,0.852589641434263,0.421259842519685,0.5638998682476943,1.7926297456637863,1779857239612291500,2722
coldstart_padim_real_iad_sim_card_set_motion_blur_s1,C:\Users\Usuario\Desktop\Thesis\Pipeline\Real-time-visual-defect-detection\data\outputs\Experiment 5\coldstart_padim_real_iad_sim_card_set_motion_blur_s1,padim,sim_card_set,Tesla T4,motion_blur,1,0.8488138642612533,0.90252574895444,0.9009515107276228,0.0772500449278497,0.1373928887556317,41.088484060883175,1779859224196719600,2641
coldstart_padim_real_iad_sim_card_set_motion_blur_s2,C:\Users\Usuario\Desktop\Thesis\Pipeline\Real-time-visual-defect-detection\data\outputs\Experiment 5\coldstart_padim_real_iad_sim_card_set_motion_blur_s2,padim,sim_card_set,Tesla T4,motion_blur,2,0.8324011849261368,0.8865124750002924,0.8887866881319402,0.0992403812746468,0.1663348069125267,40.54403405376285,1779859224203192900,2655
coldstart_padim_real_iad_sim_card_set_motion_blur_s3,C:\Users\Usuario\Desktop\Thesis\Pipeline\Real-time-visual-defect-detection\data\outputs\Experiment 5\coldstart_padim_real_iad_sim_card_set_motion_blur_s3,padim,sim_card_set,Tesla T4,motion_blur,3,0.8413282942434215,0.8975802119129654,0.8878368719875164,0.0858652872289943,0.1520990751532957,40.04340823258963,1779859224210190600,2674
coldstart_padim_real_iad_sim_card_set_shot_noise_s1,C:\Users\Usuario\Desktop\Thesis\Pipeline\Real-time-visual-defect-detection\data\outputs\Experiment 5\coldstart_padim_real_iad_sim_card_set_shot_noise_s1,padim,sim_card_set,Tesla T4,shot_noise,1,0.8178027640298757,0.8924134767236601,0.8893578771239293,0.0970032844818722,0.1640612334460101,20.03444546079809,1779859224863187200,2739
coldstart_padim_real_iad_sim_card_set_shot_noise_s2,C:\Users\Usuario\Desktop\Thesis\Pipeline\Real-time-visual-defect-detection\data\outputs\Experiment 5\coldstart_padim_real_iad_sim_card_set_shot_noise_s2,padim,sim_card_set,Tesla T4,shot_noise,2,0.8053589496173269,0.8759602914440392,0.8973330762071773,0.0927842505878924,0.1587114328881886,20.446631176712945,1779859224882079000,2749
coldstart_padim_real_iad_sim_card_set_shot_noise_s3,C:\Users\Usuario\Desktop\Thesis\Pipeline\Real-time-visual-defect-detection\data\outputs\Experiment 5\coldstart_padim_real_iad_sim_card_set_shot_noise_s3,padim,sim_card_set,Tesla T4,shot_noise,3,0.7376010638874988,0.8368082456546607,0.8719827822173203,0.0983733398168376,0.1646250908703926,20.90739030100992,1779859224891549800,2750
coldstart_padim_real_iad_switch_gaussian_noise_s1,C:\Users\Usuario\Desktop\Thesis\Pipeline\Real-time-visual-defect-detection\data\outputs\Experiment 5\coldstart_padim_real_iad_switch_gaussian_noise_s1,padim,switch,NVIDIA RTX PRO 6000 Blackwell Server Edition,gaussian_noise,1,0.6635307029142645,0.7922964477083324,0.9285714285714286,0.2509652509652509,0.3951367781155015,1.728967532102458,1779857242531790600,2712
coldstart_padim_real_iad_switch_gaussian_noise_s2,C:\Users\Usuario\Desktop\Thesis\Pipeline\Real-time-visual-defect-detection\data\outputs\Experiment 5\coldstart_padim_real_iad_switch_gaussian_noise_s2,padim,switch,NVIDIA RTX PRO 6000 Blackwell Server Edition,gaussian_noise,2,0.656509493838261,0.785407790625396,0.925925925925926,0.2413127413127413,0.3828483920367534,1.7152037333300856,1779857248051002600,2713
coldstart_padim_real_iad_switch_gaussian_noise_s3,C:\Users\Usuario\Desktop\Thesis\Pipeline\Real-time-visual-defect-detection\data\outputs\Experiment 5\coldstart_padim_real_iad_switch_gaussian_noise_s3,padim,switch,NVIDIA RTX PRO 6000 Blackwell Server Edition,gaussian_noise,3,0.6257999682657217,0.7645494191657178,0.8716216216216216,0.249034749034749,0.3873873873873874,1.7185855061715871,1779857238817193400,2713
coldstart_padim_real_iad_switch_motion_blur_s1,C:\Users\Usuario\Desktop\Thesis\Pipeline\Real-time-visual-defect-detection\data\outputs\Experiment 5\coldstart_padim_real_iad_switch_motion_blur_s1,padim,switch,Tesla T4,motion_blur,1,0.7754278327987336,0.887627437760467,0.9815167086026824,0.0459363032276831,0.0932802994850247,41.12425945346739,1779859224216194600,2651
coldstart_padim_real_iad_switch_motion_blur_s2,C:\Users\Usuario\Desktop\Thesis\Pipeline\Real-time-visual-defect-detection\data\outputs\Experiment 5\coldstart_padim_real_iad_switch_motion_blur_s2,padim,switch,Tesla T4,motion_blur,2,0.7700706062186664,0.8917375747343886,0.9944978309834984,0.0145501919060097,0.0455781011347156,41.38486134163126,1779859224217126000,2653
coldstart_padim_real_iad_switch_motion_blur_s3,C:\Users\Usuario\Desktop\Thesis\Pipeline\Real-time-visual-defect-detection\data\outputs\Experiment 5\coldstart_padim_real_iad_switch_motion_blur_s3,padim,switch,Tesla T4,motion_blur,3,0.7258246652165669,0.8722818780845574,0.9568024150219644,0.0058325989005092,0.0318408018054924,40.23064503167161,1779859224217126000,2673
coldstart_padim_real_iad_switch_shot_noise_s1,C:\Users\Usuario\Desktop\Thesis\Pipeline\Real-time-visual-defect-detection\data\outputs\Experiment 5\coldstart_padim_real_iad_switch_shot_noise_s1,padim,switch,Tesla T4,shot_noise,1,0.775601139736112,0.8626736985925952,0.9824693308582756,0.0453714777183076,0.0889780526091075,20.84453412247232,1779859224899553100,2737
coldstart_padim_real_iad_switch_shot_noise_s2,C:\Users\Usuario\Desktop\Thesis\Pipeline\Real-time-visual-defect-detection\data\outputs\Experiment 5\coldstart_padim_real_iad_switch_shot_noise_s2,padim,switch,Tesla T4,shot_noise,2,0.7694236111004313,0.8684315842911116,0.9967846092273076,0.0369553643332011,0.0801751809049943,21.048148307519845,1779859224907550600,2756
coldstart_padim_real_iad_switch_shot_noise_s3,C:\Users\Usuario\Desktop\Thesis\Pipeline\Real-time-visual-defect-detection\data\outputs\Experiment 5\coldstart_padim_real_iad_switch_shot_noise_s3,padim,switch,Tesla T4,shot_noise,3,0.7514496022656991,0.8738426477734983,0.9893447520383434,0.0210596173906324,0.0538036026066347,20.301493043602665,1779859224914552900,2757
coldstart_padim_real_iad_tape_gaussian_noise_s1,C:\Users\Usuario\Desktop\Thesis\Pipeline\Real-time-visual-defect-detection\data\outputs\Experiment 5\coldstart_padim_real_iad_tape_gaussian_noise_s1,padim,tape,NVIDIA RTX PRO 6000 Blackwell Server Edition,gaussian_noise,1,0.6444358974358975,0.7882614018470765,1.0,0.0269230769230769,0.0524344569288389,1.74123429267017,1779857244618663200,2691
coldstart_padim_real_iad_tape_gaussian_noise_s2,C:\Users\Usuario\Desktop\Thesis\Pipeline\Real-time-visual-defect-detection\data\outputs\Experiment 5\coldstart_padim_real_iad_tape_gaussian_noise_s2,padim,tape,NVIDIA RTX PRO 6000 Blackwell Server Edition,gaussian_noise,2,0.647576923076923,0.7965880966123547,1.0,0.0403846153846153,0.077634011090573,1.7294936499716065,1779857245426625100,2695
coldstart_padim_real_iad_tape_gaussian_noise_s3,C:\Users\Usuario\Desktop\Thesis\Pipeline\Real-time-visual-defect-detection\data\outputs\Experiment 5\coldstart_padim_real_iad_tape_gaussian_noise_s3,padim,tape,NVIDIA RTX PRO 6000 Blackwell Server Edition,gaussian_noise,3,0.6259935897435898,0.777556838556861,1.0,0.05,0.0952380952380952,1.7063143743887006,1779857245541578800,2678
coldstart_padim_real_iad_tape_motion_blur_s1,C:\Users\Usuario\Desktop\Thesis\Pipeline\Real-time-visual-defect-detection\data\outputs\Experiment 5\coldstart_padim_real_iad_tape_motion_blur_s1,padim,tape,Tesla T4,motion_blur,1,0.7470274392208893,0.8639248411350338,0.9347247907493704,0.0293013668960788,0.0580562535630275,40.04391199200615,1779859224237394300,2645
coldstart_padim_real_iad_tape_motion_blur_s2,C:\Users\Usuario\Desktop\Thesis\Pipeline\Real-time-visual-defect-detection\data\outputs\Experiment 5\coldstart_padim_real_iad_tape_motion_blur_s2,padim,tape,Tesla T4,motion_blur,2,0.7353754438980523,0.8624082654161171,0.9608571673888217,0.0266017761343335,0.0538619315252325,40.57031764030382,1779859224243395500,2624
coldstart_padim_real_iad_tape_motion_blur_s3,C:\Users\Usuario\Desktop\Thesis\Pipeline\Real-time-visual-defect-detection\data\outputs\Experiment 5\coldstart_padim_real_iad_tape_motion_blur_s3,padim,tape,Tesla T4,motion_blur,3,0.7106635469823266,0.8507516450946578,0.9746148426453148,0.0291048967530575,0.0602690584153095,40.37534296296928,1779859224249397800,2662
coldstart_padim_real_iad_tape_shot_noise_s1,C:\Users\Usuario\Desktop\Thesis\Pipeline\Real-time-visual-defect-detection\data\outputs\Experiment 5\coldstart_padim_real_iad_tape_shot_noise_s1,padim,tape,Tesla T4,shot_noise,1,0.736669347850931,0.8469571206518632,0.9856638548978732,0.0178220144433789,0.0403149926894104,20.206867946948854,1779859224922555000,2723
coldstart_padim_real_iad_tape_shot_noise_s2,C:\Users\Usuario\Desktop\Thesis\Pipeline\Real-time-visual-defect-detection\data\outputs\Experiment 5\coldstart_padim_real_iad_tape_shot_noise_s2,padim,tape,Tesla T4,shot_noise,2,0.7306751247457459,0.8514560233995845,0.9473662646744468,0.027181085266859,0.0553311209265537,20.158240579368364,1779859224929548900,2724
coldstart_padim_real_iad_tape_shot_noise_s3,C:\Users\Usuario\Desktop\Thesis\Pipeline\Real-time-visual-defect-detection\data\outputs\Experiment 5\coldstart_padim_real_iad_tape_shot_noise_s3,padim,tape,Tesla T4,shot_noise,3,0.726753246309427,0.8388962121697738,0.791966697395112,0.010835750535731,0.023440004309524,20.39827463094768,1779859224937550400,2736
coldstart_padim_real_iad_terminalblock_gaussian_noise_s1,C:\Users\Usuario\Desktop\Thesis\Pipeline\Real-time-visual-defect-detection\data\outputs\Experiment 5\coldstart_padim_real_iad_terminalblock_gaussian_noise_s1,padim,terminalblock,NVIDIA RTX PRO 6000 Blackwell Server Edition,gaussian_noise,1,0.5304228486152657,0.6831842088562767,0.6179775280898876,0.2103250478011472,0.3138373751783166,1.7598194678915509,1779857246605825800,2729
coldstart_padim_real_iad_terminalblock_gaussian_noise_s2,C:\Users\Usuario\Desktop\Thesis\Pipeline\Real-time-visual-defect-detection\data\outputs\Experiment 5\coldstart_padim_real_iad_terminalblock_gaussian_noise_s2,padim,terminalblock,NVIDIA RTX PRO 6000 Blackwell Server Edition,gaussian_noise,2,0.5195235208293083,0.6899939657115977,0.6684782608695652,0.2351816443594646,0.3479490806223479,1.7395315049096682,1779857241250923300,2727
coldstart_padim_real_iad_terminalblock_gaussian_noise_s3,C:\Users\Usuario\Desktop\Thesis\Pipeline\Real-time-visual-defect-detection\data\outputs\Experiment 5\coldstart_padim_real_iad_terminalblock_gaussian_noise_s3,padim,terminalblock,NVIDIA RTX PRO 6000 Blackwell Server Edition,gaussian_noise,3,0.5196367779028788,0.6997953325734753,0.8409090909090909,0.141491395793499,0.2422258592471358,1.7186828037182873,1779857243208952600,2727
coldstart_padim_real_iad_terminalblock_motion_blur_s1,C:\Users\Usuario\Desktop\Thesis\Pipeline\Real-time-visual-defect-detection\data\outputs\Experiment 5\coldstart_padim_real_iad_terminalblock_motion_blur_s1,padim,terminalblock,Tesla T4,motion_blur,1,0.5214777484741906,0.7687472609606986,0.8721550942282899,0.165340961819869,0.2714751247487605,69.84128520636891,1779859224257118700,2656
coldstart_padim_real_iad_terminalblock_motion_blur_s2,C:\Users\Usuario\Desktop\Thesis\Pipeline\Real-time-visual-defect-detection\data\outputs\Experiment 5\coldstart_padim_real_iad_terminalblock_motion_blur_s2,padim,terminalblock,Tesla T4,motion_blur,2,0.5050483361979425,0.7577270809471035,0.9010165015738096,0.1348478935190818,0.2386549669254596,69.32507118529739,1779859224263114500,2657
coldstart_padim_real_iad_terminalblock_motion_blur_s3,C:\Users\Usuario\Desktop\Thesis\Pipeline\Real-time-visual-defect-detection\data\outputs\Experiment 5\coldstart_padim_real_iad_terminalblock_motion_blur_s3,padim,terminalblock,Tesla T4,motion_blur,3,0.4879985577145265,0.763644643609044,0.9352044314845812,0.0597461823269894,0.1307255386519811,68.7672624389234,1779859224267119100,2674
coldstart_padim_real_iad_terminalblock_shot_noise_s1,C:\Users\Usuario\Desktop\Thesis\Pipeline\Real-time-visual-defect-detection\data\outputs\Experiment 5\coldstart_padim_real_iad_terminalblock_shot_noise_s1,padim,terminalblock,Tesla T4,shot_noise,1,0.5186759925760603,0.7480222310582342,0.9348039378576444,0.1200381551104752,0.2124005156595143,37.40437774300365,1779859224947549900,2744
coldstart_padim_real_iad_terminalblock_shot_noise_s2,C:\Users\Usuario\Desktop\Thesis\Pipeline\Real-time-visual-defect-detection\data\outputs\Experiment 5\coldstart_padim_real_iad_terminalblock_shot_noise_s2,padim,terminalblock,Tesla T4,shot_noise,2,0.5300301324819731,0.7548268566966796,0.9007163615715988,0.130655060035903,0.2283176091827263,37.79281093490046,1779859224956549800,2746
coldstart_padim_real_iad_terminalblock_shot_noise_s3,C:\Users\Usuario\Desktop\Thesis\Pipeline\Real-time-visual-defect-detection\data\outputs\Experiment 5\coldstart_padim_real_iad_terminalblock_shot_noise_s3,padim,terminalblock,Tesla T4,shot_noise,3,0.5180012831066476,0.7570438823533435,0.999,0.0664842529619031,0.1410611718073183,38.10423085696112,1779859224968551000,2747
coldstart_padim_real_iad_toothbrush_gaussian_noise_s1,C:\Users\Usuario\Desktop\Thesis\Pipeline\Real-time-visual-defect-detection\data\outputs\Experiment 5\coldstart_padim_real_iad_toothbrush_gaussian_noise_s1,padim,toothbrush,NVIDIA RTX PRO 6000 Blackwell Server Edition,gaussian_noise,1,0.5527546496539792,0.6797288326127005,0.6282527881040892,0.330078125,0.4327784891165173,1.7271620187231755,1779857245944886000,2713
coldstart_padim_real_iad_toothbrush_gaussian_noise_s2,C:\Users\Usuario\Desktop\Thesis\Pipeline\Real-time-visual-defect-detection\data\outputs\Experiment 5\coldstart_padim_real_iad_toothbrush_gaussian_noise_s2,padim,toothbrush,NVIDIA RTX PRO 6000 Blackwell Server Edition,gaussian_noise,2,0.5491052119377162,0.6768477262364516,0.6227106227106227,0.33203125,0.4331210191082802,1.7529323133587216,1779857237184739800,2705
coldstart_padim_real_iad_toothbrush_gaussian_noise_s3,C:\Users\Usuario\Desktop\Thesis\Pipeline\Real-time-visual-defect-detection\data\outputs\Experiment 5\coldstart_padim_real_iad_toothbrush_gaussian_noise_s3,padim,toothbrush,NVIDIA RTX PRO 6000 Blackwell Server Edition,gaussian_noise,3,0.5375892084775087,0.6695602053947344,0.6196721311475409,0.369140625,0.4626682986536107,1.6917005205924556,1779857247809763800,2717
coldstart_padim_real_iad_toothbrush_motion_blur_s1,C:\Users\Usuario\Desktop\Thesis\Pipeline\Real-time-visual-defect-detection\data\outputs\Experiment 5\coldstart_padim_real_iad_toothbrush_motion_blur_s1,padim,toothbrush,Tesla T4,motion_blur,1,0.42118287733378,0.682462510716702,0.8142503746858758,0.0895824429371563,0.1514842717158788,69.24581676338354,1779859224267119100,2619
coldstart_padim_real_iad_toothbrush_motion_blur_s2,C:\Users\Usuario\Desktop\Thesis\Pipeline\Real-time-visual-defect-detection\data\outputs\Experiment 5\coldstart_padim_real_iad_toothbrush_motion_blur_s2,padim,toothbrush,Tesla T4,motion_blur,2,0.4199377743897362,0.6821938177345658,0.814295032934053,0.0947192371626237,0.1591411171087653,69.82713486737627,1779859224284231100,2622
coldstart_padim_real_iad_toothbrush_motion_blur_s3,C:\Users\Usuario\Desktop\Thesis\Pipeline\Real-time-visual-defect-detection\data\outputs\Experiment 5\coldstart_padim_real_iad_toothbrush_motion_blur_s3,padim,toothbrush,Tesla T4,motion_blur,3,0.4152601732090721,0.6910092316910796,0.8231139250336457,0.1160409415626395,0.1906750438412374,68.91073289639935,1779859224290319900,2661
coldstart_padim_real_iad_toothbrush_shot_noise_s1,C:\Users\Usuario\Desktop\Thesis\Pipeline\Real-time-visual-defect-detection\data\outputs\Experiment 5\coldstart_padim_real_iad_toothbrush_shot_noise_s1,padim,toothbrush,Tesla T4,shot_noise,1,0.4207777954886731,0.6788572788804461,0.815267252629685,0.0820887118226444,0.1404415361347274,38.20384288157362,1779859224976553100,2730
coldstart_padim_real_iad_toothbrush_shot_noise_s2,C:\Users\Usuario\Desktop\Thesis\Pipeline\Real-time-visual-defect-detection\data\outputs\Experiment 5\coldstart_padim_real_iad_toothbrush_shot_noise_s2,padim,toothbrush,Tesla T4,shot_noise,2,0.4097938737608438,0.6844837647452781,0.8093193447417814,0.0999827263632952,0.1657851712314736,38.73589756476994,1779859224985550200,2738
coldstart_padim_real_iad_toothbrush_shot_noise_s3,C:\Users\Usuario\Desktop\Thesis\Pipeline\Real-time-visual-defect-detection\data\outputs\Experiment 5\coldstart_padim_real_iad_toothbrush_shot_noise_s3,padim,toothbrush,Tesla T4,shot_noise,3,0.3963920323990033,0.6777242001486019,0.8358073877430628,0.0681673779615062,0.1136297922455615,38.68330043362904,1779859224996069800,2734
coldstart_padim_real_iad_toy_brick_gaussian_noise_s1,C:\Users\Usuario\Desktop\Thesis\Pipeline\Real-time-visual-defect-detection\data\outputs\Experiment 5\coldstart_padim_real_iad_toy_brick_gaussian_noise_s1,padim,toy_brick,NVIDIA RTX PRO 6000 Blackwell Server Edition,gaussian_noise,1,0.6556457643414164,0.7383596664179192,0.7906976744186046,0.1343873517786561,0.2297297297297297,1.7144842107600902,1779857242031787900,2722
coldstart_padim_real_iad_toy_brick_gaussian_noise_s2,C:\Users\Usuario\Desktop\Thesis\Pipeline\Real-time-visual-defect-detection\data\outputs\Experiment 5\coldstart_padim_real_iad_toy_brick_gaussian_noise_s2,padim,toy_brick,NVIDIA RTX PRO 6000 Blackwell Server Edition,gaussian_noise,2,0.6548312146138233,0.7383976692143803,0.8048780487804879,0.1304347826086956,0.2244897959183673,1.7513543017500304,1779857241388191000,2720
coldstart_padim_real_iad_toy_brick_gaussian_noise_s3,C:\Users\Usuario\Desktop\Thesis\Pipeline\Real-time-visual-defect-detection\data\outputs\Experiment 5\coldstart_padim_real_iad_toy_brick_gaussian_noise_s3,padim,toy_brick,NVIDIA RTX PRO 6000 Blackwell Server Edition,gaussian_noise,3,0.6508786454438629,0.7373411750581305,0.8043478260869565,0.1462450592885375,0.2474916387959866,1.728368557368392,1779857238643531800,2716
coldstart_padim_real_iad_toy_brick_motion_blur_s1,C:\Users\Usuario\Desktop\Thesis\Pipeline\Real-time-visual-defect-detection\data\outputs\Experiment 5\coldstart_padim_real_iad_toy_brick_motion_blur_s1,padim,toy_brick,Tesla T4,motion_blur,1,0.7204264966053747,0.8184260792881581,0.8748556651660181,0.0750471652599976,0.13721287642993,68.50056267862449,1779859224314063900,2645
coldstart_padim_real_iad_toy_brick_motion_blur_s2,C:\Users\Usuario\Desktop\Thesis\Pipeline\Real-time-visual-defect-detection\data\outputs\Experiment 5\coldstart_padim_real_iad_toy_brick_motion_blur_s2,padim,toy_brick,Tesla T4,motion_blur,2,0.7128316235736922,0.8168641747491767,0.89293352372414,0.0658944584926337,0.1215441177126405,69.53724228464174,1779859224319071500,2643
coldstart_padim_real_iad_toy_brick_motion_blur_s3,C:\Users\Usuario\Desktop\Thesis\Pipeline\Real-time-visual-defect-detection\data\outputs\Experiment 5\coldstart_padim_real_iad_toy_brick_motion_blur_s3,padim,toy_brick,Tesla T4,motion_blur,3,0.7061584400332976,0.8249621401659584,0.835028259100779,0.0636582973810695,0.1185427912150246,69.78360623441468,1779859224323496300,2671
coldstart_padim_real_iad_toy_brick_shot_noise_s1,C:\Users\Usuario\Desktop\Thesis\Pipeline\Real-time-visual-defect-detection\data\outputs\Experiment 5\coldstart_padim_real_iad_toy_brick_shot_noise_s1,padim,toy_brick,Tesla T4,shot_noise,1,0.7054579564044476,0.8214419607122079,0.8751114613332622,0.0512815303582933,0.100749956722923,39.19668534590701,1779859225047719500,2747
coldstart_padim_real_iad_toy_brick_shot_noise_s2,C:\Users\Usuario\Desktop\Thesis\Pipeline\Real-time-visual-defect-detection\data\outputs\Experiment 5\coldstart_padim_real_iad_toy_brick_shot_noise_s2,padim,toy_brick,Tesla T4,shot_noise,2,0.7132638829630367,0.8145205352338577,0.8494201406947318,0.0723459961501987,0.1332987741505643,38.01529349345658,1779859225058477300,2752
coldstart_padim_real_iad_toy_brick_shot_noise_s3,C:\Users\Usuario\Desktop\Thesis\Pipeline\Real-time-visual-defect-detection\data\outputs\Experiment 5\coldstart_padim_real_iad_toy_brick_shot_noise_s3,padim,toy_brick,Tesla T4,shot_noise,3,0.6912987626319498,0.8050252520652108,0.854259455675418,0.0643904726172291,0.1242607315957436,37.89563434118613,1779859225067477600,2751
coldstart_padim_real_iad_toy_gaussian_noise_s1,C:\Users\Usuario\Desktop\Thesis\Pipeline\Real-time-visual-defect-detection\data\outputs\Experiment 5\coldstart_padim_real_iad_toy_gaussian_noise_s1,padim,toy,NVIDIA RTX PRO 6000 Blackwell Server Edition,gaussian_noise,1,0.517099157930916,0.6775469359514557,1.0,0.0573122529644268,0.108411214953271,1.763510342852501,1779857246387884700,2693
coldstart_padim_real_iad_toy_gaussian_noise_s2,C:\Users\Usuario\Desktop\Thesis\Pipeline\Real-time-visual-defect-detection\data\outputs\Experiment 5\coldstart_padim_real_iad_toy_gaussian_noise_s2,padim,toy,NVIDIA RTX PRO 6000 Blackwell Server Edition,gaussian_noise,2,0.4932912078469734,0.6667587112619933,1.0,0.0434782608695652,0.0833333333333333,1.7312665354342616,1779857244339513200,2697
coldstart_padim_real_iad_toy_gaussian_noise_s3,C:\Users\Usuario\Desktop\Thesis\Pipeline\Real-time-visual-defect-detection\data\outputs\Experiment 5\coldstart_padim_real_iad_toy_gaussian_noise_s3,padim,toy,NVIDIA RTX PRO 6000 Blackwell Server Edition,gaussian_noise,3,0.4718230729572885,0.6540226386694605,1.0,0.0316205533596837,0.0613026819923371,1.731997103086553,1779857244822632000,2691
coldstart_padim_real_iad_toy_motion_blur_s1,C:\Users\Usuario\Desktop\Thesis\Pipeline\Real-time-visual-defect-detection\data\outputs\Experiment 5\coldstart_padim_real_iad_toy_motion_blur_s1,padim,toy,Tesla T4,motion_blur,1,0.5954297589775012,0.7799541102349331,0.9540466756703532,0.1072162043692832,0.1900240561084582,69.1426441986839,1779859224297324900,2649
coldstart_padim_real_iad_toy_motion_blur_s2,C:\Users\Usuario\Desktop\Thesis\Pipeline\Real-time-visual-defect-detection\data\outputs\Experiment 5\coldstart_padim_real_iad_toy_motion_blur_s2,padim,toy,Tesla T4,motion_blur,2,0.5706589889978999,0.779405355977397,0.9625726934780598,0.124042067875364,0.2198721365795465,69.9071845129134,1779859224303064400,2652
coldstart_padim_real_iad_toy_motion_blur_s3,C:\Users\Usuario\Desktop\Thesis\Pipeline\Real-time-visual-defect-detection\data\outputs\Experiment 5\coldstart_padim_real_iad_toy_motion_blur_s3,padim,toy,Tesla T4,motion_blur,3,0.5381713639888257,0.739009535969725,0.9548727504379406,0.0467826080629206,0.0946223805080599,70.48019592384225,1779859224309064800,2651
coldstart_padim_real_iad_toy_shot_noise_s1,C:\Users\Usuario\Desktop\Thesis\Pipeline\Real-time-visual-defect-detection\data\outputs\Experiment 5\coldstart_padim_real_iad_toy_shot_noise_s1,padim,toy,Tesla T4,shot_noise,1,0.6153776640430648,0.7775519239195455,0.9556535792136246,0.0769440847094022,0.1426901474648263,38.19550722525736,1779859225008200300,2729
coldstart_padim_real_iad_toy_shot_noise_s2,C:\Users\Usuario\Desktop\Thesis\Pipeline\Real-time-visual-defect-detection\data\outputs\Experiment 5\coldstart_padim_real_iad_toy_shot_noise_s2,padim,toy,Tesla T4,shot_noise,2,0.6155514613570983,0.7768567090441547,0.9926437988512808,0.0979748489658754,0.1769177964988732,38.24553794282332,1779859225021608200,2743
coldstart_padim_real_iad_toy_shot_noise_s3,C:\Users\Usuario\Desktop\Thesis\Pipeline\Real-time-visual-defect-detection\data\outputs\Experiment 5\coldstart_padim_real_iad_toy_shot_noise_s3,padim,toy,Tesla T4,shot_noise,3,0.5880906612346044,0.7673690281464997,0.999,0.049954665754433,0.100450424771742,39.13339370869309,1779859225032242200,2740
coldstart_padim_real_iad_transistor1_gaussian_noise_s1,C:\Users\Usuario\Desktop\Thesis\Pipeline\Real-time-visual-defect-detection\data\outputs\Experiment 5\coldstart_padim_real_iad_transistor1_gaussian_noise_s1,padim,transistor1,NVIDIA RTX PRO 6000 Blackwell Server Edition,gaussian_noise,1,0.6353127029071363,0.7698976031497315,0.8115183246073299,0.3081510934393638,0.446685878962536,1.6919576850125395,1779857236747720400,2709
coldstart_padim_real_iad_transistor1_gaussian_noise_s2,C:\Users\Usuario\Desktop\Thesis\Pipeline\Real-time-visual-defect-detection\data\outputs\Experiment 5\coldstart_padim_real_iad_transistor1_gaussian_noise_s2,padim,transistor1,NVIDIA RTX PRO 6000 Blackwell Server Edition,gaussian_noise,2,0.6320260256641967,0.7647342795240979,0.8022598870056498,0.2823061630218688,0.4176470588235294,1.732457005030028,1779857237952640900,2708
coldstart_padim_real_iad_transistor1_gaussian_noise_s3,C:\Users\Usuario\Desktop\Thesis\Pipeline\Real-time-visual-defect-detection\data\outputs\Experiment 5\coldstart_padim_real_iad_transistor1_gaussian_noise_s3,padim,transistor1,NVIDIA RTX PRO 6000 Blackwell Server Edition,gaussian_noise,3,0.6345629924158751,0.7656299041939736,0.8952380952380953,0.1868787276341948,0.3092105263157894,1.7138082599979043,1779857240518173600,2715
coldstart_padim_real_iad_transistor1_motion_blur_s1,C:\Users\Usuario\Desktop\Thesis\Pipeline\Real-time-visual-defect-detection\data\outputs\Experiment 5\coldstart_padim_real_iad_transistor1_motion_blur_s1,padim,transistor1,Tesla T4,motion_blur,1,0.653858915540933,0.8603365785032071,0.9807344761547944,0.1240390562359643,0.2160942755358975,68.20179953102638,1779859224335391300,2621
coldstart_padim_real_iad_transistor1_motion_blur_s2,C:\Users\Usuario\Desktop\Thesis\Pipeline\Real-time-visual-defect-detection\data\outputs\Experiment 5\coldstart_padim_real_iad_transistor1_motion_blur_s2,padim,transistor1,Tesla T4,motion_blur,2,0.6562381352494336,0.8540071579353639,0.9939452364330248,0.1077592184329614,0.1872677973136564,69.71871313542366,1779859224341391000,2620
coldstart_padim_real_iad_transistor1_motion_blur_s3,C:\Users\Usuario\Desktop\Thesis\Pipeline\Real-time-visual-defect-detection\data\outputs\Experiment 5\coldstart_padim_real_iad_transistor1_motion_blur_s3,padim,transistor1,Tesla T4,motion_blur,3,0.5965480873058088,0.8313070232779574,0.999,0.0881342902070701,0.1620706949633714,68.09057430647412,1779859224348385900,2622
coldstart_padim_real_iad_transistor1_shot_noise_s1,C:\Users\Usuario\Desktop\Thesis\Pipeline\Real-time-visual-defect-detection\data\outputs\Experiment 5\coldstart_padim_real_iad_transistor1_shot_noise_s1,padim,transistor1,Tesla T4,shot_noise,1,0.6921667676358632,0.8783027931553177,0.999,0.1009491818169516,0.1767445070965683,39.01747174191747,1779859225082230800,2688
coldstart_padim_real_iad_transistor1_shot_noise_s2,C:\Users\Usuario\Desktop\Thesis\Pipeline\Real-time-visual-defect-detection\data\outputs\Experiment 5\coldstart_padim_real_iad_transistor1_shot_noise_s2,padim,transistor1,Tesla T4,shot_noise,2,0.6956882857223908,0.8650310118162203,0.999,0.1282205912183505,0.2219149227419195,38.98634447090055,1779859225092755600,2723
coldstart_padim_real_iad_transistor1_shot_noise_s3,C:\Users\Usuario\Desktop\Thesis\Pipeline\Real-time-visual-defect-detection\data\outputs\Experiment 5\coldstart_padim_real_iad_transistor1_shot_noise_s3,padim,transistor1,Tesla T4,shot_noise,3,0.6709198523945008,0.8518999420418909,0.999,0.0814784824105119,0.1514978243025091,38.34369181411336,1779859225100435900,2707
coldstart_padim_real_iad_u_block_gaussian_noise_s1,C:\Users\Usuario\Desktop\Thesis\Pipeline\Real-time-visual-defect-detection\data\outputs\Experiment 5\coldstart_padim_real_iad_u_block_gaussian_noise_s1,padim,u_block,NVIDIA RTX PRO 6000 Blackwell Server Edition,gaussian_noise,1,0.4705196345868995,0.6049567687873441,0.5373134328358209,0.0721442885771543,0.127208480565371,1.7273930789338636,1779857240114892000,2705
coldstart_padim_real_iad_u_block_gaussian_noise_s2,C:\Users\Usuario\Desktop\Thesis\Pipeline\Real-time-visual-defect-detection\data\outputs\Experiment 5\coldstart_padim_real_iad_u_block_gaussian_noise_s2,padim,u_block,NVIDIA RTX PRO 6000 Blackwell Server Edition,gaussian_noise,2,0.4246687354642395,0.5870750083425629,0.7021276595744681,0.0661322645290581,0.1208791208791208,1.733338394726325,1779857242662710700,2718
coldstart_padim_real_iad_u_block_gaussian_noise_s3,C:\Users\Usuario\Desktop\Thesis\Pipeline\Real-time-visual-defect-detection\data\outputs\Experiment 5\coldstart_padim_real_iad_u_block_gaussian_noise_s3,padim,u_block,NVIDIA RTX PRO 6000 Blackwell Server Edition,gaussian_noise,3,0.427162016340373,0.5909380265627657,0.6956521739130435,0.064128256513026,0.1174311926605504,1.756132246852819,1779857247053978400,2717
coldstart_padim_real_iad_u_block_motion_blur_s1,C:\Users\Usuario\Desktop\Thesis\Pipeline\Real-time-visual-defect-detection\data\outputs\Experiment 5\coldstart_padim_real_iad_u_block_motion_blur_s1,padim,u_block,Tesla T4,motion_blur,1,0.5392405886178471,0.7354978382539361,0.8139291990562828,0.0676323555421495,0.1240409391815043,70.18409402160343,1779859224356190700,2632
coldstart_padim_real_iad_u_block_motion_blur_s2,C:\Users\Usuario\Desktop\Thesis\Pipeline\Real-time-visual-defect-detection\data\outputs\Experiment 5\coldstart_padim_real_iad_u_block_motion_blur_s2,padim,u_block,Tesla T4,motion_blur,2,0.5236391869988422,0.7236502992214868,0.7138889795274898,0.0706629749904222,0.1275720899007988,69.17772868436425,1779859224363195000,2647
coldstart_padim_real_iad_u_block_motion_blur_s3,C:\Users\Usuario\Desktop\Thesis\Pipeline\Real-time-visual-defect-detection\data\outputs\Experiment 5\coldstart_padim_real_iad_u_block_motion_blur_s3,padim,u_block,Tesla T4,motion_blur,3,0.5127769630705652,0.7167344513314008,0.6987093494381529,0.0574943028515323,0.104021396277167,69.32053191064311,1779859224367119200,2668
coldstart_padim_real_iad_u_block_shot_noise_s1,C:\Users\Usuario\Desktop\Thesis\Pipeline\Real-time-visual-defect-detection\data\outputs\Experiment 5\coldstart_padim_real_iad_u_block_shot_noise_s1,padim,u_block,Tesla T4,shot_noise,1,0.5343475860975115,0.7046026574036034,0.3759848963177987,0.0305623257780538,0.0575300811492917,38.47294393991406,1779859225108595900,2735
coldstart_padim_real_iad_u_block_shot_noise_s2,C:\Users\Usuario\Desktop\Thesis\Pipeline\Real-time-visual-defect-detection\data\outputs\Experiment 5\coldstart_padim_real_iad_u_block_shot_noise_s2,padim,u_block,Tesla T4,shot_noise,2,0.5175073471763976,0.7005965748925549,0.6512257224865309,0.0407458396738544,0.0773855210998606,38.20362547414635,1779859225117440900,2752
coldstart_padim_real_iad_u_block_shot_noise_s3,C:\Users\Usuario\Desktop\Thesis\Pipeline\Real-time-visual-defect-detection\data\outputs\Experiment 5\coldstart_padim_real_iad_u_block_shot_noise_s3,padim,u_block,Tesla T4,shot_noise,3,0.5263864123812355,0.709624541957523,0.7259101387547207,0.022612967105162,0.048124602248876,38.56741192577878,1779859225129442700,2755
coldstart_padim_real_iad_usb_adaptor_gaussian_noise_s1,C:\Users\Usuario\Desktop\Thesis\Pipeline\Real-time-visual-defect-detection\data\outputs\Experiment 5\coldstart_padim_real_iad_usb_adaptor_gaussian_noise_s1,padim,usb_adaptor,NVIDIA RTX PRO 6000 Blackwell Server Edition,gaussian_noise,1,0.4011112524918352,0.6541045696932082,0.6666666666666666,0.1586715867158671,0.2563338301043218,1.765507648796826,1779857243885977500,2726
coldstart_padim_real_iad_usb_adaptor_gaussian_noise_s2,C:\Users\Usuario\Desktop\Thesis\Pipeline\Real-time-visual-defect-detection\data\outputs\Experiment 5\coldstart_padim_real_iad_usb_adaptor_gaussian_noise_s2,padim,usb_adaptor,NVIDIA RTX PRO 6000 Blackwell Server Edition,gaussian_noise,2,0.4618978948410174,0.6774900594139293,0.6458333333333334,0.1715867158671586,0.271137026239067,1.7605841506962112,1779857244243436000,2726
coldstart_padim_real_iad_usb_adaptor_gaussian_noise_s3,C:\Users\Usuario\Desktop\Thesis\Pipeline\Real-time-visual-defect-detection\data\outputs\Experiment 5\coldstart_padim_real_iad_usb_adaptor_gaussian_noise_s3,padim,usb_adaptor,NVIDIA RTX PRO 6000 Blackwell Server Edition,gaussian_noise,3,0.5278661407303729,0.705867603009674,0.6714285714285714,0.1734317343173431,0.2756598240469208,1.727288764629168,1779857243647605400,2721
coldstart_padim_real_iad_usb_adaptor_motion_blur_s1,C:\Users\Usuario\Desktop\Thesis\Pipeline\Real-time-visual-defect-detection\data\outputs\Experiment 5\coldstart_padim_real_iad_usb_adaptor_motion_blur_s1,padim,usb_adaptor,Tesla T4,motion_blur,1,0.6688145516828861,0.8152732464953008,0.9216994036351746,0.0537354589678861,0.1063822273684907,69.12027222365613,1779859224405058900,2656
coldstart_padim_real_iad_usb_adaptor_motion_blur_s2,C:\Users\Usuario\Desktop\Thesis\Pipeline\Real-time-visual-defect-detection\data\outputs\Experiment 5\coldstart_padim_real_iad_usb_adaptor_motion_blur_s2,padim,usb_adaptor,Tesla T4,motion_blur,2,0.6918977712390502,0.8357034825913371,0.9003837014086221,0.0303637363918592,0.0736873066305343,69.282437096914,1779859224410059900,2651
coldstart_padim_real_iad_usb_adaptor_motion_blur_s3,C:\Users\Usuario\Desktop\Thesis\Pipeline\Real-time-visual-defect-detection\data\outputs\Experiment 5\coldstart_padim_real_iad_usb_adaptor_motion_blur_s3,padim,usb_adaptor,Tesla T4,motion_blur,3,0.6950054835924119,0.8263781431731848,0.9101182614490544,0.0125743059086648,0.0448567439121325,71.48635817005314,1779859224416060300,2664
coldstart_padim_real_iad_usb_adaptor_shot_noise_s1,C:\Users\Usuario\Desktop\Thesis\Pipeline\Real-time-visual-defect-detection\data\outputs\Experiment 5\coldstart_padim_real_iad_usb_adaptor_shot_noise_s1,padim,usb_adaptor,Tesla T4,shot_noise,1,0.7143531555674979,0.8297474789797228,0.9578913087304812,0.0537249733712433,0.1037236935627149,38.331244639597074,1779859225166933900,2741
coldstart_padim_real_iad_usb_adaptor_shot_noise_s2,C:\Users\Usuario\Desktop\Thesis\Pipeline\Real-time-visual-defect-detection\data\outputs\Experiment 5\coldstart_padim_real_iad_usb_adaptor_shot_noise_s2,padim,usb_adaptor,Tesla T4,shot_noise,2,0.6921784140140896,0.8288110071862368,0.8259411290997626,0.0628869460173543,0.1172387077583889,38.87607920071411,1779859225178415400,2750
coldstart_padim_real_iad_usb_adaptor_shot_noise_s3,C:\Users\Usuario\Desktop\Thesis\Pipeline\Real-time-visual-defect-detection\data\outputs\Experiment 5\coldstart_padim_real_iad_usb_adaptor_shot_noise_s3,padim,usb_adaptor,Tesla T4,shot_noise,3,0.7109679189790055,0.8358426026957544,0.9098267575755336,0.0441486729651152,0.0891812701817172,38.95258528718038,1779859225190040500,2757
coldstart_padim_real_iad_usb_gaussian_noise_s1,C:\Users\Usuario\Desktop\Thesis\Pipeline\Real-time-visual-defect-detection\data\outputs\Experiment 5\coldstart_padim_real_iad_usb_gaussian_noise_s1,padim,usb,NVIDIA RTX PRO 6000 Blackwell Server Edition,gaussian_noise,1,0.2093338446078172,0.5242162943382285,0.7857142857142857,0.0424710424710424,0.0805860805860805,1.7142871493764866,1779857236598531900,2710
coldstart_padim_real_iad_usb_gaussian_noise_s2,C:\Users\Usuario\Desktop\Thesis\Pipeline\Real-time-visual-defect-detection\data\outputs\Experiment 5\coldstart_padim_real_iad_usb_gaussian_noise_s2,padim,usb,NVIDIA RTX PRO 6000 Blackwell Server Edition,gaussian_noise,2,0.2374054582958693,0.5315235286735212,0.7931034482758621,0.0444015444015444,0.0840950639853747,1.6957517222585414,1779857243735604100,2709
coldstart_padim_real_iad_usb_gaussian_noise_s3,C:\Users\Usuario\Desktop\Thesis\Pipeline\Real-time-visual-defect-detection\data\outputs\Experiment 5\coldstart_padim_real_iad_usb_gaussian_noise_s3,padim,usb,NVIDIA RTX PRO 6000 Blackwell Server Edition,gaussian_noise,3,0.2672290685989316,0.5401699588647856,0.8148148148148148,0.0424710424710424,0.0807339449541284,1.788205664213842,1779857241490106700,2708
coldstart_padim_real_iad_usb_motion_blur_s1,C:\Users\Usuario\Desktop\Thesis\Pipeline\Real-time-visual-defect-detection\data\outputs\Experiment 5\coldstart_padim_real_iad_usb_motion_blur_s1,padim,usb,Tesla T4,motion_blur,1,0.1936144425500343,0.5968510434055003,0.9027931931080788,0.0404489910947194,0.0746355418314941,68.92222648303934,1779859224367119200,2661
coldstart_padim_real_iad_usb_motion_blur_s2,C:\Users\Usuario\Desktop\Thesis\Pipeline\Real-time-visual-defect-detection\data\outputs\Experiment 5\coldstart_padim_real_iad_usb_motion_blur_s2,padim,usb,Tesla T4,motion_blur,2,0.2067267942297319,0.6066235065124118,0.9265864544854976,0.0412665947075581,0.0752253476645831,69.63264666473583,1779859224388604900,2657
coldstart_padim_real_iad_usb_motion_blur_s3,C:\Users\Usuario\Desktop\Thesis\Pipeline\Real-time-visual-defect-detection\data\outputs\Experiment 5\coldstart_padim_real_iad_usb_motion_blur_s3,padim,usb,Tesla T4,motion_blur,3,0.2062031898999307,0.59211282131363,0.9325289048821844,0.001,0.0092977610338737,68.48334250171939,1779859224396603800,2662
coldstart_padim_real_iad_usb_shot_noise_s1,C:\Users\Usuario\Desktop\Thesis\Pipeline\Real-time-visual-defect-detection\data\outputs\Experiment 5\coldstart_padim_real_iad_usb_shot_noise_s1,padim,usb,Tesla T4,shot_noise,1,0.2268925648996428,0.6058025314740303,0.8962869157322789,0.0165221876148295,0.0353384682246672,38.516036078485286,1779859225140251700,2733
coldstart_padim_real_iad_usb_shot_noise_s2,C:\Users\Usuario\Desktop\Thesis\Pipeline\Real-time-visual-defect-detection\data\outputs\Experiment 5\coldstart_padim_real_iad_usb_shot_noise_s2,padim,usb,Tesla T4,shot_noise,2,0.2441819636956344,0.6227620992958257,0.9548235606070672,0.0278124080561288,0.0528141749322987,38.9688563356701,1779859225150556900,2752
coldstart_padim_real_iad_usb_shot_noise_s3,C:\Users\Usuario\Desktop\Thesis\Pipeline\Real-time-visual-defect-detection\data\outputs\Experiment 5\coldstart_padim_real_iad_usb_shot_noise_s3,padim,usb,Tesla T4,shot_noise,3,0.2349595319268908,0.6233101695963532,0.9587031739338002,0.001,0.0079417311073918,38.430796266979456,1779859225158553800,2734
coldstart_padim_real_iad_vcpill_gaussian_noise_s1,C:\Users\Usuario\Desktop\Thesis\Pipeline\Real-time-visual-defect-detection\data\outputs\Experiment 5\coldstart_padim_real_iad_vcpill_gaussian_noise_s1,padim,vcpill,NVIDIA RTX PRO 6000 Blackwell Server Edition,gaussian_noise,1,0.6988457295934447,0.757349180261799,0.7226890756302521,0.1716566866267465,0.2774193548387096,1.7250616472157156,1779857242951298900,2716
coldstart_padim_real_iad_vcpill_gaussian_noise_s2,C:\Users\Usuario\Desktop\Thesis\Pipeline\Real-time-visual-defect-detection\data\outputs\Experiment 5\coldstart_padim_real_iad_vcpill_gaussian_noise_s2,padim,vcpill,NVIDIA RTX PRO 6000 Blackwell Server Edition,gaussian_noise,2,0.6983861224918584,0.7569458978825582,0.7688172043010753,0.2854291417165668,0.4163027656477438,1.7390930584048157,1779857241612285100,2715
coldstart_padim_real_iad_vcpill_gaussian_noise_s3,C:\Users\Usuario\Desktop\Thesis\Pipeline\Real-time-visual-defect-detection\data\outputs\Experiment 5\coldstart_padim_real_iad_vcpill_gaussian_noise_s3,padim,vcpill,NVIDIA RTX PRO 6000 Blackwell Server Edition,gaussian_noise,3,0.6908223027628951,0.7549736853335054,0.7560975609756098,0.12375249500998,0.2126929674099485,1.7327845614954922,1779857239235582200,2701
coldstart_padim_real_iad_vcpill_motion_blur_s1,C:\Users\Usuario\Desktop\Thesis\Pipeline\Real-time-visual-defect-detection\data\outputs\Experiment 5\coldstart_padim_real_iad_vcpill_motion_blur_s1,padim,vcpill,Tesla T4,motion_blur,1,0.6709351116769233,0.7851795678880539,0.6168920628421752,0.0634299281031288,0.1089023951916816,70.00963586344685,1779859224417060600,2655
coldstart_padim_real_iad_vcpill_motion_blur_s2,C:\Users\Usuario\Desktop\Thesis\Pipeline\Real-time-visual-defect-detection\data\outputs\Experiment 5\coldstart_padim_real_iad_vcpill_motion_blur_s2,padim,vcpill,Tesla T4,motion_blur,2,0.6575710537497047,0.7862798502048465,0.8739438642841357,0.0861996846234597,0.1542376427005282,68.17761997845105,1779859224428047600,2636
coldstart_padim_real_iad_vcpill_motion_blur_s3,C:\Users\Usuario\Desktop\Thesis\Pipeline\Real-time-visual-defect-detection\data\outputs\Experiment 5\coldstart_padim_real_iad_vcpill_motion_blur_s3,padim,vcpill,Tesla T4,motion_blur,3,0.6542073803133139,0.7836114036866711,0.8557992983041409,0.0559300790545189,0.1082289881898502,68.78013084040083,1779859224439319600,2672
coldstart_padim_real_iad_vcpill_shot_noise_s1,C:\Users\Usuario\Desktop\Thesis\Pipeline\Real-time-visual-defect-detection\data\outputs\Experiment 5\coldstart_padim_real_iad_vcpill_shot_noise_s1,padim,vcpill,Tesla T4,shot_noise,1,0.6843726306524612,0.7807890538160734,0.4592887019596498,0.0503938468840857,0.0908018637237523,38.25907766473283,1779859225227379700,2730
coldstart_padim_real_iad_vcpill_shot_noise_s2,C:\Users\Usuario\Desktop\Thesis\Pipeline\Real-time-visual-defect-detection\data\outputs\Experiment 5\coldstart_padim_real_iad_vcpill_shot_noise_s2,padim,vcpill,Tesla T4,shot_noise,2,0.6855939353204651,0.7959493279723378,0.4415946839896209,0.0934380172575128,0.1488229229041,38.54962022492005,1779859225285005200,2742
coldstart_padim_real_iad_vcpill_shot_noise_s3,C:\Users\Usuario\Desktop\Thesis\Pipeline\Real-time-visual-defect-detection\data\outputs\Experiment 5\coldstart_padim_real_iad_vcpill_shot_noise_s3,padim,vcpill,Tesla T4,shot_noise,3,0.6920193293846302,0.7949347585752049,0.8674246512221099,0.0555780842242221,0.1056749362958892,38.82783280980617,1779859225299003800,2749
coldstart_padim_real_iad_wooden_beads_gaussian_noise_s1,C:\Users\Usuario\Desktop\Thesis\Pipeline\Real-time-visual-defect-detection\data\outputs\Experiment 5\coldstart_padim_real_iad_wooden_beads_gaussian_noise_s1,padim,wooden_beads,NVIDIA RTX PRO 6000 Blackwell Server Edition,gaussian_noise,1,0.7697315991278851,0.8576007761151794,0.8500851788756388,0.8816254416961131,0.8655680832610582,1.7204553708003634,1779857241068808800,2725
coldstart_padim_real_iad_wooden_beads_gaussian_noise_s2,C:\Users\Usuario\Desktop\Thesis\Pipeline\Real-time-visual-defect-detection\data\outputs\Experiment 5\coldstart_padim_real_iad_wooden_beads_gaussian_noise_s2,padim,wooden_beads,NVIDIA RTX PRO 6000 Blackwell Server Edition,gaussian_noise,2,0.7795203368167807,0.8665387528750365,0.8700787401574803,0.7809187279151943,0.8230912476722533,1.7324948414486303,1779857242401371700,2723
coldstart_padim_real_iad_wooden_beads_gaussian_noise_s3,C:\Users\Usuario\Desktop\Thesis\Pipeline\Real-time-visual-defect-detection\data\outputs\Experiment 5\coldstart_padim_real_iad_wooden_beads_gaussian_noise_s3,padim,wooden_beads,NVIDIA RTX PRO 6000 Blackwell Server Edition,gaussian_noise,3,0.7913314788361777,0.8733975868415554,0.8718487394957983,0.7332155477031802,0.7965451055662189,1.734177413197316,1779857247537159200,2722
coldstart_padim_real_iad_wooden_beads_motion_blur_s1,C:\Users\Usuario\Desktop\Thesis\Pipeline\Real-time-visual-defect-detection\data\outputs\Experiment 5\coldstart_padim_real_iad_wooden_beads_motion_blur_s1,padim,wooden_beads,Tesla T4,motion_blur,1,0.6568463691361942,0.8420146583027581,0.8413397454694018,0.4103126488341368,0.5364871912037312,64.51700424294455,1779859224451595900,2649
coldstart_padim_real_iad_wooden_beads_motion_blur_s2,C:\Users\Usuario\Desktop\Thesis\Pipeline\Real-time-visual-defect-detection\data\outputs\Experiment 5\coldstart_padim_real_iad_wooden_beads_motion_blur_s2,padim,wooden_beads,Tesla T4,motion_blur,2,0.6802748748720086,0.8646409313411827,0.8776517647011142,0.4014590778585704,0.5458108173233172,63.03639795170344,1779859224461597600,2655
coldstart_padim_real_iad_wooden_beads_motion_blur_s3,C:\Users\Usuario\Desktop\Thesis\Pipeline\Real-time-visual-defect-detection\data\outputs\Experiment 5\coldstart_padim_real_iad_wooden_beads_motion_blur_s3,padim,wooden_beads,Tesla T4,motion_blur,3,0.6700482863141255,0.8499090610497065,0.7262519752028334,0.389505326153635,0.5049150239501139,64.62890795958968,1779859224468045400,2666
coldstart_padim_real_iad_wooden_beads_shot_noise_s1,C:\Users\Usuario\Desktop\Thesis\Pipeline\Real-time-visual-defect-detection\data\outputs\Experiment 5\coldstart_padim_real_iad_wooden_beads_shot_noise_s1,padim,wooden_beads,Tesla T4,shot_noise,1,0.6714839021932729,0.8538176957447121,0.8719591806933914,0.4077223778356442,0.5378044287210101,34.38925724888003,1779859225309100600,2733
coldstart_padim_real_iad_wooden_beads_shot_noise_s2,C:\Users\Usuario\Desktop\Thesis\Pipeline\Real-time-visual-defect-detection\data\outputs\Experiment 5\coldstart_padim_real_iad_wooden_beads_shot_noise_s2,padim,wooden_beads,Tesla T4,shot_noise,2,0.6656307379414856,0.8585690785222829,0.878716725310606,0.3837981020677221,0.5187429129592176,34.76717352797132,1779859225317153100,2740
coldstart_padim_real_iad_wooden_beads_shot_noise_s3,C:\Users\Usuario\Desktop\Thesis\Pipeline\Real-time-visual-defect-detection\data\outputs\Experiment 5\coldstart_padim_real_iad_wooden_beads_shot_noise_s3,padim,wooden_beads,Tesla T4,shot_noise,3,0.6745884709965676,0.8482317703196655,0.9001836858851304,0.3752807598912251,0.5153012138056686,35.31657682461455,1779859225344446400,2746
coldstart_padim_real_iad_woodstick_gaussian_noise_s1,C:\Users\Usuario\Desktop\Thesis\Pipeline\Real-time-visual-defect-detection\data\outputs\Experiment 5\coldstart_padim_real_iad_woodstick_gaussian_noise_s1,padim,woodstick,NVIDIA RTX PRO 6000 Blackwell Server Edition,gaussian_noise,1,0.6571893687707642,0.8043484134475725,0.7506234413965087,0.602,0.6681465038845728,1.7459475380558396,1779857238215003800,2703
coldstart_padim_real_iad_woodstick_gaussian_noise_s2,C:\Users\Usuario\Desktop\Thesis\Pipeline\Real-time-visual-defect-detection\data\outputs\Experiment 5\coldstart_padim_real_iad_woodstick_gaussian_noise_s2,padim,woodstick,NVIDIA RTX PRO 6000 Blackwell Server Edition,gaussian_noise,2,0.6514551495016611,0.7977144762199386,0.7956989247311828,0.444,0.5699614890885751,1.7297157216027594,1779857246851104900,2703
coldstart_padim_real_iad_woodstick_gaussian_noise_s3,C:\Users\Usuario\Desktop\Thesis\Pipeline\Real-time-visual-defect-detection\data\outputs\Experiment 5\coldstart_padim_real_iad_woodstick_gaussian_noise_s3,padim,woodstick,NVIDIA RTX PRO 6000 Blackwell Server Edition,gaussian_noise,3,0.6657275747508306,0.8005189722390529,0.8725490196078431,0.356,0.5056818181818182,1.7226933533083242,1779857241737896800,2705
coldstart_padim_real_iad_woodstick_motion_blur_s1,C:\Users\Usuario\Desktop\Thesis\Pipeline\Real-time-visual-defect-detection\data\outputs\Experiment 5\coldstart_padim_real_iad_woodstick_motion_blur_s1,padim,woodstick,Tesla T4,motion_blur,1,0.676044362639299,0.8460847029659895,0.2130951828979375,0.1506713797517521,0.1742840449397365,64.00371619474905,1779859224478154500,2627
coldstart_padim_real_iad_woodstick_motion_blur_s2,C:\Users\Usuario\Desktop\Thesis\Pipeline\Real-time-visual-defect-detection\data\outputs\Experiment 5\coldstart_padim_real_iad_woodstick_motion_blur_s2,padim,woodstick,Tesla T4,motion_blur,2,0.6500895788053362,0.841462455684716,0.2511357563968958,0.1140292687356366,0.156527689679208,66.74108828176668,1779859224488154100,2629
coldstart_padim_real_iad_woodstick_motion_blur_s3,C:\Users\Usuario\Desktop\Thesis\Pipeline\Real-time-visual-defect-detection\data\outputs\Experiment 5\coldstart_padim_real_iad_woodstick_motion_blur_s3,padim,woodstick,Tesla T4,motion_blur,3,0.6533385647130839,0.8322642023200404,0.2533363081138085,0.0771420669832528,0.1171850100097621,64.89678535143204,1779859224496333100,2650
coldstart_padim_real_iad_woodstick_shot_noise_s1,C:\Users\Usuario\Desktop\Thesis\Pipeline\Real-time-visual-defect-detection\data\outputs\Experiment 5\coldstart_padim_real_iad_woodstick_shot_noise_s1,padim,woodstick,Tesla T4,shot_noise,1,0.6026826280783224,0.804697317664403,0.2473034974098403,0.137066289349431,0.1698810618245688,35.38067810246994,1779859225360380800,2714
coldstart_padim_real_iad_woodstick_shot_noise_s2,C:\Users\Usuario\Desktop\Thesis\Pipeline\Real-time-visual-defect-detection\data\outputs\Experiment 5\coldstart_padim_real_iad_woodstick_shot_noise_s2,padim,woodstick,Tesla T4,shot_noise,2,0.5970315254243013,0.7986144947359348,0.2473076990877737,0.105974335268369,0.1435617391413641,35.009035860465325,1779859225370456300,2728
coldstart_padim_real_iad_woodstick_shot_noise_s3,C:\Users\Usuario\Desktop\Thesis\Pipeline\Real-time-visual-defect-detection\data\outputs\Experiment 5\coldstart_padim_real_iad_woodstick_shot_noise_s3,padim,woodstick,Tesla T4,shot_noise,3,0.5995989594438441,0.7948950299484002,0.3864796207734575,0.0568390850581401,0.092882203692975,35.51523507313,1779859225384158100,2728
coldstart_padim_real_iad_zipper_gaussian_noise_s1,C:\Users\Usuario\Desktop\Thesis\Pipeline\Real-time-visual-defect-detection\data\outputs\Experiment 5\coldstart_padim_real_iad_zipper_gaussian_noise_s1,padim,zipper,NVIDIA RTX PRO 6000 Blackwell Server Edition,gaussian_noise,1,0.6024584717607974,0.718452679257408,1.0,0.014,0.0276134122287968,1.758596404489139,1779857240383536100,2683
coldstart_padim_real_iad_zipper_gaussian_noise_s2,C:\Users\Usuario\Desktop\Thesis\Pipeline\Real-time-visual-defect-detection\data\outputs\Experiment 5\coldstart_padim_real_iad_zipper_gaussian_noise_s2,padim,zipper,NVIDIA RTX PRO 6000 Blackwell Server Edition,gaussian_noise,2,0.601920265780731,0.7180431196672579,0.9285714285714286,0.026,0.0505836575875486,1.7493218177170295,1779857245089813600,2700
coldstart_padim_real_iad_zipper_gaussian_noise_s3,C:\Users\Usuario\Desktop\Thesis\Pipeline\Real-time-visual-defect-detection\data\outputs\Experiment 5\coldstart_padim_real_iad_zipper_gaussian_noise_s3,padim,zipper,NVIDIA RTX PRO 6000 Blackwell Server Edition,gaussian_noise,3,0.5960398671096346,0.7165468341307014,0.7916666666666666,0.038,0.0725190839694656,1.7102208739209557,1779857246088019200,2702
coldstart_padim_real_iad_zipper_motion_blur_s1,C:\Users\Usuario\Desktop\Thesis\Pipeline\Real-time-visual-defect-detection\data\outputs\Experiment 5\coldstart_padim_real_iad_zipper_motion_blur_s1,padim,zipper,Tesla T4,motion_blur,1,0.6577563904300657,0.7976829408657014,0.999,0.0602387901188238,0.0919167980446121,62.83076205849173,1779859224504960200,2616
coldstart_padim_real_iad_zipper_motion_blur_s2,C:\Users\Usuario\Desktop\Thesis\Pipeline\Real-time-visual-defect-detection\data\outputs\Experiment 5\coldstart_padim_real_iad_zipper_motion_blur_s2,padim,zipper,Tesla T4,motion_blur,2,0.6415195489620925,0.8078193577229448,0.9938390747506244,0.001,0.0016587355275556,62.00316610939858,1779859224510962600,2617
coldstart_padim_real_iad_zipper_motion_blur_s3,C:\Users\Usuario\Desktop\Thesis\Pipeline\Real-time-visual-defect-detection\data\outputs\Experiment 5\coldstart_padim_real_iad_zipper_motion_blur_s3,padim,zipper,Tesla T4,motion_blur,3,0.591007821818642,0.773073087281104,0.9779457313586,0.001,0.0016322488805367,62.43683780273574,1779859224516960800,2606
coldstart_padim_real_iad_zipper_shot_noise_s1,C:\Users\Usuario\Desktop\Thesis\Pipeline\Real-time-visual-defect-detection\data\outputs\Experiment 5\coldstart_padim_real_iad_zipper_shot_noise_s1,padim,zipper,Tesla T4,shot_noise,1,0.6626838013822219,0.8059411270325831,0.9910300154056232,0.0235839815582604,0.037176641946883,33.8802187951132,1779859225395242900,2713
coldstart_padim_real_iad_zipper_shot_noise_s2,C:\Users\Usuario\Desktop\Thesis\Pipeline\Real-time-visual-defect-detection\data\outputs\Experiment 5\coldstart_padim_real_iad_zipper_shot_noise_s2,padim,zipper,Tesla T4,shot_noise,2,0.6294433660851019,0.7824384840894695,0.9345120480847604,0.001,0.0016614659125282,33.124998993542775,1779859225404114700,2724
coldstart_padim_real_iad_zipper_shot_noise_s3,C:\Users\Usuario\Desktop\Thesis\Pipeline\Real-time-visual-defect-detection\data\outputs\Experiment 5\coldstart_padim_real_iad_zipper_shot_noise_s3,padim,zipper,Tesla T4,shot_noise,3,0.6152477832946432,0.7785794216735152,0.999,0.001,0.0016392713923489,33.60012360897621,1779859225411113900,2683
coldstart_patchcore_real_iad_audiojack_gaussian_noise_s1,C:\Users\Usuario\Desktop\Thesis\Pipeline\Real-time-visual-defect-detection\data\outputs\Experiment 5\coldstart_patchcore_real_iad_audiojack_gaussian_noise_s1,patchcore,audiojack,Tesla T4,gaussian_noise,1,0.6987120201433628,0.8549420939792772,0.9314645783992972,0.2498104559501763,0.3936134130070968,330.72973661668635,1779856650507842600,2457
coldstart_patchcore_real_iad_audiojack_gaussian_noise_s2,C:\Users\Usuario\Desktop\Thesis\Pipeline\Real-time-visual-defect-detection\data\outputs\Experiment 5\coldstart_patchcore_real_iad_audiojack_gaussian_noise_s2,patchcore,audiojack,Tesla T4,gaussian_noise,2,0.693903995100439,0.8650113444550086,0.938455388289225,0.2260047467926696,0.3636404089315012,331.7911080287688,1779856650507842600,2445
coldstart_patchcore_real_iad_audiojack_gaussian_noise_s3,C:\Users\Usuario\Desktop\Thesis\Pipeline\Real-time-visual-defect-detection\data\outputs\Experiment 5\coldstart_patchcore_real_iad_audiojack_gaussian_noise_s3,patchcore,audiojack,Tesla T4,gaussian_noise,3,0.690370722286242,0.8684211514092699,0.9598336700862936,0.208530629647597,0.3420035110596392,330.434379046015,1779856650529358000,2447
coldstart_patchcore_real_iad_audiojack_motion_blur_s1,C:\Users\Usuario\Desktop\Thesis\Pipeline\Real-time-visual-defect-detection\data\outputs\Experiment 5\coldstart_patchcore_real_iad_audiojack_motion_blur_s1,patchcore,audiojack,Tesla T4,motion_blur,1,0.7601346949820106,0.8887455359161945,0.925,0.2862669245647969,0.4372230428360414,370.90247189154815,1779435945765805700,2571
coldstart_patchcore_real_iad_audiojack_motion_blur_s2,C:\Users\Usuario\Desktop\Thesis\Pipeline\Real-time-visual-defect-detection\data\outputs\Experiment 5\coldstart_patchcore_real_iad_audiojack_motion_blur_s2,patchcore,audiojack,Tesla T4,motion_blur,2,0.7328098535793388,0.8768818813203633,0.8961748633879781,0.3172147001934235,0.4685714285714285,370.5268980704561,1779435944432473600,2584
coldstart_patchcore_real_iad_audiojack_motion_blur_s3,C:\Users\Usuario\Desktop\Thesis\Pipeline\Real-time-visual-defect-detection\data\outputs\Experiment 5\coldstart_patchcore_real_iad_audiojack_motion_blur_s3,patchcore,audiojack,Tesla T4,motion_blur,3,0.7167196159589502,0.8749812441721242,0.9662162162162162,0.2765957446808511,0.4300751879699248,369.9626364422546,1779435933715913000,2586
coldstart_patchcore_real_iad_audiojack_shot_noise_s1,C:\Users\Usuario\Desktop\Thesis\Pipeline\Real-time-visual-defect-detection\data\outputs\Experiment 5\coldstart_patchcore_real_iad_audiojack_shot_noise_s1,patchcore,audiojack,Tesla T4,shot_noise,1,0.7343772057851267,0.8708760281041013,0.970752156138213,0.2588338872804689,0.4079488229011067,310.74621214518874,1779850286212395700,2429
coldstart_patchcore_real_iad_audiojack_shot_noise_s2,C:\Users\Usuario\Desktop\Thesis\Pipeline\Real-time-visual-defect-detection\data\outputs\Experiment 5\coldstart_patchcore_real_iad_audiojack_shot_noise_s2,patchcore,audiojack,Tesla T4,shot_noise,2,0.7262437015059509,0.8688312786062398,0.999,0.2533526105383815,0.4030561568469999,310.5622658076969,1779850287144436800,2403
coldstart_patchcore_real_iad_audiojack_shot_noise_s3,C:\Users\Usuario\Desktop\Thesis\Pipeline\Real-time-visual-defect-detection\data\outputs\Experiment 5\coldstart_patchcore_real_iad_audiojack_shot_noise_s3,patchcore,audiojack,Tesla T4,shot_noise,3,0.7448939519379831,0.8846457418098123,0.999,0.2290189049864054,0.3732258556701586,314.37298390752426,1779850288313521800,2412
coldstart_patchcore_real_iad_bottle_cap_gaussian_noise_s1,C:\Users\Usuario\Desktop\Thesis\Pipeline\Real-time-visual-defect-detection\data\outputs\Experiment 5\coldstart_patchcore_real_iad_bottle_cap_gaussian_noise_s1,patchcore,bottle_cap,Tesla T4,gaussian_noise,1,0.9083115312064562,0.9580171691162233,0.999,0.3287565930367442,0.4952996548133473,329.033444366554,1779856650534357400,2410
coldstart_patchcore_real_iad_bottle_cap_gaussian_noise_s2,C:\Users\Usuario\Desktop\Thesis\Pipeline\Real-time-visual-defect-detection\data\outputs\Experiment 5\coldstart_patchcore_real_iad_bottle_cap_gaussian_noise_s2,patchcore,bottle_cap,Tesla T4,gaussian_noise,2,0.8574078133719792,0.9348924528289184,0.999,0.3291432255466588,0.4940139559572618,327.2224330155307,1779856650539356100,2412
coldstart_patchcore_real_iad_bottle_cap_gaussian_noise_s3,C:\Users\Usuario\Desktop\Thesis\Pipeline\Real-time-visual-defect-detection\data\outputs\Experiment 5\coldstart_patchcore_real_iad_bottle_cap_gaussian_noise_s3,patchcore,bottle_cap,Tesla T4,gaussian_noise,3,0.784339661392364,0.9065087004645028,0.999,0.323285898847891,0.490432225912478,309.91352496184584,1779856650543691600,2433
coldstart_patchcore_real_iad_bottle_cap_motion_blur_s1,C:\Users\Usuario\Desktop\Thesis\Pipeline\Real-time-visual-defect-detection\data\outputs\Experiment 5\coldstart_patchcore_real_iad_bottle_cap_motion_blur_s1,patchcore,bottle_cap,Tesla T4,motion_blur,1,0.9456029843444228,0.9772511453000532,1.0,0.2954990215264187,0.4561933534743202,367.6507876273215,1779435966337193300,2573
coldstart_patchcore_real_iad_bottle_cap_motion_blur_s2,C:\Users\Usuario\Desktop\Thesis\Pipeline\Real-time-visual-defect-detection\data\outputs\Experiment 5\coldstart_patchcore_real_iad_bottle_cap_motion_blur_s2,patchcore,bottle_cap,Tesla T4,motion_blur,2,0.8801777560339203,0.9521830844857936,1.0,0.2954990215264187,0.4561933534743202,368.3106642915984,1779435937331331900,2571
coldstart_patchcore_real_iad_bottle_cap_motion_blur_s3,C:\Users\Usuario\Desktop\Thesis\Pipeline\Real-time-visual-defect-detection\data\outputs\Experiment 5\coldstart_patchcore_real_iad_bottle_cap_motion_blur_s3,patchcore,bottle_cap,Tesla T4,motion_blur,3,0.7610689823874754,0.899790756337169,0.9681528662420382,0.2974559686888454,0.4550898203592814,336.5623552432405,1779435958762671200,2587
coldstart_patchcore_real_iad_bottle_cap_shot_noise_s1,C:\Users\Usuario\Desktop\Thesis\Pipeline\Real-time-visual-defect-detection\data\outputs\Experiment 5\coldstart_patchcore_real_iad_bottle_cap_shot_noise_s1,patchcore,bottle_cap,Tesla T4,shot_noise,1,0.9118455573826276,0.9529389623537348,0.999,0.3440084377733837,0.5121538189631242,313.67711268184775,1779850289461122400,2386
coldstart_patchcore_real_iad_bottle_cap_shot_noise_s2,C:\Users\Usuario\Desktop\Thesis\Pipeline\Real-time-visual-defect-detection\data\outputs\Experiment 5\coldstart_patchcore_real_iad_bottle_cap_shot_noise_s2,patchcore,bottle_cap,Tesla T4,shot_noise,2,0.8830391229090898,0.9449306277768784,0.999,0.3391248533236911,0.5076641622781596,311.1917486200427,1779850290440695000,2389
coldstart_patchcore_real_iad_bottle_cap_shot_noise_s3,C:\Users\Usuario\Desktop\Thesis\Pipeline\Real-time-visual-defect-detection\data\outputs\Experiment 5\coldstart_patchcore_real_iad_bottle_cap_shot_noise_s3,patchcore,bottle_cap,Tesla T4,shot_noise,3,0.7952340111451035,0.8999385718984996,0.9963516988034836,0.349659145353594,0.5193266337313841,297.02710191532185,1779850291472077600,2421
coldstart_patchcore_real_iad_button_battery_gaussian_noise_s1,C:\Users\Usuario\Desktop\Thesis\Pipeline\Real-time-visual-defect-detection\data\outputs\Experiment 5\coldstart_patchcore_real_iad_button_battery_gaussian_noise_s1,patchcore,button_battery,Tesla T4,gaussian_noise,1,0.8471156039739356,0.941671997993912,0.9783708794405546,0.4806861454194969,0.6463523486463416,310.40198514087524,1779856650546734100,2458
coldstart_patchcore_real_iad_button_battery_gaussian_noise_s2,C:\Users\Usuario\Desktop\Thesis\Pipeline\Real-time-visual-defect-detection\data\outputs\Experiment 5\coldstart_patchcore_real_iad_button_battery_gaussian_noise_s2,patchcore,button_battery,Tesla T4,gaussian_noise,2,0.8096718771371018,0.923954384228898,0.920561887265178,0.4547363792976403,0.61024722173607,311.22772394860226,1779856650551690500,2449
coldstart_patchcore_real_iad_button_battery_gaussian_noise_s3,C:\Users\Usuario\Desktop\Thesis\Pipeline\Real-time-visual-defect-detection\data\outputs\Experiment 5\coldstart_patchcore_real_iad_button_battery_gaussian_noise_s3,patchcore,button_battery,Tesla T4,gaussian_noise,3,0.7353514194598887,0.8889877481208794,0.952405750834968,0.3474516508799643,0.5081783179288042,314.19719717024503,1779856650555693600,2448
coldstart_patchcore_real_iad_button_battery_motion_blur_s1,C:\Users\Usuario\Desktop\Thesis\Pipeline\Real-time-visual-defect-detection\data\outputs\Experiment 5\coldstart_patchcore_real_iad_button_battery_motion_blur_s1,patchcore,button_battery,Tesla T4,motion_blur,1,0.8437496697001405,0.9444358227702576,0.9912280701754386,0.437137330754352,0.6067114093959731,338.7844307499552,1779435954961406100,2594
coldstart_patchcore_real_iad_button_battery_motion_blur_s2,C:\Users\Usuario\Desktop\Thesis\Pipeline\Real-time-visual-defect-detection\data\outputs\Experiment 5\coldstart_patchcore_real_iad_button_battery_motion_blur_s2,patchcore,button_battery,Tesla T4,motion_blur,2,0.7582522116878586,0.909780113589273,0.9672897196261684,0.4003868471953578,0.5663474692202463,338.2112036514339,1779435960509785500,2589
coldstart_patchcore_real_iad_button_battery_motion_blur_s3,C:\Users\Usuario\Desktop\Thesis\Pipeline\Real-time-visual-defect-detection\data\outputs\Experiment 5\coldstart_patchcore_real_iad_button_battery_motion_blur_s3,patchcore,button_battery,Tesla T4,motion_blur,3,0.6776167676063037,0.8688136433499356,0.9759036144578314,0.1566731141199226,0.27,338.6879124614204,1779435956874586900,2576
coldstart_patchcore_real_iad_button_battery_shot_noise_s1,C:\Users\Usuario\Desktop\Thesis\Pipeline\Real-time-visual-defect-detection\data\outputs\Experiment 5\coldstart_patchcore_real_iad_button_battery_shot_noise_s1,patchcore,button_battery,Tesla T4,shot_noise,1,0.8493757886998629,0.9459330121812832,0.9764377813174028,0.454778502242787,0.6208492874131786,297.3100733821926,1779850292549628600,2402
coldstart_patchcore_real_iad_button_battery_shot_noise_s2,C:\Users\Usuario\Desktop\Thesis\Pipeline\Real-time-visual-defect-detection\data\outputs\Experiment 5\coldstart_patchcore_real_iad_button_battery_shot_noise_s2,patchcore,button_battery,Tesla T4,shot_noise,2,0.8033399650255464,0.9298433712111078,0.9500933903618436,0.4394556479517607,0.6030134074363674,300.5960389049782,1779850293460887800,2424
coldstart_patchcore_real_iad_button_battery_shot_noise_s3,C:\Users\Usuario\Desktop\Thesis\Pipeline\Real-time-visual-defect-detection\data\outputs\Experiment 5\coldstart_patchcore_real_iad_button_battery_shot_noise_s3,patchcore,button_battery,Tesla T4,shot_noise,3,0.7483249164520233,0.9044424042954078,0.999,0.3161262879515994,0.4802594972538726,299.22741872650914,1779850295067221800,2409
coldstart_patchcore_real_iad_end_cap_gaussian_noise_s1,C:\Users\Usuario\Desktop\Thesis\Pipeline\Real-time-visual-defect-detection\data\outputs\Experiment 5\coldstart_patchcore_real_iad_end_cap_gaussian_noise_s1,patchcore,end_cap,Tesla T4,gaussian_noise,1,0.7488399434614506,0.8670690283326208,0.890366038165058,0.4282472584109636,0.5785809573632714,310.28039879276423,1779856650557693200,2451
coldstart_patchcore_real_iad_end_cap_gaussian_noise_s2,C:\Users\Usuario\Desktop\Thesis\Pipeline\Real-time-visual-defect-detection\data\outputs\Experiment 5\coldstart_patchcore_real_iad_end_cap_gaussian_noise_s2,patchcore,end_cap,Tesla T4,gaussian_noise,2,0.6817243542707853,0.8373620177511008,0.858323405700394,0.3262554532264443,0.4725009012933509,310.3524537216563,1779856650564978600,2445
coldstart_patchcore_real_iad_end_cap_gaussian_noise_s3,C:\Users\Usuario\Desktop\Thesis\Pipeline\Real-time-visual-defect-detection\data\outputs\Experiment 5\coldstart_patchcore_real_iad_end_cap_gaussian_noise_s3,patchcore,end_cap,Tesla T4,gaussian_noise,3,0.6580345302593512,0.8297606368961686,0.9055851157960756,0.3208660052309608,0.4732936250260821,314.5380828951261,1779856650571019800,2432
coldstart_patchcore_real_iad_end_cap_motion_blur_s1,C:\Users\Usuario\Desktop\Thesis\Pipeline\Real-time-visual-defect-detection\data\outputs\Experiment 5\coldstart_patchcore_real_iad_end_cap_motion_blur_s1,patchcore,end_cap,Tesla T4,motion_blur,1,0.7472738799661878,0.8673263098389952,0.911504424778761,0.3961538461538461,0.552278820375335,339.6098299814507,1779435953940260300,2579
coldstart_patchcore_real_iad_end_cap_motion_blur_s2,C:\Users\Usuario\Desktop\Thesis\Pipeline\Real-time-visual-defect-detection\data\outputs\Experiment 5\coldstart_patchcore_real_iad_end_cap_motion_blur_s2,patchcore,end_cap,Tesla T4,motion_blur,2,0.6466081994928149,0.8205949640203587,0.8598130841121495,0.1769230769230769,0.2934609250398724,338.5930831837576,1779435958103328000,2579
coldstart_patchcore_real_iad_end_cap_motion_blur_s3,C:\Users\Usuario\Desktop\Thesis\Pipeline\Real-time-visual-defect-detection\data\outputs\Experiment 5\coldstart_patchcore_real_iad_end_cap_motion_blur_s3,patchcore,end_cap,Tesla T4,motion_blur,3,0.62603550295858,0.8102934162523243,0.8431372549019608,0.1653846153846153,0.2765273311897106,338.88228779773766,1779435937217997400,2583
coldstart_patchcore_real_iad_end_cap_shot_noise_s1,C:\Users\Usuario\Desktop\Thesis\Pipeline\Real-time-visual-defect-detection\data\outputs\Experiment 5\coldstart_patchcore_real_iad_end_cap_shot_noise_s1,patchcore,end_cap,Tesla T4,shot_noise,1,0.8134254885983009,0.907554876586636,0.8995276165520839,0.3952632358131244,0.5475578703992516,299.5364277987327,1779850295997996500,2407
coldstart_patchcore_real_iad_end_cap_shot_noise_s2,C:\Users\Usuario\Desktop\Thesis\Pipeline\Real-time-visual-defect-detection\data\outputs\Experiment 5\coldstart_patchcore_real_iad_end_cap_shot_noise_s2,patchcore,end_cap,Tesla T4,shot_noise,2,0.7408551044777366,0.876038523725059,0.9416289020596428,0.3023295149562441,0.4563079693890433,298.8260527579269,1779850297238377600,2392
coldstart_patchcore_real_iad_end_cap_shot_noise_s3,C:\Users\Usuario\Desktop\Thesis\Pipeline\Real-time-visual-defect-detection\data\outputs\Experiment 5\coldstart_patchcore_real_iad_end_cap_shot_noise_s3,patchcore,end_cap,Tesla T4,shot_noise,3,0.749832166740632,0.8589451872200613,0.9276206003841104,0.3254133481659386,0.4812295754116718,300.9311969962076,1779850298253969900,2408
coldstart_patchcore_real_iad_eraser_gaussian_noise_s1,C:\Users\Usuario\Desktop\Thesis\Pipeline\Real-time-visual-defect-detection\data\outputs\Experiment 5\coldstart_patchcore_real_iad_eraser_gaussian_noise_s1,patchcore,eraser,Tesla T4,gaussian_noise,1,0.7753508808926436,0.9248518131675566,0.9808181652685548,0.346673351052202,0.5117937912575515,313.8090204106396,1779856650577300500,2450
coldstart_patchcore_real_iad_eraser_gaussian_noise_s2,C:\Users\Usuario\Desktop\Thesis\Pipeline\Real-time-visual-defect-detection\data\outputs\Experiment 5\coldstart_patchcore_real_iad_eraser_gaussian_noise_s2,patchcore,eraser,Tesla T4,gaussian_noise,2,0.7454672811787376,0.8994818959903442,0.999,0.3301598664229971,0.4971959435374243,311.25158406743765,1779856650582300800,2435
coldstart_patchcore_real_iad_eraser_gaussian_noise_s3,C:\Users\Usuario\Desktop\Thesis\Pipeline\Real-time-visual-defect-detection\data\outputs\Experiment 5\coldstart_patchcore_real_iad_eraser_gaussian_noise_s3,patchcore,eraser,Tesla T4,gaussian_noise,3,0.7116987017334229,0.8943188490038008,0.999,0.2978188133413695,0.4587699512389989,308.31251437895884,1779856650587299000,2423
coldstart_patchcore_real_iad_eraser_motion_blur_s1,C:\Users\Usuario\Desktop\Thesis\Pipeline\Real-time-visual-defect-detection\data\outputs\Experiment 5\coldstart_patchcore_real_iad_eraser_motion_blur_s1,patchcore,eraser,Tesla T4,motion_blur,1,0.7649452175303904,0.90513001695256,0.949238578680203,0.3589251439539347,0.520891364902507,336.9730893309998,1779435948658119200,2573
coldstart_patchcore_real_iad_eraser_motion_blur_s2,C:\Users\Usuario\Desktop\Thesis\Pipeline\Real-time-visual-defect-detection\data\outputs\Experiment 5\coldstart_patchcore_real_iad_eraser_motion_blur_s2,patchcore,eraser,Tesla T4,motion_blur,2,0.7330554222648752,0.8932762684217759,0.9466019417475728,0.3742802303262956,0.5364511691884457,336.9459936423534,1779435936942443100,2581
coldstart_patchcore_real_iad_eraser_motion_blur_s3,C:\Users\Usuario\Desktop\Thesis\Pipeline\Real-time-visual-defect-detection\data\outputs\Experiment 5\coldstart_patchcore_real_iad_eraser_motion_blur_s3,patchcore,eraser,Tesla T4,motion_blur,3,0.7346449136276392,0.8914247851718659,0.9588235294117649,0.3128598848368522,0.47178002894356,336.4463790041394,1779435934968459900,2579
coldstart_patchcore_real_iad_eraser_shot_noise_s1,C:\Users\Usuario\Desktop\Thesis\Pipeline\Real-time-visual-defect-detection\data\outputs\Experiment 5\coldstart_patchcore_real_iad_eraser_shot_noise_s1,patchcore,eraser,Tesla T4,shot_noise,1,0.7579069144034379,0.8964404999754431,0.9861578332647822,0.3077919187759227,0.4678161132233608,294.9334229944443,1779850299856819100,2416
coldstart_patchcore_real_iad_eraser_shot_noise_s2,C:\Users\Usuario\Desktop\Thesis\Pipeline\Real-time-visual-defect-detection\data\outputs\Experiment 5\coldstart_patchcore_real_iad_eraser_shot_noise_s2,patchcore,eraser,Tesla T4,shot_noise,2,0.7857231052474758,0.9144008729990108,0.8933507402332047,0.3120818303260808,0.4632282433140074,296.5319000909499,1779850301012142900,2419
coldstart_patchcore_real_iad_eraser_shot_noise_s3,C:\Users\Usuario\Desktop\Thesis\Pipeline\Real-time-visual-defect-detection\data\outputs\Experiment 5\coldstart_patchcore_real_iad_eraser_shot_noise_s3,patchcore,eraser,Tesla T4,shot_noise,3,0.7453587776404279,0.8996781334333271,0.4573463659299023,0.2674620755483451,0.3369554500724366,294.2984962771318,1779850301984331800,2403
coldstart_patchcore_real_iad_fire_hood_gaussian_noise_s1,C:\Users\Usuario\Desktop\Thesis\Pipeline\Real-time-visual-defect-detection\data\outputs\Experiment 5\coldstart_patchcore_real_iad_fire_hood_gaussian_noise_s1,patchcore,fire_hood,Tesla T4,gaussian_noise,1,0.8060455212359086,0.9263369258112396,0.9938983668828874,0.3851884053931272,0.5571870318357282,311.23868088923126,1779856650592309300,2440
coldstart_patchcore_real_iad_fire_hood_gaussian_noise_s2,C:\Users\Usuario\Desktop\Thesis\Pipeline\Real-time-visual-defect-detection\data\outputs\Experiment 5\coldstart_patchcore_real_iad_fire_hood_gaussian_noise_s2,patchcore,fire_hood,Tesla T4,gaussian_noise,2,0.8020547550055607,0.9136498589958612,0.9885511746985624,0.3360357570461769,0.5017928417412724,309.8521143884244,1779856650598301800,2442
coldstart_patchcore_real_iad_fire_hood_gaussian_noise_s3,C:\Users\Usuario\Desktop\Thesis\Pipeline\Real-time-visual-defect-detection\data\outputs\Experiment 5\coldstart_patchcore_real_iad_fire_hood_gaussian_noise_s3,patchcore,fire_hood,Tesla T4,gaussian_noise,3,0.7883834593171679,0.9064973521601916,0.9833224928127458,0.3543639079967372,0.5217258024238078,310.2219792444557,1779856650603302400,2443
coldstart_patchcore_real_iad_fire_hood_motion_blur_s1,C:\Users\Usuario\Desktop\Thesis\Pipeline\Real-time-visual-defect-detection\data\outputs\Experiment 5\coldstart_patchcore_real_iad_fire_hood_motion_blur_s1,patchcore,fire_hood,Tesla T4,motion_blur,1,0.7579167653794519,0.8952098067828276,0.9685863874345548,0.367063492063492,0.5323741007194245,338.06032923264166,1779435959057046100,2587
coldstart_patchcore_real_iad_fire_hood_motion_blur_s2,C:\Users\Usuario\Desktop\Thesis\Pipeline\Real-time-visual-defect-detection\data\outputs\Experiment 5\coldstart_patchcore_real_iad_fire_hood_motion_blur_s2,patchcore,fire_hood,Tesla T4,motion_blur,2,0.7355681907920715,0.8876204764973856,0.9640718562874252,0.3194444444444444,0.4798807749627421,337.8804555290762,1779435950079779400,2586
coldstart_patchcore_real_iad_fire_hood_motion_blur_s3,C:\Users\Usuario\Desktop\Thesis\Pipeline\Real-time-visual-defect-detection\data\outputs\Experiment 5\coldstart_patchcore_real_iad_fire_hood_motion_blur_s3,patchcore,fire_hood,Tesla T4,motion_blur,3,0.7199320856037273,0.8786676130620088,0.9476439790575916,0.3591269841269841,0.520863309352518,337.90304033910934,1779435944047602300,2587
coldstart_patchcore_real_iad_fire_hood_shot_noise_s1,C:\Users\Usuario\Desktop\Thesis\Pipeline\Real-time-visual-defect-detection\data\outputs\Experiment 5\coldstart_patchcore_real_iad_fire_hood_shot_noise_s1,patchcore,fire_hood,Tesla T4,shot_noise,1,0.7986814877219747,0.9221500097846292,0.9940883938282647,0.4887575991875119,0.6549183031316259,299.16305076010224,1779850303092333400,2411
coldstart_patchcore_real_iad_fire_hood_shot_noise_s2,C:\Users\Usuario\Desktop\Thesis\Pipeline\Real-time-visual-defect-detection\data\outputs\Experiment 5\coldstart_patchcore_real_iad_fire_hood_shot_noise_s2,patchcore,fire_hood,Tesla T4,shot_noise,2,0.8029649949537366,0.9289023385920976,0.999,0.3995255969713086,0.5711366633900358,298.7696979193782,1779850304155615000,2403
coldstart_patchcore_real_iad_fire_hood_shot_noise_s3,C:\Users\Usuario\Desktop\Thesis\Pipeline\Real-time-visual-defect-detection\data\outputs\Experiment 5\coldstart_patchcore_real_iad_fire_hood_shot_noise_s3,patchcore,fire_hood,Tesla T4,shot_noise,3,0.7992227318128918,0.9212444797667162,0.9854515646723996,0.4646677966790046,0.631609049487672,298.0844140543852,1779850305409285900,2408
coldstart_patchcore_real_iad_mint_gaussian_noise_s1,C:\Users\Usuario\Desktop\Thesis\Pipeline\Real-time-visual-defect-detection\data\outputs\Experiment 5\coldstart_patchcore_real_iad_mint_gaussian_noise_s1,patchcore,mint,Tesla T4,gaussian_noise,1,0.567956248318463,0.9700540521087828,0.999,0.1631818152443566,0.2813638587922413,313.285348902562,1779856650606322600,2431
coldstart_patchcore_real_iad_mint_gaussian_noise_s2,C:\Users\Usuario\Desktop\Thesis\Pipeline\Real-time-visual-defect-detection\data\outputs\Experiment 5\coldstart_patchcore_real_iad_mint_gaussian_noise_s2,patchcore,mint,Tesla T4,gaussian_noise,2,0.562580427067978,0.9585285402943458,0.9859329998407412,0.1508375199071771,0.2623978158883384,313.85866280325695,1779856650609955700,2447
coldstart_patchcore_real_iad_mint_gaussian_noise_s3,C:\Users\Usuario\Desktop\Thesis\Pipeline\Real-time-visual-defect-detection\data\outputs\Experiment 5\coldstart_patchcore_real_iad_mint_gaussian_noise_s3,patchcore,mint,Tesla T4,gaussian_noise,3,0.51827959048563,0.9610323968626232,0.9335458238653404,0.137026571556462,0.2383223868202759,310.5612593354855,1779856650614018200,2446
coldstart_patchcore_real_iad_mint_motion_blur_s1,C:\Users\Usuario\Desktop\Thesis\Pipeline\Real-time-visual-defect-detection\data\outputs\Experiment 5\coldstart_patchcore_real_iad_mint_motion_blur_s1,patchcore,mint,Tesla T4,motion_blur,1,0.6098794400841493,0.969969145608797,0.975609756097561,0.1650618982118294,0.2823529411764706,339.34937212354805,1779435954767320000,2575
coldstart_patchcore_real_iad_mint_motion_blur_s2,C:\Users\Usuario\Desktop\Thesis\Pipeline\Real-time-visual-defect-detection\data\outputs\Experiment 5\coldstart_patchcore_real_iad_mint_motion_blur_s2,patchcore,mint,Tesla T4,motion_blur,2,0.5757342827089571,0.9674760806083188,0.968421052631579,0.1265474552957359,0.2238442822384428,339.0614784769668,1779435953796398300,2573
coldstart_patchcore_real_iad_mint_motion_blur_s3,C:\Users\Usuario\Desktop\Thesis\Pipeline\Real-time-visual-defect-detection\data\outputs\Experiment 5\coldstart_patchcore_real_iad_mint_motion_blur_s3,patchcore,mint,Tesla T4,motion_blur,3,0.5634355530382716,0.9651700950306724,0.9620253164556962,0.1045392022008253,0.1885856079404466,338.599263379764,1779435949566919800,2575
coldstart_patchcore_real_iad_mint_shot_noise_s1,C:\Users\Usuario\Desktop\Thesis\Pipeline\Real-time-visual-defect-detection\data\outputs\Experiment 5\coldstart_patchcore_real_iad_mint_shot_noise_s1,patchcore,mint,Tesla T4,shot_noise,1,0.5303558937796612,0.9649018121202306,0.999,0.1646050993670723,0.2819986715409956,297.8976577330619,1779850306509176600,2402
coldstart_patchcore_real_iad_mint_shot_noise_s2,C:\Users\Usuario\Desktop\Thesis\Pipeline\Real-time-visual-defect-detection\data\outputs\Experiment 5\coldstart_patchcore_real_iad_mint_shot_noise_s2,patchcore,mint,Tesla T4,shot_noise,2,0.5268357371832919,0.9577874009179572,0.999,0.1545580766483549,0.2674294006659502,295.3933512432844,1779850307406203500,2403
coldstart_patchcore_real_iad_mint_shot_noise_s3,C:\Users\Usuario\Desktop\Thesis\Pipeline\Real-time-visual-defect-detection\data\outputs\Experiment 5\coldstart_patchcore_real_iad_mint_shot_noise_s3,patchcore,mint,Tesla T4,shot_noise,3,0.5507620492948346,0.9601247532684272,0.999,0.1300067724488105,0.2297098612684265,298.21358452111906,1779850308722779700,2407
coldstart_patchcore_real_iad_mounts_gaussian_noise_s1,C:\Users\Usuario\Desktop\Thesis\Pipeline\Real-time-visual-defect-detection\data\outputs\Experiment 5\coldstart_patchcore_real_iad_mounts_gaussian_noise_s1,patchcore,mounts,Tesla T4,gaussian_noise,1,0.8340489941214447,0.9375591768234548,0.999,0.4150940828185814,0.5842517350154107,312.6966452068526,1779856650623177000,2417
coldstart_patchcore_real_iad_mounts_gaussian_noise_s2,C:\Users\Usuario\Desktop\Thesis\Pipeline\Real-time-visual-defect-detection\data\outputs\Experiment 5\coldstart_patchcore_real_iad_mounts_gaussian_noise_s2,patchcore,mounts,Tesla T4,gaussian_noise,2,0.8320898900974792,0.9358940556422304,0.9935070363477788,0.4284206843159546,0.6004468085397834,311.4501056212854,1779856650628636800,2434
coldstart_patchcore_real_iad_mounts_gaussian_noise_s3,C:\Users\Usuario\Desktop\Thesis\Pipeline\Real-time-visual-defect-detection\data\outputs\Experiment 5\coldstart_patchcore_real_iad_mounts_gaussian_noise_s3,patchcore,mounts,Tesla T4,gaussian_noise,3,0.803551669178249,0.9203444661174484,0.999,0.4060401535346348,0.5772360671706965,310.98603896965056,1779856650633706400,2422
coldstart_patchcore_real_iad_mounts_motion_blur_s1,C:\Users\Usuario\Desktop\Thesis\Pipeline\Real-time-visual-defect-detection\data\outputs\Experiment 5\coldstart_patchcore_real_iad_mounts_motion_blur_s1,patchcore,mounts,Tesla T4,motion_blur,1,0.8720510576365192,0.9531888556340532,1.0,0.410958904109589,0.5825242718446603,338.16307042532213,1779435960031681300,2562
coldstart_patchcore_real_iad_mounts_motion_blur_s2,C:\Users\Usuario\Desktop\Thesis\Pipeline\Real-time-visual-defect-detection\data\outputs\Experiment 5\coldstart_patchcore_real_iad_mounts_motion_blur_s2,patchcore,mounts,Tesla T4,motion_blur,2,0.8697990933139278,0.9524784978414804,1.0,0.4070450097847358,0.5785813630041724,338.1603125647736,1779435934387870500,2563
coldstart_patchcore_real_iad_mounts_motion_blur_s3,C:\Users\Usuario\Desktop\Thesis\Pipeline\Real-time-visual-defect-detection\data\outputs\Experiment 5\coldstart_patchcore_real_iad_mounts_motion_blur_s3,patchcore,mounts,Tesla T4,motion_blur,3,0.852648762403013,0.9464756277734758,1.0,0.3796477495107632,0.550354609929078,337.1999506534874,1779435947743556900,2564
coldstart_patchcore_real_iad_mounts_shot_noise_s1,C:\Users\Usuario\Desktop\Thesis\Pipeline\Real-time-visual-defect-detection\data\outputs\Experiment 5\coldstart_patchcore_real_iad_mounts_shot_noise_s1,patchcore,mounts,Tesla T4,shot_noise,1,0.8288967069436537,0.9297331300493524,0.9330937808504624,0.4372982155100473,0.5950193950516697,298.52706218290075,1779850309924779800,2406
coldstart_patchcore_real_iad_mounts_shot_noise_s2,C:\Users\Usuario\Desktop\Thesis\Pipeline\Real-time-visual-defect-detection\data\outputs\Experiment 5\coldstart_patchcore_real_iad_mounts_shot_noise_s2,patchcore,mounts,Tesla T4,shot_noise,2,0.8320207819882748,0.9372926873082,0.999,0.422158649146421,0.5928040084745306,296.0714697715373,1779850311081458600,2373
coldstart_patchcore_real_iad_mounts_shot_noise_s3,C:\Users\Usuario\Desktop\Thesis\Pipeline\Real-time-visual-defect-detection\data\outputs\Experiment 5\coldstart_patchcore_real_iad_mounts_shot_noise_s3,patchcore,mounts,Tesla T4,shot_noise,3,0.8210770792587907,0.9244018873598886,0.4422377100910095,0.4071105206276042,0.4245474158001028,299.6001738731768,1779850312074550900,2403
coldstart_patchcore_real_iad_pcb_gaussian_noise_s1,C:\Users\Usuario\Desktop\Thesis\Pipeline\Real-time-visual-defect-detection\data\outputs\Experiment 5\coldstart_patchcore_real_iad_pcb_gaussian_noise_s1,patchcore,pcb,Tesla T4,gaussian_noise,1,0.8708149388949908,0.9515814513350248,0.999,0.3244920091624267,0.4917411066457439,310.06671123832194,1779856650637252600,2431
coldstart_patchcore_real_iad_pcb_gaussian_noise_s2,C:\Users\Usuario\Desktop\Thesis\Pipeline\Real-time-visual-defect-detection\data\outputs\Experiment 5\coldstart_patchcore_real_iad_pcb_gaussian_noise_s2,patchcore,pcb,Tesla T4,gaussian_noise,2,0.8557898198506101,0.9452134282874924,0.999,0.3129000194642877,0.4783563616611648,313.8948850095554,1779856650642747100,2435
coldstart_patchcore_real_iad_pcb_gaussian_noise_s3,C:\Users\Usuario\Desktop\Thesis\Pipeline\Real-time-visual-defect-detection\data\outputs\Experiment 5\coldstart_patchcore_real_iad_pcb_gaussian_noise_s3,patchcore,pcb,Tesla T4,gaussian_noise,3,0.765751223922106,0.9002000805651246,0.9865910177278826,0.3031638093838102,0.4636204690905555,315.58633442473115,1779856650646748600,2441
coldstart_patchcore_real_iad_pcb_motion_blur_s1,C:\Users\Usuario\Desktop\Thesis\Pipeline\Real-time-visual-defect-detection\data\outputs\Experiment 5\coldstart_patchcore_real_iad_pcb_motion_blur_s1,patchcore,pcb,Tesla T4,motion_blur,1,0.8472775023667253,0.9385171551523248,1.0,0.2789783889980353,0.4362519201228879,340.0879171038577,1779435951394955000,2561
coldstart_patchcore_real_iad_pcb_motion_blur_s2,C:\Users\Usuario\Desktop\Thesis\Pipeline\Real-time-visual-defect-detection\data\outputs\Experiment 5\coldstart_patchcore_real_iad_pcb_motion_blur_s2,patchcore,pcb,Tesla T4,motion_blur,2,0.8435009212414875,0.9390306378476628,1.0,0.275049115913556,0.4314329738058552,340.0773681480438,1779435954108505700,2557
coldstart_patchcore_real_iad_pcb_motion_blur_s3,C:\Users\Usuario\Desktop\Thesis\Pipeline\Real-time-visual-defect-detection\data\outputs\Experiment 5\coldstart_patchcore_real_iad_pcb_motion_blur_s3,patchcore,pcb,Tesla T4,motion_blur,3,0.6690758064680313,0.8636147965623374,0.992,0.243614931237721,0.3911671924290221,339.8325608604009,1779435956480560900,2563
coldstart_patchcore_real_iad_pcb_shot_noise_s1,C:\Users\Usuario\Desktop\Thesis\Pipeline\Real-time-visual-defect-detection\data\outputs\Experiment 5\coldstart_patchcore_real_iad_pcb_shot_noise_s1,patchcore,pcb,Tesla T4,shot_noise,1,0.8849210011777241,0.9522153519194868,0.999,0.3412892422427949,0.5081217126785427,297.5773734184292,1779850313059876100,2400
coldstart_patchcore_real_iad_pcb_shot_noise_s2,C:\Users\Usuario\Desktop\Thesis\Pipeline\Real-time-visual-defect-detection\data\outputs\Experiment 5\coldstart_patchcore_real_iad_pcb_shot_noise_s2,patchcore,pcb,Tesla T4,shot_noise,2,0.8609474979468187,0.9334867698310062,0.999,0.3461974736043259,0.5122470067317643,301.19980900309065,1779850314037582500,2404
coldstart_patchcore_real_iad_pcb_shot_noise_s3,C:\Users\Usuario\Desktop\Thesis\Pipeline\Real-time-visual-defect-detection\data\outputs\Experiment 5\coldstart_patchcore_real_iad_pcb_shot_noise_s3,patchcore,pcb,Tesla T4,shot_noise,3,0.7704969787163821,0.9078699594175936,0.999,0.3036012835439138,0.4667177497278387,298.1562349326581,1779850315001882400,2407
coldstart_patchcore_real_iad_phone_battery_gaussian_noise_s1,C:\Users\Usuario\Desktop\Thesis\Pipeline\Real-time-visual-defect-detection\data\outputs\Experiment 5\coldstart_patchcore_real_iad_phone_battery_gaussian_noise_s1,patchcore,phone_battery,Tesla T4,gaussian_noise,1,0.9197375724099534,0.9626775621441076,0.959632405946765,0.3726189805613146,0.5365915678533341,311.7447321060023,1779856650651747500,2446
coldstart_patchcore_real_iad_phone_battery_gaussian_noise_s2,C:\Users\Usuario\Desktop\Thesis\Pipeline\Real-time-visual-defect-detection\data\outputs\Experiment 5\coldstart_patchcore_real_iad_phone_battery_gaussian_noise_s2,patchcore,phone_battery,Tesla T4,gaussian_noise,2,0.8406998698107881,0.940310226609059,0.954144908019799,0.3677386706209766,0.5313999377625067,311.86941318060167,1779856650655750800,2432
coldstart_patchcore_real_iad_phone_battery_gaussian_noise_s3,C:\Users\Usuario\Desktop\Thesis\Pipeline\Real-time-visual-defect-detection\data\outputs\Experiment 5\coldstart_patchcore_real_iad_phone_battery_gaussian_noise_s3,patchcore,phone_battery,Tesla T4,gaussian_noise,3,0.7045237059114137,0.8558594909551677,0.9215245469359842,0.2423929649044582,0.3830817091299318,313.9748590640801,1779856650660439400,2443
coldstart_patchcore_real_iad_phone_battery_motion_blur_s1,C:\Users\Usuario\Desktop\Thesis\Pipeline\Real-time-visual-defect-detection\data\outputs\Experiment 5\coldstart_patchcore_real_iad_phone_battery_motion_blur_s1,patchcore,phone_battery,Tesla T4,motion_blur,1,0.8983363456680513,0.9582573078958564,0.9831460674157304,0.3384912959381044,0.5035971223021583,339.2749268299148,1779435946558884100,2593
coldstart_patchcore_real_iad_phone_battery_motion_blur_s2,C:\Users\Usuario\Desktop\Thesis\Pipeline\Real-time-visual-defect-detection\data\outputs\Experiment 5\coldstart_patchcore_real_iad_phone_battery_motion_blur_s2,patchcore,phone_battery,Tesla T4,motion_blur,2,0.7086068216169368,0.8917785460130732,0.9941520467836256,0.3288201160541586,0.4941860465116279,339.1288531771092,1779435968322905600,2592
coldstart_patchcore_real_iad_phone_battery_motion_blur_s3,C:\Users\Usuario\Desktop\Thesis\Pipeline\Real-time-visual-defect-detection\data\outputs\Experiment 5\coldstart_patchcore_real_iad_phone_battery_motion_blur_s3,patchcore,phone_battery,Tesla T4,motion_blur,3,0.4471361680988469,0.7499558960420074,1.0,0.0599613152804642,0.1131386861313868,339.0116745157554,1779435948508854900,2562
coldstart_patchcore_real_iad_phone_battery_shot_noise_s1,C:\Users\Usuario\Desktop\Thesis\Pipeline\Real-time-visual-defect-detection\data\outputs\Experiment 5\coldstart_patchcore_real_iad_phone_battery_shot_noise_s1,patchcore,phone_battery,Tesla T4,shot_noise,1,0.9156567111035108,0.9592688869385848,0.9288795267490588,0.3665201391433883,0.5272992609941023,301.60727120782377,1779850316672372800,2407
coldstart_patchcore_real_iad_phone_battery_shot_noise_s2,C:\Users\Usuario\Desktop\Thesis\Pipeline\Real-time-visual-defect-detection\data\outputs\Experiment 5\coldstart_patchcore_real_iad_phone_battery_shot_noise_s2,patchcore,phone_battery,Tesla T4,shot_noise,2,0.8372684393604113,0.9319722681156988,0.999,0.3555345481071006,0.5223357021825441,300.4188101962626,1779850317711636700,2382
coldstart_patchcore_real_iad_phone_battery_shot_noise_s3,C:\Users\Usuario\Desktop\Thesis\Pipeline\Real-time-visual-defect-detection\data\outputs\Experiment 5\coldstart_patchcore_real_iad_phone_battery_shot_noise_s3,patchcore,phone_battery,Tesla T4,shot_noise,3,0.7223893154174928,0.8681780853455442,0.6189221645537786,0.2195864367528117,0.3234606371404051,297.256778593591,1779850318705949900,2388
coldstart_patchcore_real_iad_plastic_nut_gaussian_noise_s1,C:\Users\Usuario\Desktop\Thesis\Pipeline\Real-time-visual-defect-detection\data\outputs\Experiment 5\coldstart_patchcore_real_iad_plastic_nut_gaussian_noise_s1,patchcore,plastic_nut,Tesla T4,gaussian_noise,1,0.4139981539808211,0.6986497978401511,0.5682122663888339,0.3080297041650601,0.3985464628203753,315.6474448141849,1779856650660439400,2435
coldstart_patchcore_real_iad_plastic_nut_gaussian_noise_s2,C:\Users\Usuario\Desktop\Thesis\Pipeline\Real-time-visual-defect-detection\data\outputs\Experiment 5\coldstart_patchcore_real_iad_plastic_nut_gaussian_noise_s2,patchcore,plastic_nut,Tesla T4,gaussian_noise,2,0.4401843648154127,0.7194940617194981,0.5947983430614107,0.3231516730753201,0.4190630861426418,312.4989604090267,1779856650660439400,2430
coldstart_patchcore_real_iad_plastic_nut_gaussian_noise_s3,C:\Users\Usuario\Desktop\Thesis\Pipeline\Real-time-visual-defect-detection\data\outputs\Experiment 5\coldstart_patchcore_real_iad_plastic_nut_gaussian_noise_s3,patchcore,plastic_nut,Tesla T4,gaussian_noise,3,0.4722584424378209,0.7419315727568422,0.6767001727595612,0.2649473274935411,0.3802233902004654,315.7360029640456,1779856650678470400,2421
coldstart_patchcore_real_iad_plastic_nut_motion_blur_s1,C:\Users\Usuario\Desktop\Thesis\Pipeline\Real-time-visual-defect-detection\data\outputs\Experiment 5\coldstart_patchcore_real_iad_plastic_nut_motion_blur_s1,patchcore,plastic_nut,Tesla T4,motion_blur,1,0.4647920792079207,0.7249228971389485,0.5946969696969697,0.314,0.4109947643979058,339.92122053408553,1779435946717857100,2578
coldstart_patchcore_real_iad_plastic_nut_motion_blur_s2,C:\Users\Usuario\Desktop\Thesis\Pipeline\Real-time-visual-defect-detection\data\outputs\Experiment 5\coldstart_patchcore_real_iad_plastic_nut_motion_blur_s2,patchcore,plastic_nut,Tesla T4,motion_blur,2,0.5081188118811881,0.7534912687812068,0.6343283582089553,0.34,0.4427083333333333,340.3028087704921,1779435957184918900,2575
coldstart_patchcore_real_iad_plastic_nut_motion_blur_s3,C:\Users\Usuario\Desktop\Thesis\Pipeline\Real-time-visual-defect-detection\data\outputs\Experiment 5\coldstart_patchcore_real_iad_plastic_nut_motion_blur_s3,patchcore,plastic_nut,Tesla T4,motion_blur,3,0.5399900990099009,0.7748392189444042,0.8333333333333334,0.2,0.3225806451612903,340.0670387151366,1779435938561180700,2572
coldstart_patchcore_real_iad_plastic_nut_shot_noise_s1,C:\Users\Usuario\Desktop\Thesis\Pipeline\Real-time-visual-defect-detection\data\outputs\Experiment 5\coldstart_patchcore_real_iad_plastic_nut_shot_noise_s1,patchcore,plastic_nut,Tesla T4,shot_noise,1,0.423636496760949,0.7116082876582484,0.5587070245692058,0.2981134832013899,0.3882263827905395,297.592740146571,1779850319705128500,2422
coldstart_patchcore_real_iad_plastic_nut_shot_noise_s2,C:\Users\Usuario\Desktop\Thesis\Pipeline\Real-time-visual-defect-detection\data\outputs\Experiment 5\coldstart_patchcore_real_iad_plastic_nut_shot_noise_s2,patchcore,plastic_nut,Tesla T4,shot_noise,2,0.4633843686315834,0.7418717715412906,0.6792999037203232,0.2801819849862436,0.3966832455575639,301.9833125706994,1779850320787093300,2382
coldstart_patchcore_real_iad_plastic_nut_shot_noise_s3,C:\Users\Usuario\Desktop\Thesis\Pipeline\Real-time-visual-defect-detection\data\outputs\Experiment 5\coldstart_patchcore_real_iad_plastic_nut_shot_noise_s3,patchcore,plastic_nut,Tesla T4,shot_noise,3,0.5150380585805107,0.7642329047692227,0.8009003481066393,0.1857343534232869,0.3018964258335128,297.48830461047527,1779850322039075100,2394
coldstart_patchcore_real_iad_plastic_plug_gaussian_noise_s1,C:\Users\Usuario\Desktop\Thesis\Pipeline\Real-time-visual-defect-detection\data\outputs\Experiment 5\coldstart_patchcore_real_iad_plastic_plug_gaussian_noise_s1,patchcore,plastic_plug,Tesla T4,gaussian_noise,1,0.8261829331601966,0.9325570796243288,0.8934793052338681,0.3607673546225569,0.5145375241545205,315.1216318769818,1779856650683477200,2448
coldstart_patchcore_real_iad_plastic_plug_gaussian_noise_s2,C:\Users\Usuario\Desktop\Thesis\Pipeline\Real-time-visual-defect-detection\data\outputs\Experiment 5\coldstart_patchcore_real_iad_plastic_plug_gaussian_noise_s2,patchcore,plastic_plug,Tesla T4,gaussian_noise,2,0.7929028040371691,0.913980318167698,0.9216229874715208,0.3173481314337758,0.4737985742458903,313.00316159314747,1779856650687473600,2430
coldstart_patchcore_real_iad_plastic_plug_gaussian_noise_s3,C:\Users\Usuario\Desktop\Thesis\Pipeline\Real-time-visual-defect-detection\data\outputs\Experiment 5\coldstart_patchcore_real_iad_plastic_plug_gaussian_noise_s3,patchcore,plastic_plug,Tesla T4,gaussian_noise,3,0.7796487276286308,0.9237281505647258,0.9030548260753148,0.3165348906359479,0.4677917120946718,315.5194315475747,1779856650692700400,2414
coldstart_patchcore_real_iad_plastic_plug_motion_blur_s1,C:\Users\Usuario\Desktop\Thesis\Pipeline\Real-time-visual-defect-detection\data\outputs\Experiment 5\coldstart_patchcore_real_iad_plastic_plug_motion_blur_s1,patchcore,plastic_plug,Tesla T4,motion_blur,1,0.8231675255021558,0.9367817795610396,0.9948979591836736,0.3793774319066147,0.5492957746478873,338.24991764379075,1779435939896097700,2592
coldstart_patchcore_real_iad_plastic_plug_motion_blur_s2,C:\Users\Usuario\Desktop\Thesis\Pipeline\Real-time-visual-defect-detection\data\outputs\Experiment 5\coldstart_patchcore_real_iad_plastic_plug_motion_blur_s2,patchcore,plastic_plug,Tesla T4,motion_blur,2,0.7832369334314859,0.9209138378991982,1.0,0.2957198443579766,0.4564564564564564,338.6448900170694,1779435943817882000,2577
coldstart_patchcore_real_iad_plastic_plug_motion_blur_s3,C:\Users\Usuario\Desktop\Thesis\Pipeline\Real-time-visual-defect-detection\data\outputs\Experiment 5\coldstart_patchcore_real_iad_plastic_plug_motion_blur_s3,patchcore,plastic_plug,Tesla T4,motion_blur,3,0.7810810810810811,0.9175828537561352,1.0,0.2801556420233463,0.4376899696048633,339.0127046540288,1779435956299235500,2577
coldstart_patchcore_real_iad_plastic_plug_shot_noise_s1,C:\Users\Usuario\Desktop\Thesis\Pipeline\Real-time-visual-defect-detection\data\outputs\Experiment 5\coldstart_patchcore_real_iad_plastic_plug_shot_noise_s1,patchcore,plastic_plug,Tesla T4,shot_noise,1,0.8523089480060636,0.9356057687272632,0.9074665852071778,0.372470536111707,0.5274575052913993,299.2805194766321,1779850323409782400,2420
coldstart_patchcore_real_iad_plastic_plug_shot_noise_s2,C:\Users\Usuario\Desktop\Thesis\Pipeline\Real-time-visual-defect-detection\data\outputs\Experiment 5\coldstart_patchcore_real_iad_plastic_plug_shot_noise_s2,patchcore,plastic_plug,Tesla T4,shot_noise,2,0.7942568932625054,0.9273784128542416,0.913852637982038,0.3383001338727435,0.4953651316113952,297.9595025078795,1779850324466105900,2406
coldstart_patchcore_real_iad_plastic_plug_shot_noise_s3,C:\Users\Usuario\Desktop\Thesis\Pipeline\Real-time-visual-defect-detection\data\outputs\Experiment 5\coldstart_patchcore_real_iad_plastic_plug_shot_noise_s3,patchcore,plastic_plug,Tesla T4,shot_noise,3,0.7643844788260086,0.9156558952801308,0.999,0.3197744699213404,0.4862897689099359,299.76054419136346,1779850325680772700,2339
coldstart_patchcore_real_iad_porcelain_doll_gaussian_noise_s1,C:\Users\Usuario\Desktop\Thesis\Pipeline\Real-time-visual-defect-detection\data\outputs\Experiment 5\coldstart_patchcore_real_iad_porcelain_doll_gaussian_noise_s1,patchcore,porcelain_doll,Tesla T4,gaussian_noise,1,0.7384988661896548,0.8821565669575244,0.999,0.2153657175140603,0.3556613404775867,311.4788260913818,1779856650697700300,2439
coldstart_patchcore_real_iad_porcelain_doll_gaussian_noise_s2,C:\Users\Usuario\Desktop\Thesis\Pipeline\Real-time-visual-defect-detection\data\outputs\Experiment 5\coldstart_patchcore_real_iad_porcelain_doll_gaussian_noise_s2,patchcore,porcelain_doll,Tesla T4,gaussian_noise,2,0.7469439863537894,0.8863679803886706,0.9782822096857045,0.2217005569323885,0.3600598936941747,313.52081788350944,1779856650701700600,2433
coldstart_patchcore_real_iad_porcelain_doll_gaussian_noise_s3,C:\Users\Usuario\Desktop\Thesis\Pipeline\Real-time-visual-defect-detection\data\outputs\Experiment 5\coldstart_patchcore_real_iad_porcelain_doll_gaussian_noise_s3,patchcore,porcelain_doll,Tesla T4,gaussian_noise,3,0.7468115032593373,0.8979848938669225,0.972820166463469,0.2193529250547981,0.3567749458478097,311.7785241895103,1779856650705698000,2446
coldstart_patchcore_real_iad_porcelain_doll_motion_blur_s1,C:\Users\Usuario\Desktop\Thesis\Pipeline\Real-time-visual-defect-detection\data\outputs\Experiment 5\coldstart_patchcore_real_iad_porcelain_doll_motion_blur_s1,patchcore,porcelain_doll,Tesla T4,motion_blur,1,0.7543414613522742,0.9019562429965694,0.9741379310344828,0.218568665377176,0.3570300157977883,340.2054760213546,1779435936387640700,2593
coldstart_patchcore_real_iad_porcelain_doll_motion_blur_s2,C:\Users\Usuario\Desktop\Thesis\Pipeline\Real-time-visual-defect-detection\data\outputs\Experiment 5\coldstart_patchcore_real_iad_porcelain_doll_motion_blur_s2,patchcore,porcelain_doll,Tesla T4,motion_blur,2,0.7537284248131825,0.902582328209292,0.9699248120300752,0.2495164410058027,0.3969230769230769,339.5806500945556,1779435955103843900,2578
coldstart_patchcore_real_iad_porcelain_doll_motion_blur_s3,C:\Users\Usuario\Desktop\Thesis\Pipeline\Real-time-visual-defect-detection\data\outputs\Experiment 5\coldstart_patchcore_real_iad_porcelain_doll_motion_blur_s3,patchcore,porcelain_doll,Tesla T4,motion_blur,3,0.7250953905994018,0.8892195453600766,0.9615384615384616,0.241779497098646,0.3863987635239567,339.4260864057495,1779435966796418800,2597
coldstart_patchcore_real_iad_porcelain_doll_shot_noise_s1,C:\Users\Usuario\Desktop\Thesis\Pipeline\Real-time-visual-defect-detection\data\outputs\Experiment 5\coldstart_patchcore_real_iad_porcelain_doll_shot_noise_s1,patchcore,porcelain_doll,Tesla T4,shot_noise,1,0.7372102120587278,0.893314921920246,0.964631760783639,0.1921079281476618,0.3202240967719035,296.80845920523,1779850326842289700,2411
coldstart_patchcore_real_iad_porcelain_doll_shot_noise_s2,C:\Users\Usuario\Desktop\Thesis\Pipeline\Real-time-visual-defect-detection\data\outputs\Experiment 5\coldstart_patchcore_real_iad_porcelain_doll_shot_noise_s2,patchcore,porcelain_doll,Tesla T4,shot_noise,2,0.749728653862205,0.8984971877668203,0.999,0.1964368977328078,0.3274675200732205,300.9746026631282,1779850327959132000,2385
coldstart_patchcore_real_iad_porcelain_doll_shot_noise_s3,C:\Users\Usuario\Desktop\Thesis\Pipeline\Real-time-visual-defect-detection\data\outputs\Experiment 5\coldstart_patchcore_real_iad_porcelain_doll_shot_noise_s3,patchcore,porcelain_doll,Tesla T4,shot_noise,3,0.7757618141813486,0.8942243238684098,0.917895364104498,0.2126299237458763,0.3461216364951334,297.08383738712945,1779850329017530600,2424
coldstart_patchcore_real_iad_regulator_gaussian_noise_s1,C:\Users\Usuario\Desktop\Thesis\Pipeline\Real-time-visual-defect-detection\data\outputs\Experiment 5\coldstart_patchcore_real_iad_regulator_gaussian_noise_s1,patchcore,regulator,Tesla T4,gaussian_noise,1,0.7241162311638396,0.8823158378150563,0.8636301604960798,0.0422895713947704,0.0806253157614875,314.9081269895628,1779856650709812600,2450
coldstart_patchcore_real_iad_regulator_gaussian_noise_s2,C:\Users\Usuario\Desktop\Thesis\Pipeline\Real-time-visual-defect-detection\data\outputs\Experiment 5\coldstart_patchcore_real_iad_regulator_gaussian_noise_s2,patchcore,regulator,Tesla T4,gaussian_noise,2,0.6938051469443285,0.8546523783140235,0.8429002244340509,0.001,0.0020016934292973,310.8302455128984,1779856650715685600,2420
coldstart_patchcore_real_iad_regulator_gaussian_noise_s3,C:\Users\Usuario\Desktop\Thesis\Pipeline\Real-time-visual-defect-detection\data\outputs\Experiment 5\coldstart_patchcore_real_iad_regulator_gaussian_noise_s3,patchcore,regulator,Tesla T4,gaussian_noise,3,0.6439981133626067,0.8330746101876693,0.7752562078218985,0.001,0.0019915135069941,315.5756100319568,1779856650720595900,2432
coldstart_patchcore_real_iad_regulator_motion_blur_s1,C:\Users\Usuario\Desktop\Thesis\Pipeline\Real-time-visual-defect-detection\data\outputs\Experiment 5\coldstart_patchcore_real_iad_regulator_motion_blur_s1,patchcore,regulator,Tesla T4,motion_blur,1,0.7832539958976741,0.9167262978802132,0.9814814814814816,0.1015325670498084,0.1840277777777777,338.878350930746,1779435943006197900,2585
coldstart_patchcore_real_iad_regulator_motion_blur_s2,C:\Users\Usuario\Desktop\Thesis\Pipeline\Real-time-visual-defect-detection\data\outputs\Experiment 5\coldstart_patchcore_real_iad_regulator_motion_blur_s2,patchcore,regulator,Tesla T4,motion_blur,2,0.7750396687178296,0.9104869163789764,1.0,0.082375478927203,0.1522123893805309,338.8440379262546,1779435941229997400,2573
coldstart_patchcore_real_iad_regulator_motion_blur_s3,C:\Users\Usuario\Desktop\Thesis\Pipeline\Real-time-visual-defect-detection\data\outputs\Experiment 5\coldstart_patchcore_real_iad_regulator_motion_blur_s3,patchcore,regulator,Tesla T4,motion_blur,3,0.7221931963311274,0.8765667887461208,0.9428571428571428,0.1264367816091954,0.222972972972973,338.8102334485767,1779435959791440300,2584
coldstart_patchcore_real_iad_regulator_shot_noise_s1,C:\Users\Usuario\Desktop\Thesis\Pipeline\Real-time-visual-defect-detection\data\outputs\Experiment 5\coldstart_patchcore_real_iad_regulator_shot_noise_s1,patchcore,regulator,Tesla T4,shot_noise,1,0.7646804449412881,0.8955727598385701,0.809635129382303,0.0729452495627908,0.1336839080134319,299.3773903733589,1779850329984461900,2402
coldstart_patchcore_real_iad_regulator_shot_noise_s2,C:\Users\Usuario\Desktop\Thesis\Pipeline\Real-time-visual-defect-detection\data\outputs\Experiment 5\coldstart_patchcore_real_iad_regulator_shot_noise_s2,patchcore,regulator,Tesla T4,shot_noise,2,0.7663276898379493,0.9087441316375804,0.999,0.0579229838973406,0.1096868264044774,298.6229230165465,1779850331042877400,2393
coldstart_patchcore_real_iad_regulator_shot_noise_s3,C:\Users\Usuario\Desktop\Thesis\Pipeline\Real-time-visual-defect-detection\data\outputs\Experiment 5\coldstart_patchcore_real_iad_regulator_shot_noise_s3,patchcore,regulator,Tesla T4,shot_noise,3,0.7071977752462987,0.8766306800245408,0.9000692837990332,0.0980853619900391,0.1767161906370004,298.5590936418684,1779850332189914700,2415
coldstart_patchcore_real_iad_rolled_strip_base_gaussian_noise_s1,C:\Users\Usuario\Desktop\Thesis\Pipeline\Real-time-visual-defect-detection\data\outputs\Experiment 5\coldstart_patchcore_real_iad_rolled_strip_base_gaussian_noise_s1,patchcore,rolled_strip_base,Tesla T4,gaussian_noise,1,0.9813346688517868,0.999,0.999,0.8130213150180694,0.8936747711982554,315.03844982134177,1779856650726433800,2437
coldstart_patchcore_real_iad_rolled_strip_base_gaussian_noise_s2,C:\Users\Usuario\Desktop\Thesis\Pipeline\Real-time-visual-defect-detection\data\outputs\Experiment 5\coldstart_patchcore_real_iad_rolled_strip_base_gaussian_noise_s2,patchcore,rolled_strip_base,Tesla T4,gaussian_noise,2,0.9600614867719542,0.99414796631065,0.9864165292625088,0.819836907940587,0.8988604658772087,314.83187568409573,1779856650731434900,2447
coldstart_patchcore_real_iad_rolled_strip_base_gaussian_noise_s3,C:\Users\Usuario\Desktop\Thesis\Pipeline\Real-time-visual-defect-detection\data\outputs\Experiment 5\coldstart_patchcore_real_iad_rolled_strip_base_gaussian_noise_s3,patchcore,rolled_strip_base,Tesla T4,gaussian_noise,3,0.9425005207077912,0.9668583589764472,0.995163250119587,0.8184716621627152,0.8990991993698971,314.7821081306978,1779856650735430300,2455
coldstart_patchcore_real_iad_rolled_strip_base_motion_blur_s1,C:\Users\Usuario\Desktop\Thesis\Pipeline\Real-time-visual-defect-detection\data\outputs\Experiment 5\coldstart_patchcore_real_iad_rolled_strip_base_motion_blur_s1,patchcore,rolled_strip_base,Tesla T4,motion_blur,1,0.9887889492484736,0.9957090320360656,0.993103448275862,0.8421052631578947,0.9113924050632912,340.40931601836274,1779435960956444000,2602
coldstart_patchcore_real_iad_rolled_strip_base_motion_blur_s2,C:\Users\Usuario\Desktop\Thesis\Pipeline\Real-time-visual-defect-detection\data\outputs\Experiment 5\coldstart_patchcore_real_iad_rolled_strip_base_motion_blur_s2,patchcore,rolled_strip_base,Tesla T4,motion_blur,2,0.9784090796647568,0.9922220130903584,0.9910714285714286,0.8654970760233918,0.9240374609781477,340.384836124023,1779435951977130000,2599
coldstart_patchcore_real_iad_rolled_strip_base_motion_blur_s3,C:\Users\Usuario\Desktop\Thesis\Pipeline\Real-time-visual-defect-detection\data\outputs\Experiment 5\coldstart_patchcore_real_iad_rolled_strip_base_motion_blur_s3,patchcore,rolled_strip_base,Tesla T4,motion_blur,3,0.9461612293565272,0.9805099853284472,0.9852216748768472,0.7797270955165692,0.8705114254624591,340.1605377522417,1779435960572199400,2600
coldstart_patchcore_real_iad_rolled_strip_base_shot_noise_s1,C:\Users\Usuario\Desktop\Thesis\Pipeline\Real-time-visual-defect-detection\data\outputs\Experiment 5\coldstart_patchcore_real_iad_rolled_strip_base_shot_noise_s1,patchcore,rolled_strip_base,Tesla T4,shot_noise,1,0.9567869147977134,0.9746415984923738,0.9808724598157076,0.8334212786304523,0.9043076880972368,300.29319277556345,1779850333233433500,2428
coldstart_patchcore_real_iad_rolled_strip_base_shot_noise_s2,C:\Users\Usuario\Desktop\Thesis\Pipeline\Real-time-visual-defect-detection\data\outputs\Experiment 5\coldstart_patchcore_real_iad_rolled_strip_base_shot_noise_s2,patchcore,rolled_strip_base,Tesla T4,shot_noise,2,0.9507047411591392,0.9808598834686492,0.998997509899548,0.8194692527979978,0.90366653094377,300.2199028729713,1779850334420443900,2423
coldstart_patchcore_real_iad_rolled_strip_base_shot_noise_s3,C:\Users\Usuario\Desktop\Thesis\Pipeline\Real-time-visual-defect-detection\data\outputs\Experiment 5\coldstart_patchcore_real_iad_rolled_strip_base_shot_noise_s3,patchcore,rolled_strip_base,Tesla T4,shot_noise,3,0.8692658035622567,0.9345142111596876,0.999,0.7087187145291841,0.827969247819248,302.13305489547787,1779850335831268700,2392
coldstart_patchcore_real_iad_sim_card_set_gaussian_noise_s1,C:\Users\Usuario\Desktop\Thesis\Pipeline\Real-time-visual-defect-detection\data\outputs\Experiment 5\coldstart_patchcore_real_iad_sim_card_set_gaussian_noise_s1,patchcore,sim_card_set,Tesla T4,gaussian_noise,1,0.9469495811699268,0.9733771783696776,0.9906798672947368,0.580366983493662,0.7332179447689675,315.34058188569253,1779856650740440000,2441
coldstart_patchcore_real_iad_sim_card_set_gaussian_noise_s2,C:\Users\Usuario\Desktop\Thesis\Pipeline\Real-time-visual-defect-detection\data\outputs\Experiment 5\coldstart_patchcore_real_iad_sim_card_set_gaussian_noise_s2,patchcore,sim_card_set,Tesla T4,gaussian_noise,2,0.9266986481044968,0.9677085191368848,0.9954333635654368,0.6094177013844063,0.7579072987129779,311.2247376361518,1779856650744837500,2444
coldstart_patchcore_real_iad_sim_card_set_gaussian_noise_s3,C:\Users\Usuario\Desktop\Thesis\Pipeline\Real-time-visual-defect-detection\data\outputs\Experiment 5\coldstart_patchcore_real_iad_sim_card_set_gaussian_noise_s3,patchcore,sim_card_set,Tesla T4,gaussian_noise,3,0.9102182129446192,0.9788296981681638,0.9780512212550966,0.5536797537804601,0.7072053121046225,312.9405467979179,1779856650748842000,2436
coldstart_patchcore_real_iad_sim_card_set_motion_blur_s1,C:\Users\Usuario\Desktop\Thesis\Pipeline\Real-time-visual-defect-detection\data\outputs\Experiment 5\coldstart_patchcore_real_iad_sim_card_set_motion_blur_s1,patchcore,sim_card_set,Tesla T4,motion_blur,1,0.9527956732681144,0.9792140568882304,0.9855072463768116,0.5354330708661418,0.6938775510204083,339.2243669333699,1779435958483152800,2588
coldstart_patchcore_real_iad_sim_card_set_motion_blur_s2,C:\Users\Usuario\Desktop\Thesis\Pipeline\Real-time-visual-defect-detection\data\outputs\Experiment 5\coldstart_patchcore_real_iad_sim_card_set_motion_blur_s2,patchcore,sim_card_set,Tesla T4,motion_blur,2,0.9229698560407222,0.9693151356466853,0.9839743589743588,0.6043307086614174,0.748780487804878,338.9649340369376,1779435967126106700,2592
coldstart_patchcore_real_iad_sim_card_set_motion_blur_s3,C:\Users\Usuario\Desktop\Thesis\Pipeline\Real-time-visual-defect-detection\data\outputs\Experiment 5\coldstart_patchcore_real_iad_sim_card_set_motion_blur_s3,patchcore,sim_card_set,Tesla T4,motion_blur,3,0.900212757496222,0.9617781089030212,0.9848484848484848,0.5118110236220472,0.6735751295336787,339.38878784988,1779435964185429900,2585
coldstart_patchcore_real_iad_sim_card_set_shot_noise_s1,C:\Users\Usuario\Desktop\Thesis\Pipeline\Real-time-visual-defect-detection\data\outputs\Experiment 5\coldstart_patchcore_real_iad_sim_card_set_shot_noise_s1,patchcore,sim_card_set,Tesla T4,shot_noise,1,0.9308718225386596,0.9748851102123038,0.972180196558454,0.617649414816292,0.7582867670277147,297.5009625746882,1779850336954836100,2424
coldstart_patchcore_real_iad_sim_card_set_shot_noise_s2,C:\Users\Usuario\Desktop\Thesis\Pipeline\Real-time-visual-defect-detection\data\outputs\Experiment 5\coldstart_patchcore_real_iad_sim_card_set_shot_noise_s2,patchcore,sim_card_set,Tesla T4,shot_noise,2,0.8746002375934392,0.945011105839292,0.9807655113211124,0.5978095977939346,0.7429340848854434,299.36390670174814,1779850338186185500,2425
coldstart_patchcore_real_iad_sim_card_set_shot_noise_s3,C:\Users\Usuario\Desktop\Thesis\Pipeline\Real-time-visual-defect-detection\data\outputs\Experiment 5\coldstart_patchcore_real_iad_sim_card_set_shot_noise_s3,patchcore,sim_card_set,Tesla T4,shot_noise,3,0.7842264391050581,0.8986103743513851,0.948745811507026,0.5944977719780943,0.7335715635486548,300.72059723077564,1779850339161332600,2420
coldstart_patchcore_real_iad_switch_gaussian_noise_s1,C:\Users\Usuario\Desktop\Thesis\Pipeline\Real-time-visual-defect-detection\data\outputs\Experiment 5\coldstart_patchcore_real_iad_switch_gaussian_noise_s1,patchcore,switch,Tesla T4,gaussian_noise,1,0.9099553261626956,0.9696093378706392,0.979672398236158,0.7475138280062862,0.8499645374233887,313.72514742405986,1779856650754837400,2435
coldstart_patchcore_real_iad_switch_gaussian_noise_s2,C:\Users\Usuario\Desktop\Thesis\Pipeline\Real-time-visual-defect-detection\data\outputs\Experiment 5\coldstart_patchcore_real_iad_switch_gaussian_noise_s2,patchcore,switch,Tesla T4,gaussian_noise,2,0.8922922933535786,0.9625950236709392,0.9782855105897588,0.6672379159311342,0.7944766648865835,310.5758722718118,1779856650757774000,2430
coldstart_patchcore_real_iad_switch_gaussian_noise_s3,C:\Users\Usuario\Desktop\Thesis\Pipeline\Real-time-visual-defect-detection\data\outputs\Experiment 5\coldstart_patchcore_real_iad_switch_gaussian_noise_s3,patchcore,switch,Tesla T4,gaussian_noise,3,0.8499030162596828,0.9410413447180018,0.9860708076673488,0.6383191928927878,0.7773219890294463,310.278178009786,1779856650760801700,2446
coldstart_patchcore_real_iad_switch_motion_blur_s1,C:\Users\Usuario\Desktop\Thesis\Pipeline\Real-time-visual-defect-detection\data\outputs\Experiment 5\coldstart_patchcore_real_iad_switch_motion_blur_s1,patchcore,switch,Tesla T4,motion_blur,1,0.951033622908623,0.9842586433557124,1.0,0.7374517374517374,0.8488888888888888,339.10446236347434,1779435940825975100,2565
coldstart_patchcore_real_iad_switch_motion_blur_s2,C:\Users\Usuario\Desktop\Thesis\Pipeline\Real-time-visual-defect-detection\data\outputs\Experiment 5\coldstart_patchcore_real_iad_switch_motion_blur_s2,patchcore,switch,Tesla T4,motion_blur,2,0.9305320945945946,0.9758641672228578,1.0,0.6023166023166023,0.7518072289156627,338.34884689709264,1779435950944873300,2563
coldstart_patchcore_real_iad_switch_motion_blur_s3,C:\Users\Usuario\Desktop\Thesis\Pipeline\Real-time-visual-defect-detection\data\outputs\Experiment 5\coldstart_patchcore_real_iad_switch_motion_blur_s3,patchcore,switch,Tesla T4,motion_blur,3,0.857183075933076,0.9507612751294734,0.9896907216494846,0.555984555984556,0.7119901112484549,339.15274518611267,1779435968750690300,2577
coldstart_patchcore_real_iad_switch_shot_noise_s1,C:\Users\Usuario\Desktop\Thesis\Pipeline\Real-time-visual-defect-detection\data\outputs\Experiment 5\coldstart_patchcore_real_iad_switch_shot_noise_s1,patchcore,switch,Tesla T4,shot_noise,1,0.9395017981826598,0.965817506600763,0.9905508260345708,0.7788700845804106,0.8692017257169516,299.1521613738496,1779850340255583700,2351
coldstart_patchcore_real_iad_switch_shot_noise_s2,C:\Users\Usuario\Desktop\Thesis\Pipeline\Real-time-visual-defect-detection\data\outputs\Experiment 5\coldstart_patchcore_real_iad_switch_shot_noise_s2,patchcore,switch,Tesla T4,shot_noise,2,0.9301821873259136,0.9706157078368532,0.9887692517849952,0.7002654185781204,0.8223543341639641,298.948860469549,1779850341193871400,2386
coldstart_patchcore_real_iad_switch_shot_noise_s3,C:\Users\Usuario\Desktop\Thesis\Pipeline\Real-time-visual-defect-detection\data\outputs\Experiment 5\coldstart_patchcore_real_iad_switch_shot_noise_s3,patchcore,switch,Tesla T4,shot_noise,3,0.9080058244329264,0.9627304672337584,0.986671376796456,0.6786037411075013,0.8020284218930379,296.0758922632696,1779850342119920200,2387
coldstart_patchcore_real_iad_tape_gaussian_noise_s1,C:\Users\Usuario\Desktop\Thesis\Pipeline\Real-time-visual-defect-detection\data\outputs\Experiment 5\coldstart_patchcore_real_iad_tape_gaussian_noise_s1,patchcore,tape,Tesla T4,gaussian_noise,1,0.7688980754742853,0.9037890157840944,0.9588548572302704,0.3555262716814377,0.5181386626431244,312.9824313570146,1779856650768853900,2447
coldstart_patchcore_real_iad_tape_gaussian_noise_s2,C:\Users\Usuario\Desktop\Thesis\Pipeline\Real-time-visual-defect-detection\data\outputs\Experiment 5\coldstart_patchcore_real_iad_tape_gaussian_noise_s2,patchcore,tape,Tesla T4,gaussian_noise,2,0.694380400049397,0.8834998056195554,0.999,0.3471260799416568,0.5139875733215937,319.2849441090246,1779856650775220500,2422
coldstart_patchcore_real_iad_tape_gaussian_noise_s3,C:\Users\Usuario\Desktop\Thesis\Pipeline\Real-time-visual-defect-detection\data\outputs\Experiment 5\coldstart_patchcore_real_iad_tape_gaussian_noise_s3,patchcore,tape,Tesla T4,gaussian_noise,3,0.6986246559088365,0.8764298924355409,0.999,0.3311264629533387,0.4992401927960977,315.7002127738765,1779856650781404700,2435
coldstart_patchcore_real_iad_tape_motion_blur_s1,C:\Users\Usuario\Desktop\Thesis\Pipeline\Real-time-visual-defect-detection\data\outputs\Experiment 5\coldstart_patchcore_real_iad_tape_motion_blur_s1,patchcore,tape,Tesla T4,motion_blur,1,0.7980865384615384,0.9197247889409244,0.9893617021276596,0.3576923076923077,0.5254237288135594,336.5348658920791,1779435937509294500,2574
coldstart_patchcore_real_iad_tape_motion_blur_s2,C:\Users\Usuario\Desktop\Thesis\Pipeline\Real-time-visual-defect-detection\data\outputs\Experiment 5\coldstart_patchcore_real_iad_tape_motion_blur_s2,patchcore,tape,Tesla T4,motion_blur,2,0.7156346153846154,0.8912719340514,0.9943181818181818,0.3365384615384615,0.5028735632183908,336.2409635519119,1779435955921586700,2572
coldstart_patchcore_real_iad_tape_motion_blur_s3,C:\Users\Usuario\Desktop\Thesis\Pipeline\Real-time-visual-defect-detection\data\outputs\Experiment 5\coldstart_patchcore_real_iad_tape_motion_blur_s3,patchcore,tape,Tesla T4,motion_blur,3,0.7064615384615385,0.8867037675510072,0.993939393939394,0.3153846153846154,0.4788321167883211,336.4315032751013,1779435961728728300,2574
coldstart_patchcore_real_iad_tape_shot_noise_s1,C:\Users\Usuario\Desktop\Thesis\Pipeline\Real-time-visual-defect-detection\data\outputs\Experiment 5\coldstart_patchcore_real_iad_tape_shot_noise_s1,patchcore,tape,Tesla T4,shot_noise,1,0.7949793979822865,0.9191140142698656,0.9932308050814844,0.3728383511299579,0.5419310426233849,296.38832246867634,1779850343514122200,2417
coldstart_patchcore_real_iad_tape_shot_noise_s2,C:\Users\Usuario\Desktop\Thesis\Pipeline\Real-time-visual-defect-detection\data\outputs\Experiment 5\coldstart_patchcore_real_iad_tape_shot_noise_s2,patchcore,tape,Tesla T4,shot_noise,2,0.7436560127168114,0.8904143896546857,0.9348275897754637,0.354342512672298,0.5137668737178154,294.88678484580936,1779850344654326300,2410
coldstart_patchcore_real_iad_tape_shot_noise_s3,C:\Users\Usuario\Desktop\Thesis\Pipeline\Real-time-visual-defect-detection\data\outputs\Experiment 5\coldstart_patchcore_real_iad_tape_shot_noise_s3,patchcore,tape,Tesla T4,shot_noise,3,0.7394621744841388,0.8983290796160341,0.6846546885101074,0.3343019814179663,0.4484018679432981,297.16268554508173,1779850345664075400,2405
coldstart_patchcore_real_iad_terminalblock_gaussian_noise_s1,C:\Users\Usuario\Desktop\Thesis\Pipeline\Real-time-visual-defect-detection\data\outputs\Experiment 5\coldstart_patchcore_real_iad_terminalblock_gaussian_noise_s1,patchcore,terminalblock,Tesla T4,gaussian_noise,1,0.876127168363751,0.944444377100956,0.9721446530111146,0.6798606270077275,0.8023569136252161,277.4541964524033,1779856650786404200,2451
coldstart_patchcore_real_iad_terminalblock_gaussian_noise_s2,C:\Users\Usuario\Desktop\Thesis\Pipeline\Real-time-visual-defect-detection\data\outputs\Experiment 5\coldstart_patchcore_real_iad_terminalblock_gaussian_noise_s2,patchcore,terminalblock,Tesla T4,gaussian_noise,2,0.7783629773908207,0.9195008736092884,0.9638139707410056,0.6319303142770764,0.7610437074838464,301.1760946271366,1779856650791689400,2406
coldstart_patchcore_real_iad_terminalblock_gaussian_noise_s3,C:\Users\Usuario\Desktop\Thesis\Pipeline\Real-time-visual-defect-detection\data\outputs\Experiment 5\coldstart_patchcore_real_iad_terminalblock_gaussian_noise_s3,patchcore,terminalblock,Tesla T4,gaussian_noise,3,0.7182911885125769,0.902664577506524,0.9631480473484568,0.5007431797136326,0.6588799291789759,301.0619261559313,1779856650795829200,2447
coldstart_patchcore_real_iad_terminalblock_motion_blur_s1,C:\Users\Usuario\Desktop\Thesis\Pipeline\Real-time-visual-defect-detection\data\outputs\Experiment 5\coldstart_patchcore_real_iad_terminalblock_motion_blur_s1,patchcore,terminalblock,Tesla T4,motion_blur,1,0.8991319107166594,0.9666448132951904,0.994535519125683,0.6959847036328872,0.8188976377952757,365.85855741408176,1779435957638369300,2594
coldstart_patchcore_real_iad_terminalblock_motion_blur_s2,C:\Users\Usuario\Desktop\Thesis\Pipeline\Real-time-visual-defect-detection\data\outputs\Experiment 5\coldstart_patchcore_real_iad_terminalblock_motion_blur_s2,patchcore,terminalblock,Tesla T4,motion_blur,2,0.8349812374106604,0.9439567743459264,0.9903225806451612,0.5869980879541109,0.7370948379351742,365.30672849014405,1779435959201621600,2594
coldstart_patchcore_real_iad_terminalblock_motion_blur_s3,C:\Users\Usuario\Desktop\Thesis\Pipeline\Real-time-visual-defect-detection\data\outputs\Experiment 5\coldstart_patchcore_real_iad_terminalblock_motion_blur_s3,patchcore,terminalblock,Tesla T4,motion_blur,3,0.7537039498573634,0.9111569894203796,1.0,0.3766730401529636,0.5472222222222222,364.6735555098519,1779435933442716700,2579
coldstart_patchcore_real_iad_terminalblock_shot_noise_s1,C:\Users\Usuario\Desktop\Thesis\Pipeline\Real-time-visual-defect-detection\data\outputs\Experiment 5\coldstart_patchcore_real_iad_terminalblock_shot_noise_s1,patchcore,terminalblock,Tesla T4,shot_noise,1,0.8863177495810174,0.9602521926572852,0.999,0.6800912987991725,0.8062114666655844,254.94466307038448,1779850346674737500,2407
coldstart_patchcore_real_iad_terminalblock_shot_noise_s2,C:\Users\Usuario\Desktop\Thesis\Pipeline\Real-time-visual-defect-detection\data\outputs\Experiment 5\coldstart_patchcore_real_iad_terminalblock_shot_noise_s2,patchcore,terminalblock,Tesla T4,shot_noise,2,0.8751028146026406,0.9592605409273416,0.999,0.6319467357783074,0.7726328851441451,254.36566014113745,1779850348301247500,2403
coldstart_patchcore_real_iad_terminalblock_shot_noise_s3,C:\Users\Usuario\Desktop\Thesis\Pipeline\Real-time-visual-defect-detection\data\outputs\Experiment 5\coldstart_patchcore_real_iad_terminalblock_shot_noise_s3,patchcore,terminalblock,Tesla T4,shot_noise,3,0.8436381280137186,0.9422092973585084,0.999,0.5248150257610966,0.6897941806056279,257.09116000805267,1779850349912116100,2402
coldstart_patchcore_real_iad_toothbrush_gaussian_noise_s1,C:\Users\Usuario\Desktop\Thesis\Pipeline\Real-time-visual-defect-detection\data\outputs\Experiment 5\coldstart_patchcore_real_iad_toothbrush_gaussian_noise_s1,patchcore,toothbrush,Tesla T4,gaussian_noise,1,0.9419385076360351,0.9760558759743224,0.998642947155491,0.0043060338546264,0.0085911384325603,298.0600093827425,1779856650799823800,2366
coldstart_patchcore_real_iad_toothbrush_gaussian_noise_s2,C:\Users\Usuario\Desktop\Thesis\Pipeline\Real-time-visual-defect-detection\data\outputs\Experiment 5\coldstart_patchcore_real_iad_toothbrush_gaussian_noise_s2,patchcore,toothbrush,Tesla T4,gaussian_noise,2,0.93575933515947,0.9703633794036114,0.999,0.0016741683457042,0.0033320079008672,303.5701998606731,1779856650803820800,2360
coldstart_patchcore_real_iad_toothbrush_gaussian_noise_s3,C:\Users\Usuario\Desktop\Thesis\Pipeline\Real-time-visual-defect-detection\data\outputs\Experiment 5\coldstart_patchcore_real_iad_toothbrush_gaussian_noise_s3,patchcore,toothbrush,Tesla T4,gaussian_noise,3,0.909638042490706,0.9767430764197196,0.999,0.001,0.0019990699206392,298.9570489290375,1779856650807771700,2376
coldstart_patchcore_real_iad_toothbrush_motion_blur_s1,C:\Users\Usuario\Desktop\Thesis\Pipeline\Real-time-visual-defect-detection\data\outputs\Experiment 5\coldstart_patchcore_real_iad_toothbrush_motion_blur_s1,patchcore,toothbrush,Tesla T4,motion_blur,1,0.9463872354497356,0.981137654002858,1.0,0.03515625,0.0679245283018867,370.1090067860204,1779435939362896400,2563
coldstart_patchcore_real_iad_toothbrush_motion_blur_s2,C:\Users\Usuario\Desktop\Thesis\Pipeline\Real-time-visual-defect-detection\data\outputs\Experiment 5\coldstart_patchcore_real_iad_toothbrush_motion_blur_s2,patchcore,toothbrush,Tesla T4,motion_blur,2,0.9290777943121692,0.974921629199238,1.0,0.044921875,0.0859813084112149,370.3600847346365,1779435953088178700,2561
coldstart_patchcore_real_iad_toothbrush_motion_blur_s3,C:\Users\Usuario\Desktop\Thesis\Pipeline\Real-time-visual-defect-detection\data\outputs\Experiment 5\coldstart_patchcore_real_iad_toothbrush_motion_blur_s3,patchcore,toothbrush,Tesla T4,motion_blur,3,0.9005146329365079,0.9630885293208896,1.0,0.033203125,0.0642722117202268,371.3430463851829,1779435950875402000,2566
coldstart_patchcore_real_iad_toothbrush_shot_noise_s1,C:\Users\Usuario\Desktop\Thesis\Pipeline\Real-time-visual-defect-detection\data\outputs\Experiment 5\coldstart_patchcore_real_iad_toothbrush_shot_noise_s1,patchcore,toothbrush,Tesla T4,shot_noise,1,0.9307552025175092,0.9628718076814076,0.999,0.0272513405397937,0.0530488072654906,258.22234947212394,1779850351573064700,2308
coldstart_patchcore_real_iad_toothbrush_shot_noise_s2,C:\Users\Usuario\Desktop\Thesis\Pipeline\Real-time-visual-defect-detection\data\outputs\Experiment 5\coldstart_patchcore_real_iad_toothbrush_shot_noise_s2,patchcore,toothbrush,Tesla T4,shot_noise,2,0.9092858501749392,0.9576601697146458,0.9885835700100936,0.0325298734554341,0.0631084222079222,258.0986930540778,1779850353612289300,2371
coldstart_patchcore_real_iad_toothbrush_shot_noise_s3,C:\Users\Usuario\Desktop\Thesis\Pipeline\Real-time-visual-defect-detection\data\outputs\Experiment 5\coldstart_patchcore_real_iad_toothbrush_shot_noise_s3,patchcore,toothbrush,Tesla T4,shot_noise,3,0.8790560456825671,0.9456886137290694,0.999,0.001,0.001993926212365,258.2398383632082,1779850355100213400,2334
coldstart_patchcore_real_iad_toy_brick_gaussian_noise_s1,C:\Users\Usuario\Desktop\Thesis\Pipeline\Real-time-visual-defect-detection\data\outputs\Experiment 5\coldstart_patchcore_real_iad_toy_brick_gaussian_noise_s1,patchcore,toy_brick,Tesla T4,gaussian_noise,1,0.7074846673033782,0.8792854930773324,0.9970730817135456,0.2755125768710093,0.4326656742839238,301.75983064219486,1779856650830067300,2387
coldstart_patchcore_real_iad_toy_brick_gaussian_noise_s2,C:\Users\Usuario\Desktop\Thesis\Pipeline\Real-time-visual-defect-detection\data\outputs\Experiment 5\coldstart_patchcore_real_iad_toy_brick_gaussian_noise_s2,patchcore,toy_brick,Tesla T4,gaussian_noise,2,0.6985579823761802,0.8723518928341493,0.999,0.2697299271679004,0.4235250700570676,300.5787291740918,1779856650834070800,2371
coldstart_patchcore_real_iad_toy_brick_gaussian_noise_s3,C:\Users\Usuario\Desktop\Thesis\Pipeline\Real-time-visual-defect-detection\data\outputs\Experiment 5\coldstart_patchcore_real_iad_toy_brick_gaussian_noise_s3,patchcore,toy_brick,Tesla T4,gaussian_noise,3,0.6821622515737441,0.8761797254293328,0.999,0.2520585392161304,0.4028574083717299,306.15995156328705,1779856650838070100,2402
coldstart_patchcore_real_iad_toy_brick_motion_blur_s1,C:\Users\Usuario\Desktop\Thesis\Pipeline\Real-time-visual-defect-detection\data\outputs\Experiment 5\coldstart_patchcore_real_iad_toy_brick_motion_blur_s1,patchcore,toy_brick,Tesla T4,motion_blur,1,0.7174013874324433,0.8883200621400854,1.0,0.2509881422924901,0.4012638230647709,369.5481719928972,1779435938838292700,2571
coldstart_patchcore_real_iad_toy_brick_motion_blur_s2,C:\Users\Usuario\Desktop\Thesis\Pipeline\Real-time-visual-defect-detection\data\outputs\Experiment 5\coldstart_patchcore_real_iad_toy_brick_motion_blur_s2,patchcore,toy_brick,Tesla T4,motion_blur,2,0.7070662256997661,0.8827852736618983,1.0,0.2292490118577075,0.3729903536977492,369.1117192152639,1779435936132602100,2569
coldstart_patchcore_real_iad_toy_brick_motion_blur_s3,C:\Users\Usuario\Desktop\Thesis\Pipeline\Real-time-visual-defect-detection\data\outputs\Experiment 5\coldstart_patchcore_real_iad_toy_brick_motion_blur_s3,patchcore,toy_brick,Tesla T4,motion_blur,3,0.6977494555134307,0.877600447344029,1.0,0.1936758893280632,0.3245033112582781,369.2600728547218,1779435952691979300,2571
coldstart_patchcore_real_iad_toy_brick_shot_noise_s1,C:\Users\Usuario\Desktop\Thesis\Pipeline\Real-time-visual-defect-detection\data\outputs\Experiment 5\coldstart_patchcore_real_iad_toy_brick_shot_noise_s1,patchcore,toy_brick,Tesla T4,shot_noise,1,0.7128583460369197,0.8799101449439888,0.999,0.262863856011388,0.4162515372089518,259.76240774774726,1779850360558118100,2349
coldstart_patchcore_real_iad_toy_brick_shot_noise_s2,C:\Users\Usuario\Desktop\Thesis\Pipeline\Real-time-visual-defect-detection\data\outputs\Experiment 5\coldstart_patchcore_real_iad_toy_brick_shot_noise_s2,patchcore,toy_brick,Tesla T4,shot_noise,2,0.7047141556680735,0.8859415445496003,0.9510402229956904,0.2696246039953334,0.419607134985667,258.07329637303945,1779850361891606900,2409
coldstart_patchcore_real_iad_toy_brick_shot_noise_s3,C:\Users\Usuario\Desktop\Thesis\Pipeline\Real-time-visual-defect-detection\data\outputs\Experiment 5\coldstart_patchcore_real_iad_toy_brick_shot_noise_s3,patchcore,toy_brick,Tesla T4,shot_noise,3,0.6873068293288396,0.8617650808899042,0.9611198301778756,0.2589483769692244,0.4088870304209483,257.07748279682096,1779850363362322200,2405
coldstart_patchcore_real_iad_toy_gaussian_noise_s1,C:\Users\Usuario\Desktop\Thesis\Pipeline\Real-time-visual-defect-detection\data\outputs\Experiment 5\coldstart_patchcore_real_iad_toy_gaussian_noise_s1,patchcore,toy,Tesla T4,gaussian_noise,1,0.785117778838466,0.9102711865268936,0.9325510690637888,0.2230403204412649,0.3608925772997202,304.19743450718306,1779856650812867700,2440
coldstart_patchcore_real_iad_toy_gaussian_noise_s2,C:\Users\Usuario\Desktop\Thesis\Pipeline\Real-time-visual-defect-detection\data\outputs\Experiment 5\coldstart_patchcore_real_iad_toy_gaussian_noise_s2,patchcore,toy,Tesla T4,gaussian_noise,2,0.7303347759583062,0.8777335740103666,0.9307974246715688,0.1359350123272493,0.2378415051312403,302.4715904419306,1779856650814899300,2442
coldstart_patchcore_real_iad_toy_gaussian_noise_s3,C:\Users\Usuario\Desktop\Thesis\Pipeline\Real-time-visual-defect-detection\data\outputs\Experiment 5\coldstart_patchcore_real_iad_toy_gaussian_noise_s3,patchcore,toy,Tesla T4,gaussian_noise,3,0.642735485968527,0.8224716054897924,0.9369889973914252,0.001,0.0020055656422313,300.7694219075241,1779856650825329600,2411
coldstart_patchcore_real_iad_toy_motion_blur_s1,C:\Users\Usuario\Desktop\Thesis\Pipeline\Real-time-visual-defect-detection\data\outputs\Experiment 5\coldstart_patchcore_real_iad_toy_motion_blur_s1,patchcore,toy,Tesla T4,motion_blur,1,0.906191034222496,0.9606741053150474,0.9941176470588236,0.3339920948616601,0.5,367.7330266213007,1779435965988570600,2555
coldstart_patchcore_real_iad_toy_motion_blur_s2,C:\Users\Usuario\Desktop\Thesis\Pipeline\Real-time-visual-defect-detection\data\outputs\Experiment 5\coldstart_patchcore_real_iad_toy_motion_blur_s2,patchcore,toy,Tesla T4,motion_blur,2,0.848263054402447,0.9404383476561696,0.9880239520958084,0.3260869565217391,0.4903417533432392,367.7439231645295,1779435944713109900,2577
coldstart_patchcore_real_iad_toy_motion_blur_s3,C:\Users\Usuario\Desktop\Thesis\Pipeline\Real-time-visual-defect-detection\data\outputs\Experiment 5\coldstart_patchcore_real_iad_toy_motion_blur_s3,patchcore,toy,Tesla T4,motion_blur,3,0.6927820922795798,0.8528276298573605,1.0,0.0513833992094861,0.0977443609022556,368.0197378737541,1779435947226135000,2556
coldstart_patchcore_real_iad_toy_shot_noise_s1,C:\Users\Usuario\Desktop\Thesis\Pipeline\Real-time-visual-defect-detection\data\outputs\Experiment 5\coldstart_patchcore_real_iad_toy_shot_noise_s1,patchcore,toy,Tesla T4,shot_noise,1,0.9491762778256388,0.9880540400634292,0.999,0.247284174384535,0.3975280629709354,257.9889458194974,1779850356692458900,2397
coldstart_patchcore_real_iad_toy_shot_noise_s2,C:\Users\Usuario\Desktop\Thesis\Pipeline\Real-time-visual-defect-detection\data\outputs\Experiment 5\coldstart_patchcore_real_iad_toy_shot_noise_s2,patchcore,toy,Tesla T4,shot_noise,2,0.926665512255858,0.9791787563809948,0.999,0.252309687306906,0.4036529717860045,256.3494785957046,1779850357870100200,2398
coldstart_patchcore_real_iad_toy_shot_noise_s3,C:\Users\Usuario\Desktop\Thesis\Pipeline\Real-time-visual-defect-detection\data\outputs\Experiment 5\coldstart_patchcore_real_iad_toy_shot_noise_s3,patchcore,toy,Tesla T4,shot_noise,3,0.8540012608345104,0.944494189584764,0.999,0.11790029575741,0.211540829745551,259.68698868507227,1779850359262155100,2384
coldstart_patchcore_real_iad_transistor1_gaussian_noise_s1,C:\Users\Usuario\Desktop\Thesis\Pipeline\Real-time-visual-defect-detection\data\outputs\Experiment 5\coldstart_patchcore_real_iad_transistor1_gaussian_noise_s1,patchcore,transistor1,Tesla T4,gaussian_noise,1,0.8730491465105303,0.9358675479346784,0.9695819885663628,0.0535846395606188,0.1016555732603473,299.9323619478966,1779856650842810500,2390
coldstart_patchcore_real_iad_transistor1_gaussian_noise_s2,C:\Users\Usuario\Desktop\Thesis\Pipeline\Real-time-visual-defect-detection\data\outputs\Experiment 5\coldstart_patchcore_real_iad_transistor1_gaussian_noise_s2,patchcore,transistor1,Tesla T4,gaussian_noise,2,0.8424542474787,0.922474645837615,0.9687839671955482,0.0515168340731579,0.0978375691485231,299.9753917354572,1779856650843299200,2384
coldstart_patchcore_real_iad_transistor1_gaussian_noise_s3,C:\Users\Usuario\Desktop\Thesis\Pipeline\Real-time-visual-defect-detection\data\outputs\Experiment 5\coldstart_patchcore_real_iad_transistor1_gaussian_noise_s3,patchcore,transistor1,Tesla T4,gaussian_noise,3,0.743432229015209,0.8734627490708048,0.96334615219728,0.0449842522691689,0.085958361755099,303.69167509048333,1779856650843299200,2380
coldstart_patchcore_real_iad_transistor1_motion_blur_s1,C:\Users\Usuario\Desktop\Thesis\Pipeline\Real-time-visual-defect-detection\data\outputs\Experiment 5\coldstart_patchcore_real_iad_transistor1_motion_blur_s1,patchcore,transistor1,Tesla T4,motion_blur,1,0.8960147742983723,0.9555446968237662,1.0,0.0755467196819085,0.1404805914972273,369.2740960499058,1779435954629230400,2574
coldstart_patchcore_real_iad_transistor1_motion_blur_s2,C:\Users\Usuario\Desktop\Thesis\Pipeline\Real-time-visual-defect-detection\data\outputs\Experiment 5\coldstart_patchcore_real_iad_transistor1_motion_blur_s2,patchcore,transistor1,Tesla T4,motion_blur,2,0.8425992269731863,0.931281527607221,1.0,0.0675944333996023,0.1266294227188082,369.2298832057869,1779435939432711200,2553
coldstart_patchcore_real_iad_transistor1_motion_blur_s3,C:\Users\Usuario\Desktop\Thesis\Pipeline\Real-time-visual-defect-detection\data\outputs\Experiment 5\coldstart_patchcore_real_iad_transistor1_motion_blur_s3,patchcore,transistor1,Tesla T4,motion_blur,3,0.6461030769696541,0.8297942164895872,1.0,0.0715705765407554,0.1335807050092764,369.2146212185357,1779435949986763500,2574
coldstart_patchcore_real_iad_transistor1_shot_noise_s1,C:\Users\Usuario\Desktop\Thesis\Pipeline\Real-time-visual-defect-detection\data\outputs\Experiment 5\coldstart_patchcore_real_iad_transistor1_shot_noise_s1,patchcore,transistor1,Tesla T4,shot_noise,1,0.9922414509036156,0.999,0.999,0.0831866014645988,0.1530217844367052,260.3867379938956,1779850365727789100,2330
coldstart_patchcore_real_iad_transistor1_shot_noise_s2,C:\Users\Usuario\Desktop\Thesis\Pipeline\Real-time-visual-defect-detection\data\outputs\Experiment 5\coldstart_patchcore_real_iad_transistor1_shot_noise_s2,patchcore,transistor1,Tesla T4,shot_noise,2,0.9608116582829982,0.999,0.999,0.1168568938094665,0.2093171711276674,259.65267711755905,1779850367526527000,2370
coldstart_patchcore_real_iad_transistor1_shot_noise_s3,C:\Users\Usuario\Desktop\Thesis\Pipeline\Real-time-visual-defect-detection\data\outputs\Experiment 5\coldstart_patchcore_real_iad_transistor1_shot_noise_s3,patchcore,transistor1,Tesla T4,shot_noise,3,0.8716528682092336,0.9556790153594134,0.999,0.0938190911483793,0.1712382665984149,259.7690295834348,1779850369527609500,2340
coldstart_patchcore_real_iad_u_block_gaussian_noise_s1,C:\Users\Usuario\Desktop\Thesis\Pipeline\Real-time-visual-defect-detection\data\outputs\Experiment 5\coldstart_patchcore_real_iad_u_block_gaussian_noise_s1,patchcore,u_block,Tesla T4,gaussian_noise,1,0.7405428718049325,0.8851485416595996,0.9963791517435198,0.1776057955734878,0.3015962982711881,303.2071413690554,1779856650857884800,2410
coldstart_patchcore_real_iad_u_block_gaussian_noise_s2,C:\Users\Usuario\Desktop\Thesis\Pipeline\Real-time-visual-defect-detection\data\outputs\Experiment 5\coldstart_patchcore_real_iad_u_block_gaussian_noise_s2,patchcore,u_block,Tesla T4,gaussian_noise,2,0.6908945065363488,0.8639014184881625,0.999,0.1376357947370199,0.2419316362504288,301.54730729494906,1779856650862911800,2409
coldstart_patchcore_real_iad_u_block_gaussian_noise_s3,C:\Users\Usuario\Desktop\Thesis\Pipeline\Real-time-visual-defect-detection\data\outputs\Experiment 5\coldstart_patchcore_real_iad_u_block_gaussian_noise_s3,patchcore,u_block,Tesla T4,gaussian_noise,3,0.6638289137556216,0.8454300045948906,0.999,0.1200563126585546,0.2145947197583603,300.3501567310669,1779856650868903400,2410
coldstart_patchcore_real_iad_u_block_motion_blur_s1,C:\Users\Usuario\Desktop\Thesis\Pipeline\Real-time-visual-defect-detection\data\outputs\Experiment 5\coldstart_patchcore_real_iad_u_block_motion_blur_s1,patchcore,u_block,Tesla T4,motion_blur,1,0.5906486339513197,0.8287269638832733,1.0,0.1382765531062124,0.2429577464788732,368.5860727737471,1779435967756712200,2568
coldstart_patchcore_real_iad_u_block_motion_blur_s2,C:\Users\Usuario\Desktop\Thesis\Pipeline\Real-time-visual-defect-detection\data\outputs\Experiment 5\coldstart_patchcore_real_iad_u_block_motion_blur_s2,patchcore,u_block,Tesla T4,motion_blur,2,0.5503972769659922,0.8080562192201404,1.0,0.0981963927855711,0.1788321167883211,368.891887383914,1779435964600143400,2570
coldstart_patchcore_real_iad_u_block_motion_blur_s3,C:\Users\Usuario\Desktop\Thesis\Pipeline\Real-time-visual-defect-detection\data\outputs\Experiment 5\coldstart_patchcore_real_iad_u_block_motion_blur_s3,patchcore,u_block,Tesla T4,motion_blur,3,0.5273360791935631,0.7757872331107247,1.0,0.0681362725450901,0.1275797373358349,368.5897927692488,1779435945986754400,2562
coldstart_patchcore_real_iad_u_block_shot_noise_s1,C:\Users\Usuario\Desktop\Thesis\Pipeline\Real-time-visual-defect-detection\data\outputs\Experiment 5\coldstart_patchcore_real_iad_u_block_shot_noise_s1,patchcore,u_block,Tesla T4,shot_noise,1,0.647664286413489,0.8230820840607688,0.3533544235949144,0.1130636702798901,0.1719917464720309,259.45890050816365,1779850371119580700,2357
coldstart_patchcore_real_iad_u_block_shot_noise_s2,C:\Users\Usuario\Desktop\Thesis\Pipeline\Real-time-visual-defect-detection\data\outputs\Experiment 5\coldstart_patchcore_real_iad_u_block_shot_noise_s2,patchcore,u_block,Tesla T4,shot_noise,2,0.6170996818629327,0.8229584555168891,0.7527176152885661,0.0921656642610079,0.1637944764534265,258.1800778264237,1779850372663095400,2392
coldstart_patchcore_real_iad_u_block_shot_noise_s3,C:\Users\Usuario\Desktop\Thesis\Pipeline\Real-time-visual-defect-detection\data\outputs\Experiment 5\coldstart_patchcore_real_iad_u_block_shot_noise_s3,patchcore,u_block,Tesla T4,shot_noise,3,0.6258608348937367,0.8066109680855594,0.866172020592306,0.0755777949249484,0.1390784877370721,257.6940240572468,1779850373939467000,2403
coldstart_patchcore_real_iad_usb_adaptor_gaussian_noise_s1,C:\Users\Usuario\Desktop\Thesis\Pipeline\Real-time-visual-defect-detection\data\outputs\Experiment 5\coldstart_patchcore_real_iad_usb_adaptor_gaussian_noise_s1,patchcore,usb_adaptor,Tesla T4,gaussian_noise,1,0.8344914550254273,0.9270828172465996,0.9185503130505204,0.201463586156526,0.3297825749057896,305.1794606101446,1779856650887345300,2449
coldstart_patchcore_real_iad_usb_adaptor_gaussian_noise_s2,C:\Users\Usuario\Desktop\Thesis\Pipeline\Real-time-visual-defect-detection\data\outputs\Experiment 5\coldstart_patchcore_real_iad_usb_adaptor_gaussian_noise_s2,patchcore,usb_adaptor,Tesla T4,gaussian_noise,2,0.7965009001054408,0.9257123069433292,0.942063624382342,0.0755430110155196,0.1393421131603268,305.87284737002693,1779856650891568500,2449
coldstart_patchcore_real_iad_usb_adaptor_gaussian_noise_s3,C:\Users\Usuario\Desktop\Thesis\Pipeline\Real-time-visual-defect-detection\data\outputs\Experiment 5\coldstart_patchcore_real_iad_usb_adaptor_gaussian_noise_s3,patchcore,usb_adaptor,Tesla T4,gaussian_noise,3,0.7527612574042145,0.908432182443196,0.9253826161069558,0.0175914397736307,0.0345894917884939,305.6687963086394,1779856650896653800,2449
coldstart_patchcore_real_iad_usb_adaptor_motion_blur_s1,C:\Users\Usuario\Desktop\Thesis\Pipeline\Real-time-visual-defect-detection\data\outputs\Experiment 5\coldstart_patchcore_real_iad_usb_adaptor_motion_blur_s1,patchcore,usb_adaptor,Tesla T4,motion_blur,1,0.8748481584194723,0.9462452440508368,0.9551569506726456,0.3929889298892989,0.5568627450980392,368.9108230525173,1779435933943512700,2589
coldstart_patchcore_real_iad_usb_adaptor_motion_blur_s2,C:\Users\Usuario\Desktop\Thesis\Pipeline\Real-time-visual-defect-detection\data\outputs\Experiment 5\coldstart_patchcore_real_iad_usb_adaptor_motion_blur_s2,patchcore,usb_adaptor,Tesla T4,motion_blur,2,0.8538539112099196,0.9363452842791952,0.9438202247191012,0.3099630996309963,0.4666666666666667,370.0594098605186,1779435934504002600,2592
coldstart_patchcore_real_iad_usb_adaptor_motion_blur_s3,C:\Users\Usuario\Desktop\Thesis\Pipeline\Real-time-visual-defect-detection\data\outputs\Experiment 5\coldstart_patchcore_real_iad_usb_adaptor_motion_blur_s3,patchcore,usb_adaptor,Tesla T4,motion_blur,3,0.795707180674291,0.9145794562090864,0.9444444444444444,0.2509225092250922,0.3965014577259475,369.3170270868968,1779435957732404600,2589
coldstart_patchcore_real_iad_usb_adaptor_shot_noise_s1,C:\Users\Usuario\Desktop\Thesis\Pipeline\Real-time-visual-defect-detection\data\outputs\Experiment 5\coldstart_patchcore_real_iad_usb_adaptor_shot_noise_s1,patchcore,usb_adaptor,Tesla T4,shot_noise,1,0.8924852833696824,0.9516572562570096,0.999,0.3684305590185354,0.5381155326478492,258.4218347802594,1779850378474932700,2385
coldstart_patchcore_real_iad_usb_adaptor_shot_noise_s2,C:\Users\Usuario\Desktop\Thesis\Pipeline\Real-time-visual-defect-detection\data\outputs\Experiment 5\coldstart_patchcore_real_iad_usb_adaptor_shot_noise_s2,patchcore,usb_adaptor,Tesla T4,shot_noise,2,0.8402803342355247,0.9420315876623406,0.8569057702208172,0.3277400108617538,0.4733099871568413,257.8220821507952,1779850379407194400,2425
coldstart_patchcore_real_iad_usb_adaptor_shot_noise_s3,C:\Users\Usuario\Desktop\Thesis\Pipeline\Real-time-visual-defect-detection\data\outputs\Experiment 5\coldstart_patchcore_real_iad_usb_adaptor_shot_noise_s3,patchcore,usb_adaptor,Tesla T4,shot_noise,3,0.8225195134205558,0.9305854796780502,0.9406261607620136,0.2969542966366238,0.4521010498483435,258.62016239641235,1779850380542099600,2426
coldstart_patchcore_real_iad_usb_gaussian_noise_s1,C:\Users\Usuario\Desktop\Thesis\Pipeline\Real-time-visual-defect-detection\data\outputs\Experiment 5\coldstart_patchcore_real_iad_usb_gaussian_noise_s1,patchcore,usb,Tesla T4,gaussian_noise,1,0.7633474370333599,0.9015836839470016,0.9804130945514192,0.4860637350871665,0.6483956477501333,299.6549764341185,1779856650875216000,2434
coldstart_patchcore_real_iad_usb_gaussian_noise_s2,C:\Users\Usuario\Desktop\Thesis\Pipeline\Real-time-visual-defect-detection\data\outputs\Experiment 5\coldstart_patchcore_real_iad_usb_gaussian_noise_s2,patchcore,usb,Tesla T4,gaussian_noise,2,0.7692014329525587,0.9069992532486164,0.9730836404929908,0.4826966201302913,0.6429014717038833,300.8472299357119,1779856650879344800,2431
coldstart_patchcore_real_iad_usb_gaussian_noise_s3,C:\Users\Usuario\Desktop\Thesis\Pipeline\Real-time-visual-defect-detection\data\outputs\Experiment 5\coldstart_patchcore_real_iad_usb_gaussian_noise_s3,patchcore,usb,Tesla T4,gaussian_noise,3,0.7335385354932359,0.8984353950641615,0.9766610263575124,0.364176681514103,0.5294345107231675,299.1722147233087,1779856650883345700,2428
coldstart_patchcore_real_iad_usb_motion_blur_s1,C:\Users\Usuario\Desktop\Thesis\Pipeline\Real-time-visual-defect-detection\data\outputs\Experiment 5\coldstart_patchcore_real_iad_usb_motion_blur_s1,patchcore,usb,Tesla T4,motion_blur,1,0.8170748873873874,0.9370369096347242,0.9964028776978416,0.5347490347490348,0.6959798994974874,368.04682130287534,1779435948062803900,2573
coldstart_patchcore_real_iad_usb_motion_blur_s2,C:\Users\Usuario\Desktop\Thesis\Pipeline\Real-time-visual-defect-detection\data\outputs\Experiment 5\coldstart_patchcore_real_iad_usb_motion_blur_s2,patchcore,usb,Tesla T4,motion_blur,2,0.8565596846846846,0.949952944330948,0.9867109634551496,0.5733590733590733,0.7252747252747253,368.0157995437749,1779435943301938000,2572
coldstart_patchcore_real_iad_usb_motion_blur_s3,C:\Users\Usuario\Desktop\Thesis\Pipeline\Real-time-visual-defect-detection\data\outputs\Experiment 5\coldstart_patchcore_real_iad_usb_motion_blur_s3,patchcore,usb,Tesla T4,motion_blur,3,0.8116855694980695,0.9280413145762864,0.99009900990099,0.3861003861003861,0.5555555555555556,368.0039226772812,1779435949164809400,2573
coldstart_patchcore_real_iad_usb_shot_noise_s1,C:\Users\Usuario\Desktop\Thesis\Pipeline\Real-time-visual-defect-detection\data\outputs\Experiment 5\coldstart_patchcore_real_iad_usb_shot_noise_s1,patchcore,usb,Tesla T4,shot_noise,1,0.8635539516129171,0.9568351571094484,0.9708294289584016,0.5079261070913611,0.667879380561546,258.0742283521699,1779850375075164900,2418
coldstart_patchcore_real_iad_usb_shot_noise_s2,C:\Users\Usuario\Desktop\Thesis\Pipeline\Real-time-visual-defect-detection\data\outputs\Experiment 5\coldstart_patchcore_real_iad_usb_shot_noise_s2,patchcore,usb,Tesla T4,shot_noise,2,0.8891998151908732,0.9752969318267746,0.999,0.5137597730799818,0.6792875802295257,259.62010442795264,1779850376505079400,2399
coldstart_patchcore_real_iad_usb_shot_noise_s3,C:\Users\Usuario\Desktop\Thesis\Pipeline\Real-time-visual-defect-detection\data\outputs\Experiment 5\coldstart_patchcore_real_iad_usb_shot_noise_s3,patchcore,usb,Tesla T4,shot_noise,3,0.8524691280568633,0.9632933852491912,0.999,0.4292813086981843,0.5997665770797282,257.35037048890484,1779850377540304200,2404
coldstart_patchcore_real_iad_vcpill_gaussian_noise_s1,C:\Users\Usuario\Desktop\Thesis\Pipeline\Real-time-visual-defect-detection\data\outputs\Experiment 5\coldstart_patchcore_real_iad_vcpill_gaussian_noise_s1,patchcore,vcpill,Tesla T4,gaussian_noise,1,0.5506665925417757,0.7913153428883976,0.999,0.0581221633134494,0.1096801703462837,304.32367145308353,1779856650901653600,2413
coldstart_patchcore_real_iad_vcpill_gaussian_noise_s2,C:\Users\Usuario\Desktop\Thesis\Pipeline\Real-time-visual-defect-detection\data\outputs\Experiment 5\coldstart_patchcore_real_iad_vcpill_gaussian_noise_s2,patchcore,vcpill,Tesla T4,gaussian_noise,2,0.5334275802412166,0.7925546844628167,0.9957262455231264,0.0258856886331264,0.0503429576281855,304.2959572037142,1779856650905654000,2425
coldstart_patchcore_real_iad_vcpill_gaussian_noise_s3,C:\Users\Usuario\Desktop\Thesis\Pipeline\Real-time-visual-defect-detection\data\outputs\Experiment 5\coldstart_patchcore_real_iad_vcpill_gaussian_noise_s3,patchcore,vcpill,Tesla T4,gaussian_noise,3,0.5112047873250766,0.7865974094201875,0.999,0.0145986427418639,0.0287354786618591,299.8073582935953,1779856650910264900,2430
coldstart_patchcore_real_iad_vcpill_motion_blur_s1,C:\Users\Usuario\Desktop\Thesis\Pipeline\Real-time-visual-defect-detection\data\outputs\Experiment 5\coldstart_patchcore_real_iad_vcpill_motion_blur_s1,patchcore,vcpill,Tesla T4,motion_blur,1,0.58446831826543,0.8085935123262903,0.9733333333333334,0.1457085828343313,0.2534722222222221,368.00416009632727,1779435955258998600,2578
coldstart_patchcore_real_iad_vcpill_motion_blur_s2,C:\Users\Usuario\Desktop\Thesis\Pipeline\Real-time-visual-defect-detection\data\outputs\Experiment 5\coldstart_patchcore_real_iad_vcpill_motion_blur_s2,patchcore,vcpill,Tesla T4,motion_blur,2,0.5994383781456696,0.8185206830250197,0.9746835443037974,0.1536926147704591,0.2655172413793104,368.48703536031815,1779435950761787700,2579
coldstart_patchcore_real_iad_vcpill_motion_blur_s3,C:\Users\Usuario\Desktop\Thesis\Pipeline\Real-time-visual-defect-detection\data\outputs\Experiment 5\coldstart_patchcore_real_iad_vcpill_motion_blur_s3,patchcore,vcpill,Tesla T4,motion_blur,3,0.6044381824586121,0.8224654986428745,0.9897959183673468,0.1936127744510978,0.3238731218697829,366.98161763253006,1779435946153639500,2578
coldstart_patchcore_real_iad_vcpill_shot_noise_s1,C:\Users\Usuario\Desktop\Thesis\Pipeline\Real-time-visual-defect-detection\data\outputs\Experiment 5\coldstart_patchcore_real_iad_vcpill_shot_noise_s1,patchcore,vcpill,Tesla T4,shot_noise,1,0.5862361326745033,0.8144248787263307,0.4692592487154849,0.1282900212103402,0.2018749284315374,259.51364693403343,1779850382153516100,2364
coldstart_patchcore_real_iad_vcpill_shot_noise_s2,C:\Users\Usuario\Desktop\Thesis\Pipeline\Real-time-visual-defect-detection\data\outputs\Experiment 5\coldstart_patchcore_real_iad_vcpill_shot_noise_s2,patchcore,vcpill,Tesla T4,shot_noise,2,0.5891827877182318,0.8202153315634235,0.3220679568115753,0.1328158528282604,0.1880481975916073,259.9671277499859,1779850383785513300,2382
coldstart_patchcore_real_iad_vcpill_shot_noise_s3,C:\Users\Usuario\Desktop\Thesis\Pipeline\Real-time-visual-defect-detection\data\outputs\Experiment 5\coldstart_patchcore_real_iad_vcpill_shot_noise_s3,patchcore,vcpill,Tesla T4,shot_noise,3,0.6038735399419405,0.815960732600767,0.9859185287077707,0.1642841556924995,0.2825041703026734,259.0457218820411,1779850385426538500,2374
coldstart_patchcore_real_iad_wooden_beads_gaussian_noise_s1,C:\Users\Usuario\Desktop\Thesis\Pipeline\Real-time-visual-defect-detection\data\outputs\Experiment 5\coldstart_patchcore_real_iad_wooden_beads_gaussian_noise_s1,patchcore,wooden_beads,Tesla T4,gaussian_noise,1,0.7735097756257971,0.9466633821605184,0.999,0.3343430796943875,0.5011873119487965,288.86091401063135,1779856650910264900,2420
coldstart_patchcore_real_iad_wooden_beads_gaussian_noise_s2,C:\Users\Usuario\Desktop\Thesis\Pipeline\Real-time-visual-defect-detection\data\outputs\Experiment 5\coldstart_patchcore_real_iad_wooden_beads_gaussian_noise_s2,patchcore,wooden_beads,Tesla T4,gaussian_noise,2,0.7666383171582299,0.9326039060692894,0.9844255336589764,0.3525277734013339,0.5202664302155396,291.1448303376383,1779856650910264900,2430
coldstart_patchcore_real_iad_wooden_beads_gaussian_noise_s3,C:\Users\Usuario\Desktop\Thesis\Pipeline\Real-time-visual-defect-detection\data\outputs\Experiment 5\coldstart_patchcore_real_iad_wooden_beads_gaussian_noise_s3,patchcore,wooden_beads,Tesla T4,gaussian_noise,3,0.7895382662869407,0.934505780430252,0.999,0.380042857052025,0.5520371460855396,290.238567122964,1779856650929024500,2409
coldstart_patchcore_real_iad_wooden_beads_motion_blur_s1,C:\Users\Usuario\Desktop\Thesis\Pipeline\Real-time-visual-defect-detection\data\outputs\Experiment 5\coldstart_patchcore_real_iad_wooden_beads_motion_blur_s1,patchcore,wooden_beads,Tesla T4,motion_blur,1,0.7722287658683419,0.9373855271750152,0.9734513274336284,0.3886925795053003,0.5555555555555556,340.0609390970021,1779435941599160200,2592
coldstart_patchcore_real_iad_wooden_beads_motion_blur_s2,C:\Users\Usuario\Desktop\Thesis\Pipeline\Real-time-visual-defect-detection\data\outputs\Experiment 5\coldstart_patchcore_real_iad_wooden_beads_motion_blur_s2,patchcore,wooden_beads,Tesla T4,motion_blur,2,0.7843606857741132,0.9419861766235134,0.967479674796748,0.4204946996466431,0.5862068965517241,339.5974386305213,1779435958252162100,2591
coldstart_patchcore_real_iad_wooden_beads_motion_blur_s3,C:\Users\Usuario\Desktop\Thesis\Pipeline\Real-time-visual-defect-detection\data\outputs\Experiment 5\coldstart_patchcore_real_iad_wooden_beads_motion_blur_s3,patchcore,wooden_beads,Tesla T4,motion_blur,3,0.8110195000654363,0.9503787249925127,0.970479704797048,0.4646643109540636,0.6284348864994027,341.36443569903054,1779435936553760500,2591
coldstart_patchcore_real_iad_wooden_beads_shot_noise_s1,C:\Users\Usuario\Desktop\Thesis\Pipeline\Real-time-visual-defect-detection\data\outputs\Experiment 5\coldstart_patchcore_real_iad_wooden_beads_shot_noise_s1,patchcore,wooden_beads,Tesla T4,shot_noise,1,0.7658274847011671,0.9331161123790596,0.9833935035615948,0.3591494465348499,0.5248545351281115,241.22075760434183,1779850386923980200,2423
coldstart_patchcore_real_iad_wooden_beads_shot_noise_s2,C:\Users\Usuario\Desktop\Thesis\Pipeline\Real-time-visual-defect-detection\data\outputs\Experiment 5\coldstart_patchcore_real_iad_wooden_beads_shot_noise_s2,patchcore,wooden_beads,Tesla T4,shot_noise,2,0.7539124585248108,0.9366967266600325,0.9670239403500902,0.3558844020662558,0.52098132380975,242.87852295204948,1779850388229469900,2399
coldstart_patchcore_real_iad_wooden_beads_shot_noise_s3,C:\Users\Usuario\Desktop\Thesis\Pipeline\Real-time-visual-defect-detection\data\outputs\Experiment 5\coldstart_patchcore_real_iad_wooden_beads_shot_noise_s3,patchcore,wooden_beads,Tesla T4,shot_noise,3,0.7634468227782172,0.9406403438130664,0.999,0.3896027448307073,0.5602496396147512,244.6423474044689,1779850389903793500,2399
coldstart_patchcore_real_iad_woodstick_gaussian_noise_s1,C:\Users\Usuario\Desktop\Thesis\Pipeline\Real-time-visual-defect-detection\data\outputs\Experiment 5\coldstart_patchcore_real_iad_woodstick_gaussian_noise_s1,patchcore,woodstick,Tesla T4,gaussian_noise,1,0.5683725087982199,0.7908465715504477,0.8975802148236025,0.1636402048091293,0.2772958007257072,293.97232043955506,1779856650933030600,2454
coldstart_patchcore_real_iad_woodstick_gaussian_noise_s2,C:\Users\Usuario\Desktop\Thesis\Pipeline\Real-time-visual-defect-detection\data\outputs\Experiment 5\coldstart_patchcore_real_iad_woodstick_gaussian_noise_s2,patchcore,woodstick,Tesla T4,gaussian_noise,2,0.5570922079929906,0.7769992752172175,0.8523571460322271,0.136001751169603,0.2337876403741049,293.0368947051643,1779856650937028200,2435
coldstart_patchcore_real_iad_woodstick_gaussian_noise_s3,C:\Users\Usuario\Desktop\Thesis\Pipeline\Real-time-visual-defect-detection\data\outputs\Experiment 5\coldstart_patchcore_real_iad_woodstick_gaussian_noise_s3,patchcore,woodstick,Tesla T4,gaussian_noise,3,0.5475994692934095,0.7707063386148859,0.8939434511442905,0.1231176312272436,0.2168570366363721,291.84767710570867,1779856650941641200,2432
coldstart_patchcore_real_iad_woodstick_motion_blur_s1,C:\Users\Usuario\Desktop\Thesis\Pipeline\Real-time-visual-defect-detection\data\outputs\Experiment 5\coldstart_patchcore_real_iad_woodstick_motion_blur_s1,patchcore,woodstick,Tesla T4,motion_blur,1,0.6026169154228855,0.8093376340465502,0.9278350515463918,0.18,0.3015075376884422,345.1710724393708,1779435954880586200,2551
coldstart_patchcore_real_iad_woodstick_motion_blur_s2,C:\Users\Usuario\Desktop\Thesis\Pipeline\Real-time-visual-defect-detection\data\outputs\Experiment 5\coldstart_patchcore_real_iad_woodstick_motion_blur_s2,patchcore,woodstick,Tesla T4,motion_blur,2,0.5904975124378109,0.8013618446181956,0.9146341463414634,0.15,0.2577319587628866,346.3222712296745,1779435952915939000,2571
coldstart_patchcore_real_iad_woodstick_motion_blur_s3,C:\Users\Usuario\Desktop\Thesis\Pipeline\Real-time-visual-defect-detection\data\outputs\Experiment 5\coldstart_patchcore_real_iad_woodstick_motion_blur_s3,patchcore,woodstick,Tesla T4,motion_blur,3,0.5770149253731343,0.7901544836883895,0.9264705882352942,0.126,0.2218309859154929,345.46001814979815,1779435952327481100,2571
coldstart_patchcore_real_iad_woodstick_shot_noise_s1,C:\Users\Usuario\Desktop\Thesis\Pipeline\Real-time-visual-defect-detection\data\outputs\Experiment 5\coldstart_patchcore_real_iad_woodstick_shot_noise_s1,patchcore,woodstick,Tesla T4,shot_noise,1,0.5520941547424597,0.7814536237535595,0.999,0.1844482262816697,0.3103475774110071,247.445309078062,1779850390963764000,2373
coldstart_patchcore_real_iad_woodstick_shot_noise_s2,C:\Users\Usuario\Desktop\Thesis\Pipeline\Real-time-visual-defect-detection\data\outputs\Experiment 5\coldstart_patchcore_real_iad_woodstick_shot_noise_s2,patchcore,woodstick,Tesla T4,shot_noise,2,0.5437001744290595,0.7747385987155565,0.9789508070161276,0.1606954554749555,0.2770830364032633,244.58848339525585,1779850392482651700,2395
coldstart_patchcore_real_iad_woodstick_shot_noise_s3,C:\Users\Usuario\Desktop\Thesis\Pipeline\Real-time-visual-defect-detection\data\outputs\Experiment 5\coldstart_patchcore_real_iad_woodstick_shot_noise_s3,patchcore,woodstick,Tesla T4,shot_noise,3,0.5329652409503223,0.780433744749975,0.999,0.1324520244187779,0.2345133915088451,246.1734484870056,1779850393460083400,2342
coldstart_patchcore_real_iad_zipper_gaussian_noise_s1,C:\Users\Usuario\Desktop\Thesis\Pipeline\Real-time-visual-defect-detection\data\outputs\Experiment 5\coldstart_patchcore_real_iad_zipper_gaussian_noise_s1,patchcore,zipper,Tesla T4,gaussian_noise,1,0.9768091069535773,0.983179585500332,0.9920247030331372,0.6069366074409055,0.7542363125632584,284.1657930469638,1779856650946714600,2423
coldstart_patchcore_real_iad_zipper_gaussian_noise_s2,C:\Users\Usuario\Desktop\Thesis\Pipeline\Real-time-visual-defect-detection\data\outputs\Experiment 5\coldstart_patchcore_real_iad_zipper_gaussian_noise_s2,patchcore,zipper,Tesla T4,gaussian_noise,2,0.8908743460102213,0.957775602297574,0.9888501511154562,0.4419991571264339,0.6086628465208438,288.0714873693196,1779856650951714300,2419
coldstart_patchcore_real_iad_zipper_gaussian_noise_s3,C:\Users\Usuario\Desktop\Thesis\Pipeline\Real-time-visual-defect-detection\data\outputs\Experiment 5\coldstart_patchcore_real_iad_zipper_gaussian_noise_s3,patchcore,zipper,Tesla T4,gaussian_noise,3,0.7827846290340703,0.8872732917536362,0.9696201767797558,0.2699740130129882,0.421295392459152,287.88635540428083,1779856650955714800,2406
coldstart_patchcore_real_iad_zipper_motion_blur_s1,C:\Users\Usuario\Desktop\Thesis\Pipeline\Real-time-visual-defect-detection\data\outputs\Experiment 5\coldstart_patchcore_real_iad_zipper_motion_blur_s1,patchcore,zipper,Tesla T4,motion_blur,1,0.9571442786069652,0.9846441470969868,0.9973614775725592,0.756,0.8600682593856656,331.35218605991327,1779435962744659700,2567
coldstart_patchcore_real_iad_zipper_motion_blur_s2,C:\Users\Usuario\Desktop\Thesis\Pipeline\Real-time-visual-defect-detection\data\outputs\Experiment 5\coldstart_patchcore_real_iad_zipper_motion_blur_s2,patchcore,zipper,Tesla T4,motion_blur,2,0.8284079601990051,0.9348905925342648,1.0,0.408,0.5795454545454546,330.8468505078595,1779435947590055900,2538
coldstart_patchcore_real_iad_zipper_motion_blur_s3,C:\Users\Usuario\Desktop\Thesis\Pipeline\Real-time-visual-defect-detection\data\outputs\Experiment 5\coldstart_patchcore_real_iad_zipper_motion_blur_s3,patchcore,zipper,Tesla T4,motion_blur,3,0.6111144278606966,0.8172259541237721,1.0,0.056,0.106060606060606,330.4601953594726,1779435959490605800,2552
coldstart_patchcore_real_iad_zipper_shot_noise_s1,C:\Users\Usuario\Desktop\Thesis\Pipeline\Real-time-visual-defect-detection\data\outputs\Experiment 5\coldstart_patchcore_real_iad_zipper_shot_noise_s1,patchcore,zipper,Tesla T4,shot_noise,1,0.9716977132675012,0.9907037891864532,0.9988767532873406,0.6280928419013222,0.7694939807061427,239.140116077249,1779850394465297800,2349
coldstart_patchcore_real_iad_zipper_shot_noise_s2,C:\Users\Usuario\Desktop\Thesis\Pipeline\Real-time-visual-defect-detection\data\outputs\Experiment 5\coldstart_patchcore_real_iad_zipper_shot_noise_s2,patchcore,zipper,Tesla T4,shot_noise,2,0.8953499455046455,0.9536229255483754,0.9212649564522384,0.4502165721689002,0.6041916572929339,238.46650182325325,1779850395382885500,2388
coldstart_patchcore_real_iad_zipper_shot_noise_s3,C:\Users\Usuario\Desktop\Thesis\Pipeline\Real-time-visual-defect-detection\data\outputs\Experiment 5\coldstart_patchcore_real_iad_zipper_shot_noise_s3,patchcore,zipper,Tesla T4,shot_noise,3,0.7913634807362067,0.88368556798853,0.999,0.2619563608630477,0.4136020351557203,238.3359355910121,1779850396368829400,2309
coldstart_rd4ad_real_iad_audiojack_gaussian_noise_s1,C:\Users\Usuario\Desktop\Thesis\Pipeline\Real-time-visual-defect-detection\data\outputs\Experiment 5\coldstart_rd4ad_real_iad_audiojack_gaussian_noise_s1,rd4ad,audiojack,Tesla T4,gaussian_noise,1,0.5520613474870073,0.7475433320182848,0.7423332059222615,0.1181470847980482,0.188541546728788,52.64865564212186,1779859233817220500,2589
coldstart_rd4ad_real_iad_audiojack_gaussian_noise_s2,C:\Users\Usuario\Desktop\Thesis\Pipeline\Real-time-visual-defect-detection\data\outputs\Experiment 5\coldstart_rd4ad_real_iad_audiojack_gaussian_noise_s2,rd4ad,audiojack,Tesla T4,gaussian_noise,2,0.5525928479642144,0.7359744194806456,0.7388890158425732,0.1011965653425222,0.1686564692043037,52.08438944591102,1779859233825237700,2597
coldstart_rd4ad_real_iad_audiojack_gaussian_noise_s3,C:\Users\Usuario\Desktop\Thesis\Pipeline\Real-time-visual-defect-detection\data\outputs\Experiment 5\coldstart_rd4ad_real_iad_audiojack_gaussian_noise_s3,rd4ad,audiojack,Tesla T4,gaussian_noise,3,0.5497787352879017,0.7470085894998012,0.7440735307350622,0.0957689561667257,0.1619041699209149,52.71152230549272,1779859233836366000,2592
coldstart_rd4ad_real_iad_audiojack_motion_blur_s1,C:\Users\Usuario\Desktop\Thesis\Pipeline\Real-time-visual-defect-detection\data\outputs\Experiment 5\coldstart_rd4ad_real_iad_audiojack_motion_blur_s1,rd4ad,audiojack,Tesla T4,motion_blur,1,0.5740107128239595,0.7620700167936328,0.7566580756168043,0.0837589825259504,0.1529943661845358,67.34007064002213,1779859235111456700,2580
coldstart_rd4ad_real_iad_audiojack_motion_blur_s2,C:\Users\Usuario\Desktop\Thesis\Pipeline\Real-time-visual-defect-detection\data\outputs\Experiment 5\coldstart_rd4ad_real_iad_audiojack_motion_blur_s2,rd4ad,audiojack,Tesla T4,motion_blur,2,0.5585293446999883,0.7683105738378618,0.7498865381829053,0.1180554143946432,0.2014647591753141,65.29474590552995,1779859235144572700,2573
coldstart_rd4ad_real_iad_audiojack_motion_blur_s3,C:\Users\Usuario\Desktop\Thesis\Pipeline\Real-time-visual-defect-detection\data\outputs\Experiment 5\coldstart_rd4ad_real_iad_audiojack_motion_blur_s3,rd4ad,audiojack,Tesla T4,motion_blur,3,0.5573278217801265,0.7649116107834044,0.7527592092847183,0.1012931850184246,0.1787226153849204,67.34004363936427,1779859235156970600,2594
coldstart_rd4ad_real_iad_audiojack_shot_noise_s1,C:\Users\Usuario\Desktop\Thesis\Pipeline\Real-time-visual-defect-detection\data\outputs\Experiment 5\coldstart_rd4ad_real_iad_audiojack_shot_noise_s1,rd4ad,audiojack,Tesla T4,shot_noise,1,0.5654188597332076,0.7678288798835757,0.7564468719838375,0.0644799462634178,0.1232700047313973,35.21481977669958,1779859236411356900,2576
coldstart_rd4ad_real_iad_audiojack_shot_noise_s2,C:\Users\Usuario\Desktop\Thesis\Pipeline\Real-time-visual-defect-detection\data\outputs\Experiment 5\coldstart_rd4ad_real_iad_audiojack_shot_noise_s2,rd4ad,audiojack,Tesla T4,shot_noise,2,0.5633179068676796,0.7692458416518901,0.7812383221194482,0.0682172488598669,0.1255248915127799,35.78829839474422,1779859236425532600,2591
coldstart_rd4ad_real_iad_audiojack_shot_noise_s3,C:\Users\Usuario\Desktop\Thesis\Pipeline\Real-time-visual-defect-detection\data\outputs\Experiment 5\coldstart_rd4ad_real_iad_audiojack_shot_noise_s3,rd4ad,audiojack,Tesla T4,shot_noise,3,0.57956712486358,0.7605946686218419,0.7665519421272577,0.0561368725862744,0.108001411105412,35.69838489198959,1779859236478861700,2588
coldstart_rd4ad_real_iad_bottle_cap_gaussian_noise_s1,C:\Users\Usuario\Desktop\Thesis\Pipeline\Real-time-visual-defect-detection\data\outputs\Experiment 5\coldstart_rd4ad_real_iad_bottle_cap_gaussian_noise_s1,rd4ad,bottle_cap,Tesla T4,gaussian_noise,1,0.7530515217413435,0.8537390439631247,0.9323980155792612,0.0023956520211378,0.0110670518147289,51.0162944159242,1779859233848232200,2594
coldstart_rd4ad_real_iad_bottle_cap_gaussian_noise_s2,C:\Users\Usuario\Desktop\Thesis\Pipeline\Real-time-visual-defect-detection\data\outputs\Experiment 5\coldstart_rd4ad_real_iad_bottle_cap_gaussian_noise_s2,rd4ad,bottle_cap,Tesla T4,gaussian_noise,2,0.7205012375629137,0.8442829702108292,0.9483412862044523,0.003074249074858,0.01225859631438,50.96744436279084,1779859233857572400,2596
coldstart_rd4ad_real_iad_bottle_cap_gaussian_noise_s3,C:\Users\Usuario\Desktop\Thesis\Pipeline\Real-time-visual-defect-detection\data\outputs\Experiment 5\coldstart_rd4ad_real_iad_bottle_cap_gaussian_noise_s3,rd4ad,bottle_cap,Tesla T4,gaussian_noise,3,0.6953771772464195,0.8169878782839608,0.9333829564177024,0.001,0.0059238540588738,48.26323429325027,1779859233865571800,2579
coldstart_rd4ad_real_iad_bottle_cap_motion_blur_s1,C:\Users\Usuario\Desktop\Thesis\Pipeline\Real-time-visual-defect-detection\data\outputs\Experiment 5\coldstart_rd4ad_real_iad_bottle_cap_motion_blur_s1,rd4ad,bottle_cap,Tesla T4,motion_blur,1,0.7533299543251373,0.8743656289407812,0.9185475562667718,0.001,0.001637585676658,64.39877173070802,1779859235173102100,2545
coldstart_rd4ad_real_iad_bottle_cap_motion_blur_s2,C:\Users\Usuario\Desktop\Thesis\Pipeline\Real-time-visual-defect-detection\data\outputs\Experiment 5\coldstart_rd4ad_real_iad_bottle_cap_motion_blur_s2,rd4ad,bottle_cap,Tesla T4,motion_blur,2,0.7354717929124148,0.8618981511955645,0.929376673484522,0.001,0.0016597573720707,65.31657188965205,1779859235191113900,2542
coldstart_rd4ad_real_iad_bottle_cap_motion_blur_s3,C:\Users\Usuario\Desktop\Thesis\Pipeline\Real-time-visual-defect-detection\data\outputs\Experiment 5\coldstart_rd4ad_real_iad_bottle_cap_motion_blur_s3,rd4ad,bottle_cap,Tesla T4,motion_blur,3,0.7121894512371829,0.8517654110179285,0.9147714628155558,0.001,0.0016359514341922,59.4269544458451,1779859235201883800,2572
coldstart_rd4ad_real_iad_bottle_cap_shot_noise_s1,C:\Users\Usuario\Desktop\Thesis\Pipeline\Real-time-visual-defect-detection\data\outputs\Experiment 5\coldstart_rd4ad_real_iad_bottle_cap_shot_noise_s1,rd4ad,bottle_cap,Tesla T4,shot_noise,1,0.7528493015166794,0.8540890200928646,0.9453162298518022,0.0015879200146824,0.008465490142668,42.94665747444974,1779859236489343400,2569
coldstart_rd4ad_real_iad_bottle_cap_shot_noise_s2,C:\Users\Usuario\Desktop\Thesis\Pipeline\Real-time-visual-defect-detection\data\outputs\Experiment 5\coldstart_rd4ad_real_iad_bottle_cap_shot_noise_s2,rd4ad,bottle_cap,Tesla T4,shot_noise,2,0.7412657173453873,0.8498249414804127,0.9425151836629476,0.001,0.005467134876344,42.207095017286775,1779859236498341300,2574
coldstart_rd4ad_real_iad_bottle_cap_shot_noise_s3,C:\Users\Usuario\Desktop\Thesis\Pipeline\Real-time-visual-defect-detection\data\outputs\Experiment 5\coldstart_rd4ad_real_iad_bottle_cap_shot_noise_s3,rd4ad,bottle_cap,Tesla T4,shot_noise,3,0.7118895671395703,0.8341006601941969,0.9275150660705456,0.0022851981376967,0.0095766948377026,39.24076757365977,1779859236511340400,2589
coldstart_rd4ad_real_iad_button_battery_gaussian_noise_s1,C:\Users\Usuario\Desktop\Thesis\Pipeline\Real-time-visual-defect-detection\data\outputs\Experiment 5\coldstart_rd4ad_real_iad_button_battery_gaussian_noise_s1,rd4ad,button_battery,Tesla T4,gaussian_noise,1,0.9161228345697124,0.940678498056018,0.999,0.0741575874996861,0.1288542588384126,48.99709144854904,1779859233874774900,2580
coldstart_rd4ad_real_iad_button_battery_gaussian_noise_s2,C:\Users\Usuario\Desktop\Thesis\Pipeline\Real-time-visual-defect-detection\data\outputs\Experiment 5\coldstart_rd4ad_real_iad_button_battery_gaussian_noise_s2,rd4ad,button_battery,Tesla T4,gaussian_noise,2,0.9130537659469372,0.9323084853688748,0.9976782239215864,0.06289970689521,0.1103387463662995,49.400950817074985,1779859233896788600,2598
coldstart_rd4ad_real_iad_button_battery_gaussian_noise_s3,C:\Users\Usuario\Desktop\Thesis\Pipeline\Real-time-visual-defect-detection\data\outputs\Experiment 5\coldstart_rd4ad_real_iad_button_battery_gaussian_noise_s3,rd4ad,button_battery,Tesla T4,gaussian_noise,3,0.8764061647995091,0.9329707035650384,0.999,0.0590631073228384,0.105434953332995,49.92343499808819,1779859233904786400,2579
coldstart_rd4ad_real_iad_button_battery_motion_blur_s1,C:\Users\Usuario\Desktop\Thesis\Pipeline\Real-time-visual-defect-detection\data\outputs\Experiment 5\coldstart_rd4ad_real_iad_button_battery_motion_blur_s1,rd4ad,button_battery,Tesla T4,motion_blur,1,0.9436353387197672,0.9585313954557796,0.999,0.0546358209931328,0.1005536933118523,58.79146162270918,1779859235222476200,2555
coldstart_rd4ad_real_iad_button_battery_motion_blur_s2,C:\Users\Usuario\Desktop\Thesis\Pipeline\Real-time-visual-defect-detection\data\outputs\Experiment 5\coldstart_rd4ad_real_iad_button_battery_motion_blur_s2,rd4ad,button_battery,Tesla T4,motion_blur,2,0.9156776604517172,0.9454202225851844,0.999,0.0431458115453716,0.082838655733684,60.35891349916793,1779859235240146800,2563
coldstart_rd4ad_real_iad_button_battery_motion_blur_s3,C:\Users\Usuario\Desktop\Thesis\Pipeline\Real-time-visual-defect-detection\data\outputs\Experiment 5\coldstart_rd4ad_real_iad_button_battery_motion_blur_s3,rd4ad,button_battery,Tesla T4,motion_blur,3,0.8977415555765346,0.9538992398390996,0.999,0.0071066410116446,0.024448594219069,59.65412509866415,1779859235253645400,2577
coldstart_rd4ad_real_iad_button_battery_shot_noise_s1,C:\Users\Usuario\Desktop\Thesis\Pipeline\Real-time-visual-defect-detection\data\outputs\Experiment 5\coldstart_rd4ad_real_iad_button_battery_shot_noise_s1,rd4ad,button_battery,Tesla T4,shot_noise,1,0.914055871090673,0.9615079126020366,0.999,0.0493445231714003,0.0939266852939252,39.26616812078069,1779859236523315600,2559
coldstart_rd4ad_real_iad_button_battery_shot_noise_s2,C:\Users\Usuario\Desktop\Thesis\Pipeline\Real-time-visual-defect-detection\data\outputs\Experiment 5\coldstart_rd4ad_real_iad_button_battery_shot_noise_s2,rd4ad,button_battery,Tesla T4,shot_noise,2,0.906948085041432,0.9578382670147886,0.9913764101515884,0.0488837204144131,0.0942103268153953,39.40913431918983,1779859236532395600,2589
coldstart_rd4ad_real_iad_button_battery_shot_noise_s3,C:\Users\Usuario\Desktop\Thesis\Pipeline\Real-time-visual-defect-detection\data\outputs\Experiment 5\coldstart_rd4ad_real_iad_button_battery_shot_noise_s3,rd4ad,button_battery,Tesla T4,shot_noise,3,0.8872047189966731,0.9336316471858652,0.999,0.0146607412092256,0.0396738623135589,39.097338595361016,1779859236540703000,2573
coldstart_rd4ad_real_iad_end_cap_gaussian_noise_s1,C:\Users\Usuario\Desktop\Thesis\Pipeline\Real-time-visual-defect-detection\data\outputs\Experiment 5\coldstart_rd4ad_real_iad_end_cap_gaussian_noise_s1,rd4ad,end_cap,Tesla T4,gaussian_noise,1,0.6528124740647414,0.8291287810308722,0.9264258478619624,0.0852056177353001,0.1545113259069755,48.58963198159874,1779859233913785600,2596
coldstart_rd4ad_real_iad_end_cap_gaussian_noise_s2,C:\Users\Usuario\Desktop\Thesis\Pipeline\Real-time-visual-defect-detection\data\outputs\Experiment 5\coldstart_rd4ad_real_iad_end_cap_gaussian_noise_s2,rd4ad,end_cap,Tesla T4,gaussian_noise,2,0.6374401156897213,0.832052732341885,0.9161114298271734,0.0738673221036258,0.1372771681001767,49.58830475238207,1779859233933786700,2595
coldstart_rd4ad_real_iad_end_cap_gaussian_noise_s3,C:\Users\Usuario\Desktop\Thesis\Pipeline\Real-time-visual-defect-detection\data\outputs\Experiment 5\coldstart_rd4ad_real_iad_end_cap_gaussian_noise_s3,rd4ad,end_cap,Tesla T4,gaussian_noise,3,0.6351953654210784,0.8292767091763831,0.9640176111126416,0.0755260286227066,0.1391208625521704,49.14289703216279,1779859233942137400,2588
coldstart_rd4ad_real_iad_end_cap_motion_blur_s1,C:\Users\Usuario\Desktop\Thesis\Pipeline\Real-time-visual-defect-detection\data\outputs\Experiment 5\coldstart_rd4ad_real_iad_end_cap_motion_blur_s1,rd4ad,end_cap,Tesla T4,motion_blur,1,0.6959434951117925,0.8649911249179832,0.9918911309682074,0.0702314493639229,0.1317849354671821,61.25862099299141,1779859235264635900,2571
coldstart_rd4ad_real_iad_end_cap_motion_blur_s2,C:\Users\Usuario\Desktop\Thesis\Pipeline\Real-time-visual-defect-detection\data\outputs\Experiment 5\coldstart_rd4ad_real_iad_end_cap_motion_blur_s2,rd4ad,end_cap,Tesla T4,motion_blur,2,0.6701341359050207,0.8583152647802836,0.9833436594934384,0.0300862537329381,0.0660087468662933,59.99012265684855,1779859235278028300,2575
coldstart_rd4ad_real_iad_end_cap_motion_blur_s3,C:\Users\Usuario\Desktop\Thesis\Pipeline\Real-time-visual-defect-detection\data\outputs\Experiment 5\coldstart_rd4ad_real_iad_end_cap_motion_blur_s3,rd4ad,end_cap,Tesla T4,motion_blur,3,0.677189078021231,0.8551419485902473,0.967523867757226,0.0295071805622148,0.0643073357656318,58.697691756933,1779859235289822300,2589
coldstart_rd4ad_real_iad_end_cap_shot_noise_s1,C:\Users\Usuario\Desktop\Thesis\Pipeline\Real-time-visual-defect-detection\data\outputs\Experiment 5\coldstart_rd4ad_real_iad_end_cap_shot_noise_s1,rd4ad,end_cap,Tesla T4,shot_noise,1,0.7079817953977147,0.8767140934498855,0.9463157754247088,0.0563632285846234,0.1057655830200552,39.91562134043557,1779859236551340200,2565
coldstart_rd4ad_real_iad_end_cap_shot_noise_s2,C:\Users\Usuario\Desktop\Thesis\Pipeline\Real-time-visual-defect-detection\data\outputs\Experiment 5\coldstart_rd4ad_real_iad_end_cap_shot_noise_s2,rd4ad,end_cap,Tesla T4,shot_noise,2,0.6937034316865304,0.8611266920055896,0.9789044111553792,0.0382586705633852,0.0814285487883615,39.72118488305394,1779859236561521600,2574
coldstart_rd4ad_real_iad_end_cap_shot_noise_s3,C:\Users\Usuario\Desktop\Thesis\Pipeline\Real-time-visual-defect-detection\data\outputs\Experiment 5\coldstart_rd4ad_real_iad_end_cap_shot_noise_s3,rd4ad,end_cap,Tesla T4,shot_noise,3,0.6965154204627964,0.8427405455188344,0.989671911352263,0.0577906812281916,0.1146171741429498,39.67564542735298,1779859236571262200,2584
coldstart_rd4ad_real_iad_eraser_gaussian_noise_s1,C:\Users\Usuario\Desktop\Thesis\Pipeline\Real-time-visual-defect-detection\data\outputs\Experiment 5\coldstart_rd4ad_real_iad_eraser_gaussian_noise_s1,rd4ad,eraser,Tesla T4,gaussian_noise,1,0.5548836569408228,0.7992234703310818,0.9139024857528856,0.1622117109518075,0.2767849014053861,48.96767625836878,1779859233950739200,2590
coldstart_rd4ad_real_iad_eraser_gaussian_noise_s2,C:\Users\Usuario\Desktop\Thesis\Pipeline\Real-time-visual-defect-detection\data\outputs\Experiment 5\coldstart_rd4ad_real_iad_eraser_gaussian_noise_s2,rd4ad,eraser,Tesla T4,gaussian_noise,2,0.5413473316231127,0.7749972674664609,0.918020087780285,0.1459387113377646,0.2527521980151034,49.32605903356176,1779859233961123500,2591
coldstart_rd4ad_real_iad_eraser_gaussian_noise_s3,C:\Users\Usuario\Desktop\Thesis\Pipeline\Real-time-visual-defect-detection\data\outputs\Experiment 5\coldstart_rd4ad_real_iad_eraser_gaussian_noise_s3,rd4ad,eraser,Tesla T4,gaussian_noise,3,0.5316477307598356,0.7709488415975363,0.9198829792745395,0.1371584326942031,0.2388540895319676,48.0988694537785,1779859233973721800,2588
coldstart_rd4ad_real_iad_eraser_motion_blur_s1,C:\Users\Usuario\Desktop\Thesis\Pipeline\Real-time-visual-defect-detection\data\outputs\Experiment 5\coldstart_rd4ad_real_iad_eraser_motion_blur_s1,rd4ad,eraser,Tesla T4,motion_blur,1,0.5344165962329502,0.7925279261742103,0.9163868615629832,0.1257417330091916,0.222704057965118,59.75327305057532,1779859235299371500,2577
coldstart_rd4ad_real_iad_eraser_motion_blur_s2,C:\Users\Usuario\Desktop\Thesis\Pipeline\Real-time-visual-defect-detection\data\outputs\Experiment 5\coldstart_rd4ad_real_iad_eraser_motion_blur_s2,rd4ad,eraser,Tesla T4,motion_blur,2,0.5428237701798042,0.7750279549206343,0.8633286597829923,0.1344221780186165,0.2320810357321805,60.45324214619661,1779859235308615300,2577
coldstart_rd4ad_real_iad_eraser_motion_blur_s3,C:\Users\Usuario\Desktop\Thesis\Pipeline\Real-time-visual-defect-detection\data\outputs\Experiment 5\coldstart_rd4ad_real_iad_eraser_motion_blur_s3,rd4ad,eraser,Tesla T4,motion_blur,3,0.5476955608616485,0.7790701583124975,0.893048358122461,0.1158167462804522,0.2059902785084693,58.04047871143314,1779859235316848400,2591
coldstart_rd4ad_real_iad_eraser_shot_noise_s1,C:\Users\Usuario\Desktop\Thesis\Pipeline\Real-time-visual-defect-detection\data\outputs\Experiment 5\coldstart_rd4ad_real_iad_eraser_shot_noise_s1,rd4ad,eraser,Tesla T4,shot_noise,1,0.5700096740450733,0.7892845155409656,0.9239267941887486,0.1114788782286569,0.1987187638376429,37.87608164616494,1779859236580882400,2568
coldstart_rd4ad_real_iad_eraser_shot_noise_s2,C:\Users\Usuario\Desktop\Thesis\Pipeline\Real-time-visual-defect-detection\data\outputs\Experiment 5\coldstart_rd4ad_real_iad_eraser_shot_noise_s2,rd4ad,eraser,Tesla T4,shot_noise,2,0.5840731060711798,0.8019468730503339,0.8605989764138894,0.1099489410137243,0.1966739899015659,38.90981983449454,1779859236617454500,2589
coldstart_rd4ad_real_iad_eraser_shot_noise_s3,C:\Users\Usuario\Desktop\Thesis\Pipeline\Real-time-visual-defect-detection\data\outputs\Experiment 5\coldstart_rd4ad_real_iad_eraser_shot_noise_s3,rd4ad,eraser,Tesla T4,shot_noise,3,0.5690336174715601,0.7959811222439948,0.5614583458357679,0.0927529682259911,0.1562672493774521,37.71848263342117,1779859236629492000,2585
coldstart_rd4ad_real_iad_fire_hood_gaussian_noise_s1,C:\Users\Usuario\Desktop\Thesis\Pipeline\Real-time-visual-defect-detection\data\outputs\Experiment 5\coldstart_rd4ad_real_iad_fire_hood_gaussian_noise_s1,rd4ad,fire_hood,Tesla T4,gaussian_noise,1,0.7138757133261484,0.853084144629574,0.9697042797265042,0.1816501743023897,0.3089696253783859,50.04620328811503,1779859233982664100,2585
coldstart_rd4ad_real_iad_fire_hood_gaussian_noise_s2,C:\Users\Usuario\Desktop\Thesis\Pipeline\Real-time-visual-defect-detection\data\outputs\Experiment 5\coldstart_rd4ad_real_iad_fire_hood_gaussian_noise_s2,rd4ad,fire_hood,Tesla T4,gaussian_noise,2,0.7121163187199179,0.860866981364641,0.9720522497991216,0.1615177352141011,0.2759196381191736,49.020646159008415,1779859233992814300,2590
coldstart_rd4ad_real_iad_fire_hood_gaussian_noise_s3,C:\Users\Usuario\Desktop\Thesis\Pipeline\Real-time-visual-defect-detection\data\outputs\Experiment 5\coldstart_rd4ad_real_iad_fire_hood_gaussian_noise_s3,rd4ad,fire_hood,Tesla T4,gaussian_noise,3,0.7070993167328069,0.8483551324685152,0.9818570508587516,0.1647791854004416,0.2809632395844902,48.80246104687634,1779859234003588500,2590
coldstart_rd4ad_real_iad_fire_hood_motion_blur_s1,C:\Users\Usuario\Desktop\Thesis\Pipeline\Real-time-visual-defect-detection\data\outputs\Experiment 5\coldstart_rd4ad_real_iad_fire_hood_motion_blur_s1,rd4ad,fire_hood,Tesla T4,motion_blur,1,0.690288865761274,0.8633053246800829,0.9912607692505716,0.14852765008553,0.2574680226646024,61.60454961452571,1779859235331981500,2568
coldstart_rd4ad_real_iad_fire_hood_motion_blur_s2,C:\Users\Usuario\Desktop\Thesis\Pipeline\Real-time-visual-defect-detection\data\outputs\Experiment 5\coldstart_rd4ad_real_iad_fire_hood_motion_blur_s2,rd4ad,fire_hood,Tesla T4,motion_blur,2,0.7023962747217847,0.8553859119065785,0.9917882807054303,0.1340380852974164,0.2333264801416831,60.87408926217672,1779859235343266500,2571
coldstart_rd4ad_real_iad_fire_hood_motion_blur_s3,C:\Users\Usuario\Desktop\Thesis\Pipeline\Real-time-visual-defect-detection\data\outputs\Experiment 5\coldstart_rd4ad_real_iad_fire_hood_motion_blur_s3,rd4ad,fire_hood,Tesla T4,motion_blur,3,0.6870129436455694,0.8667749142997913,0.9907354889084096,0.1435728379212758,0.2470657543384867,59.82294683120816,1779859235352000600,2584
coldstart_rd4ad_real_iad_fire_hood_shot_noise_s1,C:\Users\Usuario\Desktop\Thesis\Pipeline\Real-time-visual-defect-detection\data\outputs\Experiment 5\coldstart_rd4ad_real_iad_fire_hood_shot_noise_s1,rd4ad,fire_hood,Tesla T4,shot_noise,1,0.6978698613678755,0.8733824123838273,0.9913038495471844,0.2491620673989367,0.3874470836276734,39.25286599350295,1779859236640128700,2555
coldstart_rd4ad_real_iad_fire_hood_shot_noise_s2,C:\Users\Usuario\Desktop\Thesis\Pipeline\Real-time-visual-defect-detection\data\outputs\Experiment 5\coldstart_rd4ad_real_iad_fire_hood_shot_noise_s2,rd4ad,fire_hood,Tesla T4,shot_noise,2,0.7146244088672021,0.8617968948198389,0.9915457309997772,0.2031617525256321,0.3329145528090302,39.047184738599874,1779859236653271800,2572
coldstart_rd4ad_real_iad_fire_hood_shot_noise_s3,C:\Users\Usuario\Desktop\Thesis\Pipeline\Real-time-visual-defect-detection\data\outputs\Experiment 5\coldstart_rd4ad_real_iad_fire_hood_shot_noise_s3,rd4ad,fire_hood,Tesla T4,shot_noise,3,0.7154174780943406,0.8736045677503562,0.9897581430550746,0.2353492126505115,0.3760562579687777,38.99271267138653,1779859236665134100,2573
coldstart_rd4ad_real_iad_mint_gaussian_noise_s1,C:\Users\Usuario\Desktop\Thesis\Pipeline\Real-time-visual-defect-detection\data\outputs\Experiment 5\coldstart_rd4ad_real_iad_mint_gaussian_noise_s1,rd4ad,mint,Tesla T4,gaussian_noise,1,0.491553821029536,0.9364852412749474,0.9678102911064066,0.0875918771849033,0.1614776902772038,49.41703904290547,1779859234012588800,2592
coldstart_rd4ad_real_iad_mint_gaussian_noise_s2,C:\Users\Usuario\Desktop\Thesis\Pipeline\Real-time-visual-defect-detection\data\outputs\Experiment 5\coldstart_rd4ad_real_iad_mint_gaussian_noise_s2,rd4ad,mint,Tesla T4,gaussian_noise,2,0.4827138143221041,0.9304562336277652,0.9804730435723548,0.0915191523751601,0.1651650667595067,50.14065076242163,1779859234022376700,2597
coldstart_rd4ad_real_iad_mint_gaussian_noise_s3,C:\Users\Usuario\Desktop\Thesis\Pipeline\Real-time-visual-defect-detection\data\outputs\Experiment 5\coldstart_rd4ad_real_iad_mint_gaussian_noise_s3,rd4ad,mint,Tesla T4,gaussian_noise,3,0.4655737979939299,0.9314449682502844,0.9414984261686982,0.0906770461537578,0.162474578673793,48.83928504518924,1779859234031376300,2584
coldstart_rd4ad_real_iad_mint_motion_blur_s1,C:\Users\Usuario\Desktop\Thesis\Pipeline\Real-time-visual-defect-detection\data\outputs\Experiment 5\coldstart_rd4ad_real_iad_mint_motion_blur_s1,rd4ad,mint,Tesla T4,motion_blur,1,0.5025148390338221,0.948395191721262,0.9814444462035036,0.0847394510961424,0.1559016315996251,61.125324875469566,1779859235368270600,2575
coldstart_rd4ad_real_iad_mint_motion_blur_s2,C:\Users\Usuario\Desktop\Thesis\Pipeline\Real-time-visual-defect-detection\data\outputs\Experiment 5\coldstart_rd4ad_real_iad_mint_motion_blur_s2,rd4ad,mint,Tesla T4,motion_blur,2,0.4684408198144659,0.961052257131752,0.9840491927866248,0.0802988144426148,0.1469059443044815,59.87059833482397,1779859235376812900,2572
coldstart_rd4ad_real_iad_mint_motion_blur_s3,C:\Users\Usuario\Desktop\Thesis\Pipeline\Real-time-visual-defect-detection\data\outputs\Experiment 5\coldstart_rd4ad_real_iad_mint_motion_blur_s3,rd4ad,mint,Tesla T4,motion_blur,3,0.481905686184819,0.9440746094865138,0.999,0.0724302442852194,0.1363818089852524,59.9357949719827,1779859235386543700,2576
coldstart_rd4ad_real_iad_mint_shot_noise_s1,C:\Users\Usuario\Desktop\Thesis\Pipeline\Real-time-visual-defect-detection\data\outputs\Experiment 5\coldstart_rd4ad_real_iad_mint_shot_noise_s1,rd4ad,mint,Tesla T4,shot_noise,1,0.4554870104843251,0.9598845047393184,0.999,0.0837962721827549,0.1551820870190522,38.72344005876711,1779859236675661700,2552
coldstart_rd4ad_real_iad_mint_shot_noise_s2,C:\Users\Usuario\Desktop\Thesis\Pipeline\Real-time-visual-defect-detection\data\outputs\Experiment 5\coldstart_rd4ad_real_iad_mint_shot_noise_s2,rd4ad,mint,Tesla T4,shot_noise,2,0.4544614183244635,0.9584068888403604,0.999,0.0838978538385971,0.1538858141616604,38.5737797287799,1779859236688049000,2567
coldstart_rd4ad_real_iad_mint_shot_noise_s3,C:\Users\Usuario\Desktop\Thesis\Pipeline\Real-time-visual-defect-detection\data\outputs\Experiment 5\coldstart_rd4ad_real_iad_mint_shot_noise_s3,rd4ad,mint,Tesla T4,shot_noise,3,0.4761168192032375,0.9604774331893832,0.999,0.0716498293628507,0.134925313054883,39.40679657223758,1779859236698039100,2570
coldstart_rd4ad_real_iad_mounts_gaussian_noise_s1,C:\Users\Usuario\Desktop\Thesis\Pipeline\Real-time-visual-defect-detection\data\outputs\Experiment 5\coldstart_rd4ad_real_iad_mounts_gaussian_noise_s1,rd4ad,mounts,Tesla T4,gaussian_noise,1,0.6995277300015863,0.8751055532610287,0.890065588467674,0.4450071391716718,0.5968770649107621,49.357040073321706,1779859234043385000,2594
coldstart_rd4ad_real_iad_mounts_gaussian_noise_s2,C:\Users\Usuario\Desktop\Thesis\Pipeline\Real-time-visual-defect-detection\data\outputs\Experiment 5\coldstart_rd4ad_real_iad_mounts_gaussian_noise_s2,rd4ad,mounts,Tesla T4,gaussian_noise,2,0.6988724888957861,0.8559269133999242,0.8974507604582928,0.4224707895808465,0.575913217505144,49.28309332063737,1779859234052049000,2594
coldstart_rd4ad_real_iad_mounts_gaussian_noise_s3,C:\Users\Usuario\Desktop\Thesis\Pipeline\Real-time-visual-defect-detection\data\outputs\Experiment 5\coldstart_rd4ad_real_iad_mounts_gaussian_noise_s3,rd4ad,mounts,Tesla T4,gaussian_noise,3,0.6864830118305324,0.8494302787252997,0.8945597802522166,0.4042677486106453,0.5546056464869263,49.17912325883503,1779859234061049400,2597
coldstart_rd4ad_real_iad_mounts_motion_blur_s1,C:\Users\Usuario\Desktop\Thesis\Pipeline\Real-time-visual-defect-detection\data\outputs\Experiment 5\coldstart_rd4ad_real_iad_mounts_motion_blur_s1,rd4ad,mounts,Tesla T4,motion_blur,1,0.7060386861305523,0.86908548704594,0.8818391438471032,0.4011477107177113,0.5502274529885781,60.18432295434923,1779859235398999900,2571
coldstart_rd4ad_real_iad_mounts_motion_blur_s2,C:\Users\Usuario\Desktop\Thesis\Pipeline\Real-time-visual-defect-detection\data\outputs\Experiment 5\coldstart_rd4ad_real_iad_mounts_motion_blur_s2,rd4ad,mounts,Tesla T4,motion_blur,2,0.7067278308632611,0.88489068322707,0.91744796063664,0.3954151721258502,0.5463478133719181,58.22707416650782,1779859235440120500,2553
coldstart_rd4ad_real_iad_mounts_motion_blur_s3,C:\Users\Usuario\Desktop\Thesis\Pipeline\Real-time-visual-defect-detection\data\outputs\Experiment 5\coldstart_rd4ad_real_iad_mounts_motion_blur_s3,rd4ad,mounts,Tesla T4,motion_blur,3,0.7076603897116195,0.8682617169029629,0.8453327318166876,0.3932721229108258,0.5418709354654676,59.45865408792434,1779859235453137600,2592
coldstart_rd4ad_real_iad_mounts_shot_noise_s1,C:\Users\Usuario\Desktop\Thesis\Pipeline\Real-time-visual-defect-detection\data\outputs\Experiment 5\coldstart_rd4ad_real_iad_mounts_shot_noise_s1,rd4ad,mounts,Tesla T4,shot_noise,1,0.6971144707363517,0.8776150363514007,0.8456140961011661,0.4180654923410102,0.5580460987921363,38.851482078075264,1779859236707656300,2579
coldstart_rd4ad_real_iad_mounts_shot_noise_s2,C:\Users\Usuario\Desktop\Thesis\Pipeline\Real-time-visual-defect-detection\data\outputs\Experiment 5\coldstart_rd4ad_real_iad_mounts_shot_noise_s2,rd4ad,mounts,Tesla T4,shot_noise,2,0.7019991041831826,0.8630949212613932,0.9184290421819898,0.4151214366242488,0.5742898803541525,38.15688901446766,1779859236717771300,2587
coldstart_rd4ad_real_iad_mounts_shot_noise_s3,C:\Users\Usuario\Desktop\Thesis\Pipeline\Real-time-visual-defect-detection\data\outputs\Experiment 5\coldstart_rd4ad_real_iad_mounts_shot_noise_s3,rd4ad,mounts,Tesla T4,shot_noise,3,0.6922126837791914,0.8568573561901628,0.5232052675229046,0.4009327122777664,0.4725145983989097,39.76854589877751,1779859236731119400,2582
coldstart_rd4ad_real_iad_pcb_gaussian_noise_s1,C:\Users\Usuario\Desktop\Thesis\Pipeline\Real-time-visual-defect-detection\data\outputs\Experiment 5\coldstart_rd4ad_real_iad_pcb_gaussian_noise_s1,rd4ad,pcb,Tesla T4,gaussian_noise,1,0.7067308269258359,0.8290992918873813,0.9863229691270607,0.0988144778286687,0.169389857965723,49.25994258409384,1779859234069821300,2589
coldstart_rd4ad_real_iad_pcb_gaussian_noise_s2,C:\Users\Usuario\Desktop\Thesis\Pipeline\Real-time-visual-defect-detection\data\outputs\Experiment 5\coldstart_rd4ad_real_iad_pcb_gaussian_noise_s2,rd4ad,pcb,Tesla T4,gaussian_noise,2,0.6968719210894881,0.8129763230729836,0.9754107682848788,0.113441556060672,0.1900228574006753,49.1446093232939,1779859234079459700,2592
coldstart_rd4ad_real_iad_pcb_gaussian_noise_s3,C:\Users\Usuario\Desktop\Thesis\Pipeline\Real-time-visual-defect-detection\data\outputs\Experiment 5\coldstart_rd4ad_real_iad_pcb_gaussian_noise_s3,rd4ad,pcb,Tesla T4,gaussian_noise,3,0.6680502419947303,0.8064482581490654,0.969111889414307,0.1018527009166415,0.1743273960299594,49.49613257886345,1779859234104877900,2587
coldstart_rd4ad_real_iad_pcb_motion_blur_s1,C:\Users\Usuario\Desktop\Thesis\Pipeline\Real-time-visual-defect-detection\data\outputs\Experiment 5\coldstart_rd4ad_real_iad_pcb_motion_blur_s1,rd4ad,pcb,Tesla T4,motion_blur,1,0.703504846060319,0.8438683182775751,0.9870565042636946,0.0321139802565542,0.0637921906666358,60.076767776899736,1779859235461138700,2558
coldstart_rd4ad_real_iad_pcb_motion_blur_s2,C:\Users\Usuario\Desktop\Thesis\Pipeline\Real-time-visual-defect-detection\data\outputs\Experiment 5\coldstart_rd4ad_real_iad_pcb_motion_blur_s2,rd4ad,pcb,Tesla T4,motion_blur,2,0.6962397476588033,0.8439980638308686,0.999,0.0236455817059191,0.0508858053370746,59.692517760418106,1779859235486307100,2559
coldstart_rd4ad_real_iad_pcb_motion_blur_s3,C:\Users\Usuario\Desktop\Thesis\Pipeline\Real-time-visual-defect-detection\data\outputs\Experiment 5\coldstart_rd4ad_real_iad_pcb_motion_blur_s3,rd4ad,pcb,Tesla T4,motion_blur,3,0.6592580093124498,0.8262510160730787,0.999,0.0143084750831956,0.0347841506031833,60.0049943012531,1779859235497308100,2575
coldstart_rd4ad_real_iad_pcb_shot_noise_s1,C:\Users\Usuario\Desktop\Thesis\Pipeline\Real-time-visual-defect-detection\data\outputs\Experiment 5\coldstart_rd4ad_real_iad_pcb_shot_noise_s1,rd4ad,pcb,Tesla T4,shot_noise,1,0.739297394386848,0.8443749572021457,0.999,0.0647333428134833,0.1194283064970369,39.26937781394296,1779859236742273000,2553
coldstart_rd4ad_real_iad_pcb_shot_noise_s2,C:\Users\Usuario\Desktop\Thesis\Pipeline\Real-time-visual-defect-detection\data\outputs\Experiment 5\coldstart_rd4ad_real_iad_pcb_shot_noise_s2,rd4ad,pcb,Tesla T4,shot_noise,2,0.7202538216535727,0.8384679671594838,0.999,0.0686240650089573,0.1270957962315472,39.660893729779374,1779859236757490200,2571
coldstart_rd4ad_real_iad_pcb_shot_noise_s3,C:\Users\Usuario\Desktop\Thesis\Pipeline\Real-time-visual-defect-detection\data\outputs\Experiment 5\coldstart_rd4ad_real_iad_pcb_shot_noise_s3,rd4ad,pcb,Tesla T4,shot_noise,3,0.688555220050928,0.833460748239865,0.999,0.0449202006901865,0.0860324404619495,39.379876633109824,1779859236772511100,2563
coldstart_rd4ad_real_iad_phone_battery_gaussian_noise_s1,C:\Users\Usuario\Desktop\Thesis\Pipeline\Real-time-visual-defect-detection\data\outputs\Experiment 5\coldstart_rd4ad_real_iad_phone_battery_gaussian_noise_s1,rd4ad,phone_battery,Tesla T4,gaussian_noise,1,0.4445205844312579,0.7712409792931104,0.967964806965273,0.1677202197579728,0.2900810081230092,49.10977922696371,1779859234114534000,2594
coldstart_rd4ad_real_iad_phone_battery_gaussian_noise_s2,C:\Users\Usuario\Desktop\Thesis\Pipeline\Real-time-visual-defect-detection\data\outputs\Experiment 5\coldstart_rd4ad_real_iad_phone_battery_gaussian_noise_s2,rd4ad,phone_battery,Tesla T4,gaussian_noise,2,0.4281342294341651,0.7557495205723576,0.9417247500798924,0.1715518028554675,0.2864040195373846,49.84763840391616,1779859234125350400,2594
coldstart_rd4ad_real_iad_phone_battery_gaussian_noise_s3,C:\Users\Usuario\Desktop\Thesis\Pipeline\Real-time-visual-defect-detection\data\outputs\Experiment 5\coldstart_rd4ad_real_iad_phone_battery_gaussian_noise_s3,rd4ad,phone_battery,Tesla T4,gaussian_noise,3,0.413785640357592,0.7571403343907211,0.929786031092282,0.1605723269880777,0.272401067550969,49.3917108377273,1779859234142890000,2590
coldstart_rd4ad_real_iad_phone_battery_motion_blur_s1,C:\Users\Usuario\Desktop\Thesis\Pipeline\Real-time-visual-defect-detection\data\outputs\Experiment 5\coldstart_rd4ad_real_iad_phone_battery_motion_blur_s1,rd4ad,phone_battery,Tesla T4,motion_blur,1,0.4255819594769148,0.7629713845613757,0.9952374051998664,0.153427807011684,0.2658234917583174,60.80338115444776,1779859235507072500,2572
coldstart_rd4ad_real_iad_phone_battery_motion_blur_s2,C:\Users\Usuario\Desktop\Thesis\Pipeline\Real-time-visual-defect-detection\data\outputs\Experiment 5\coldstart_rd4ad_real_iad_phone_battery_motion_blur_s2,rd4ad,phone_battery,Tesla T4,motion_blur,2,0.3939272537362682,0.7653067387376407,0.999,0.1531705977044459,0.2636604106930341,60.4215240013869,1779859235515448000,2560
coldstart_rd4ad_real_iad_phone_battery_motion_blur_s3,C:\Users\Usuario\Desktop\Thesis\Pipeline\Real-time-visual-defect-detection\data\outputs\Experiment 5\coldstart_rd4ad_real_iad_phone_battery_motion_blur_s3,rd4ad,phone_battery,Tesla T4,motion_blur,3,0.3349522400871701,0.7370203183851017,0.999,0.1033128342157884,0.1911152681134081,60.2439009262536,1779859235553119500,2571
coldstart_rd4ad_real_iad_phone_battery_shot_noise_s1,C:\Users\Usuario\Desktop\Thesis\Pipeline\Real-time-visual-defect-detection\data\outputs\Experiment 5\coldstart_rd4ad_real_iad_phone_battery_shot_noise_s1,rd4ad,phone_battery,Tesla T4,shot_noise,1,0.4339407180996315,0.7597595258633056,0.9274837554026106,0.155469698246946,0.2687601330114345,39.72261838971408,1779859236785723300,2573
coldstart_rd4ad_real_iad_phone_battery_shot_noise_s2,C:\Users\Usuario\Desktop\Thesis\Pipeline\Real-time-visual-defect-detection\data\outputs\Experiment 5\coldstart_rd4ad_real_iad_phone_battery_shot_noise_s2,rd4ad,phone_battery,Tesla T4,shot_noise,2,0.4179194134943195,0.7580139062037368,0.999,0.1544653674708579,0.2650288882410789,39.43053684899949,1779859236794726400,2574
coldstart_rd4ad_real_iad_phone_battery_shot_noise_s3,C:\Users\Usuario\Desktop\Thesis\Pipeline\Real-time-visual-defect-detection\data\outputs\Experiment 5\coldstart_rd4ad_real_iad_phone_battery_shot_noise_s3,rd4ad,phone_battery,Tesla T4,shot_noise,3,0.3927807457026768,0.7407811495500449,0.717481428140835,0.1149339592963859,0.200575695361703,39.3745957610681,1779859236803505400,2575
coldstart_rd4ad_real_iad_plastic_nut_gaussian_noise_s1,C:\Users\Usuario\Desktop\Thesis\Pipeline\Real-time-visual-defect-detection\data\outputs\Experiment 5\coldstart_rd4ad_real_iad_plastic_nut_gaussian_noise_s1,rd4ad,plastic_nut,Tesla T4,gaussian_noise,1,0.860081826094672,0.9039187704360936,0.91469833248794,0.1309940496817476,0.2137990023850682,50.023269543371214,1779859234163191000,2597
coldstart_rd4ad_real_iad_plastic_nut_gaussian_noise_s2,C:\Users\Usuario\Desktop\Thesis\Pipeline\Real-time-visual-defect-detection\data\outputs\Experiment 5\coldstart_rd4ad_real_iad_plastic_nut_gaussian_noise_s2,rd4ad,plastic_nut,Tesla T4,gaussian_noise,2,0.8581026718892478,0.9042471672526956,0.9253771701940656,0.1381224884642186,0.2203521174542436,49.46258772017264,1779859234185813600,2589
coldstart_rd4ad_real_iad_plastic_nut_gaussian_noise_s3,C:\Users\Usuario\Desktop\Thesis\Pipeline\Real-time-visual-defect-detection\data\outputs\Experiment 5\coldstart_rd4ad_real_iad_plastic_nut_gaussian_noise_s3,rd4ad,plastic_nut,Tesla T4,gaussian_noise,3,0.852233042266511,0.9076442422109636,0.9208924011288004,0.12474463938816,0.2071254205093605,50.070633557052176,1779859234196766100,2594
coldstart_rd4ad_real_iad_plastic_nut_motion_blur_s1,C:\Users\Usuario\Desktop\Thesis\Pipeline\Real-time-visual-defect-detection\data\outputs\Experiment 5\coldstart_rd4ad_real_iad_plastic_nut_motion_blur_s1,rd4ad,plastic_nut,Tesla T4,motion_blur,1,0.8781752025404412,0.9244861303634496,0.9386914461690812,0.0725308974862023,0.1353438872938058,59.90938010834408,1779859235563228500,2583
coldstart_rd4ad_real_iad_plastic_nut_motion_blur_s2,C:\Users\Usuario\Desktop\Thesis\Pipeline\Real-time-visual-defect-detection\data\outputs\Experiment 5\coldstart_rd4ad_real_iad_plastic_nut_motion_blur_s2,rd4ad,plastic_nut,Tesla T4,motion_blur,2,0.8349138648890944,0.9265784942261004,0.9542146760583772,0.0662417308485453,0.1238721912531458,60.48303142193274,1779859235581151600,2572
coldstart_rd4ad_real_iad_plastic_nut_motion_blur_s3,C:\Users\Usuario\Desktop\Thesis\Pipeline\Real-time-visual-defect-detection\data\outputs\Experiment 5\coldstart_rd4ad_real_iad_plastic_nut_motion_blur_s3,rd4ad,plastic_nut,Tesla T4,motion_blur,3,0.8212159156689202,0.9075370644829032,0.999,0.020073583040046,0.0475459255378248,58.96285273499696,1779859235594025900,2573
coldstart_rd4ad_real_iad_plastic_nut_shot_noise_s1,C:\Users\Usuario\Desktop\Thesis\Pipeline\Real-time-visual-defect-detection\data\outputs\Experiment 5\coldstart_rd4ad_real_iad_plastic_nut_shot_noise_s1,rd4ad,plastic_nut,Tesla T4,shot_noise,1,0.8537465909807513,0.9323647156454964,0.9075518810056904,0.0834959564004599,0.1476100588403137,39.09911452095565,1779859236816456700,2570
coldstart_rd4ad_real_iad_plastic_nut_shot_noise_s2,C:\Users\Usuario\Desktop\Thesis\Pipeline\Real-time-visual-defect-detection\data\outputs\Experiment 5\coldstart_rd4ad_real_iad_plastic_nut_shot_noise_s2,rd4ad,plastic_nut,Tesla T4,shot_noise,2,0.8754291214769623,0.9295444977164458,0.9828561634637586,0.0628601327938875,0.1187675282427389,39.738558740757234,1779859236824520800,2586
coldstart_rd4ad_real_iad_plastic_nut_shot_noise_s3,C:\Users\Usuario\Desktop\Thesis\Pipeline\Real-time-visual-defect-detection\data\outputs\Experiment 5\coldstart_rd4ad_real_iad_plastic_nut_shot_noise_s3,rd4ad,plastic_nut,Tesla T4,shot_noise,3,0.8856537684073021,0.9525259372144008,0.999,0.0240707353327688,0.0569593140672427,39.11226421240496,1779859236836054700,2565
coldstart_rd4ad_real_iad_plastic_plug_gaussian_noise_s1,C:\Users\Usuario\Desktop\Thesis\Pipeline\Real-time-visual-defect-detection\data\outputs\Experiment 5\coldstart_rd4ad_real_iad_plastic_plug_gaussian_noise_s1,rd4ad,plastic_plug,Tesla T4,gaussian_noise,1,0.6819705067431623,0.8512339641368265,0.9004176468930727,0.0917925422620632,0.1595258870423038,50.03971232148277,1779859234241138800,2587
coldstart_rd4ad_real_iad_plastic_plug_gaussian_noise_s2,C:\Users\Usuario\Desktop\Thesis\Pipeline\Real-time-visual-defect-detection\data\outputs\Experiment 5\coldstart_rd4ad_real_iad_plastic_plug_gaussian_noise_s2,rd4ad,plastic_plug,Tesla T4,gaussian_noise,2,0.6776923208766493,0.8567320481429203,0.9172352493668536,0.0820812870506545,0.1490639500104262,49.098988134017794,1779859234251245900,2592
coldstart_rd4ad_real_iad_plastic_plug_gaussian_noise_s3,C:\Users\Usuario\Desktop\Thesis\Pipeline\Real-time-visual-defect-detection\data\outputs\Experiment 5\coldstart_rd4ad_real_iad_plastic_plug_gaussian_noise_s3,rd4ad,plastic_plug,Tesla T4,gaussian_noise,3,0.6675356110166529,0.8427373340388651,0.9230586390831624,0.0900791635302725,0.1565777194778479,49.34678034486411,1779859234265139800,2592
coldstart_rd4ad_real_iad_plastic_plug_motion_blur_s1,C:\Users\Usuario\Desktop\Thesis\Pipeline\Real-time-visual-defect-detection\data\outputs\Experiment 5\coldstart_rd4ad_real_iad_plastic_plug_motion_blur_s1,rd4ad,plastic_plug,Tesla T4,motion_blur,1,0.7013008605847629,0.8646400820809012,0.9548662493438936,0.0740738295614233,0.1376786594852428,59.94999887911583,1779859235629564000,2570
coldstart_rd4ad_real_iad_plastic_plug_motion_blur_s2,C:\Users\Usuario\Desktop\Thesis\Pipeline\Real-time-visual-defect-detection\data\outputs\Experiment 5\coldstart_rd4ad_real_iad_plastic_plug_motion_blur_s2,rd4ad,plastic_plug,Tesla T4,motion_blur,2,0.6830976927595875,0.8752816859890323,0.9724848747233692,0.0629501114850076,0.1209361353988522,60.92829714881531,1779859235641353000,2560
coldstart_rd4ad_real_iad_plastic_plug_motion_blur_s3,C:\Users\Usuario\Desktop\Thesis\Pipeline\Real-time-visual-defect-detection\data\outputs\Experiment 5\coldstart_rd4ad_real_iad_plastic_plug_motion_blur_s3,rd4ad,plastic_plug,Tesla T4,motion_blur,3,0.6860545899162049,0.8718458513270676,0.9657608675341056,0.0634626553193769,0.1210363171064274,58.81516884927895,1779859235655635400,2585
coldstart_rd4ad_real_iad_plastic_plug_shot_noise_s1,C:\Users\Usuario\Desktop\Thesis\Pipeline\Real-time-visual-defect-detection\data\outputs\Experiment 5\coldstart_rd4ad_real_iad_plastic_plug_shot_noise_s1,rd4ad,plastic_plug,Tesla T4,shot_noise,1,0.694767199945272,0.8759905733508206,0.8949784269413107,0.0685875476060328,0.1261696384308354,39.60722220488304,1779859236843057400,2568
coldstart_rd4ad_real_iad_plastic_plug_shot_noise_s2,C:\Users\Usuario\Desktop\Thesis\Pipeline\Real-time-visual-defect-detection\data\outputs\Experiment 5\coldstart_rd4ad_real_iad_plastic_plug_shot_noise_s2,rd4ad,plastic_plug,Tesla T4,shot_noise,2,0.6795832617439127,0.8702228660325344,0.9182133761065528,0.0640633269841607,0.1219374447962071,38.758810776295,1779859236855763700,2584
coldstart_rd4ad_real_iad_plastic_plug_shot_noise_s3,C:\Users\Usuario\Desktop\Thesis\Pipeline\Real-time-visual-defect-detection\data\outputs\Experiment 5\coldstart_rd4ad_real_iad_plastic_plug_shot_noise_s3,rd4ad,plastic_plug,Tesla T4,shot_noise,3,0.6534426224176619,0.8597037557288836,0.9650423053939016,0.0539221515247631,0.1050695676668859,39.216475356982095,1779859236863761900,2594
coldstart_rd4ad_real_iad_porcelain_doll_gaussian_noise_s1,C:\Users\Usuario\Desktop\Thesis\Pipeline\Real-time-visual-defect-detection\data\outputs\Experiment 5\coldstart_rd4ad_real_iad_porcelain_doll_gaussian_noise_s1,rd4ad,porcelain_doll,Tesla T4,gaussian_noise,1,0.6700562345748873,0.8597702268416189,0.9855879897836402,0.118458806382813,0.2141120569007612,49.46418255778466,1779859234275091600,2598
coldstart_rd4ad_real_iad_porcelain_doll_gaussian_noise_s2,C:\Users\Usuario\Desktop\Thesis\Pipeline\Real-time-visual-defect-detection\data\outputs\Experiment 5\coldstart_rd4ad_real_iad_porcelain_doll_gaussian_noise_s2,rd4ad,porcelain_doll,Tesla T4,gaussian_noise,2,0.6646994644104266,0.8463368638266816,0.9683680889598242,0.1123531196891497,0.2009905842495215,49.16788287012452,1779859234298769800,2594
coldstart_rd4ad_real_iad_porcelain_doll_gaussian_noise_s3,C:\Users\Usuario\Desktop\Thesis\Pipeline\Real-time-visual-defect-detection\data\outputs\Experiment 5\coldstart_rd4ad_real_iad_porcelain_doll_gaussian_noise_s3,rd4ad,porcelain_doll,Tesla T4,gaussian_noise,3,0.6764196955605835,0.8507696495369675,0.960406952228538,0.1105571056319648,0.2008821759028759,49.42989862815328,1779859234310873300,2593
coldstart_rd4ad_real_iad_porcelain_doll_motion_blur_s1,C:\Users\Usuario\Desktop\Thesis\Pipeline\Real-time-visual-defect-detection\data\outputs\Experiment 5\coldstart_rd4ad_real_iad_porcelain_doll_motion_blur_s1,rd4ad,porcelain_doll,Tesla T4,motion_blur,1,0.6614067964920335,0.8674711963939087,0.9805427288365134,0.0971363353786316,0.1772329025219872,60.00555873185616,1779859235687771600,2584
coldstart_rd4ad_real_iad_porcelain_doll_motion_blur_s2,C:\Users\Usuario\Desktop\Thesis\Pipeline\Real-time-visual-defect-detection\data\outputs\Experiment 5\coldstart_rd4ad_real_iad_porcelain_doll_motion_blur_s2,rd4ad,porcelain_doll,Tesla T4,motion_blur,2,0.6530893612123249,0.8664292753277714,0.963400847858402,0.1000156512296482,0.182738840152022,59.81547785248417,1779859235709245900,2580
coldstart_rd4ad_real_iad_porcelain_doll_motion_blur_s3,C:\Users\Usuario\Desktop\Thesis\Pipeline\Real-time-visual-defect-detection\data\outputs\Experiment 5\coldstart_rd4ad_real_iad_porcelain_doll_motion_blur_s3,rd4ad,porcelain_doll,Tesla T4,motion_blur,3,0.6484831403928847,0.8524410510723403,0.9606033056415964,0.0978785246284483,0.1762445672749413,59.50750597877519,1779859235721632700,2592
coldstart_rd4ad_real_iad_porcelain_doll_shot_noise_s1,C:\Users\Usuario\Desktop\Thesis\Pipeline\Real-time-visual-defect-detection\data\outputs\Experiment 5\coldstart_rd4ad_real_iad_porcelain_doll_shot_noise_s1,rd4ad,porcelain_doll,Tesla T4,shot_noise,1,0.658228274621324,0.8571343060502055,0.9731573301653352,0.0879302252377204,0.1595451388190605,38.781105397137566,1779859236872572200,2574
coldstart_rd4ad_real_iad_porcelain_doll_shot_noise_s2,C:\Users\Usuario\Desktop\Thesis\Pipeline\Real-time-visual-defect-detection\data\outputs\Experiment 5\coldstart_rd4ad_real_iad_porcelain_doll_shot_noise_s2,rd4ad,porcelain_doll,Tesla T4,shot_noise,2,0.675053454575642,0.8601537353467992,0.999,0.0856083319463528,0.1561348613803996,39.370499864094135,1779859236881641100,2573
coldstart_rd4ad_real_iad_porcelain_doll_shot_noise_s3,C:\Users\Usuario\Desktop\Thesis\Pipeline\Real-time-visual-defect-detection\data\outputs\Experiment 5\coldstart_rd4ad_real_iad_porcelain_doll_shot_noise_s3,rd4ad,porcelain_doll,Tesla T4,shot_noise,3,0.6831637821499512,0.8722816010282575,0.9378511766303624,0.0966733612543547,0.1752446762623453,38.83398363369867,1779859236892744400,2591
coldstart_rd4ad_real_iad_regulator_gaussian_noise_s1,C:\Users\Usuario\Desktop\Thesis\Pipeline\Real-time-visual-defect-detection\data\outputs\Experiment 5\coldstart_rd4ad_real_iad_regulator_gaussian_noise_s1,rd4ad,regulator,Tesla T4,gaussian_noise,1,0.5131017870590132,0.7273355363408991,0.6597923035421212,0.0101719004623719,0.0232569535323422,49.27965375216641,1779859234321439700,2593
coldstart_rd4ad_real_iad_regulator_gaussian_noise_s2,C:\Users\Usuario\Desktop\Thesis\Pipeline\Real-time-visual-defect-detection\data\outputs\Experiment 5\coldstart_rd4ad_real_iad_regulator_gaussian_noise_s2,rd4ad,regulator,Tesla T4,gaussian_noise,2,0.5001694590184969,0.703758653129198,0.6232388053606117,0.001,0.001639182519241,49.435422425033295,1779859234329491000,2578
coldstart_rd4ad_real_iad_regulator_gaussian_noise_s3,C:\Users\Usuario\Desktop\Thesis\Pipeline\Real-time-visual-defect-detection\data\outputs\Experiment 5\coldstart_rd4ad_real_iad_regulator_gaussian_noise_s3,rd4ad,regulator,Tesla T4,gaussian_noise,3,0.4669326929296321,0.6937728866955718,0.6130183683472955,0.001,0.0016375225896827,50.18227109353276,1779859234347159000,2576
coldstart_rd4ad_real_iad_regulator_motion_blur_s1,C:\Users\Usuario\Desktop\Thesis\Pipeline\Real-time-visual-defect-detection\data\outputs\Experiment 5\coldstart_rd4ad_real_iad_regulator_motion_blur_s1,rd4ad,regulator,Tesla T4,motion_blur,1,0.5419850504055473,0.7442143630194527,0.7613295251007562,0.033726811402465,0.0639528361581002,59.43638458074382,1779859235731630800,2574
coldstart_rd4ad_real_iad_regulator_motion_blur_s2,C:\Users\Usuario\Desktop\Thesis\Pipeline\Real-time-visual-defect-detection\data\outputs\Experiment 5\coldstart_rd4ad_real_iad_regulator_motion_blur_s2,rd4ad,regulator,Tesla T4,motion_blur,2,0.5399892465137747,0.7502269595276612,0.7215744422591807,0.0324178879979377,0.0614352511803383,60.35195617701909,1779859235753632100,2556
coldstart_rd4ad_real_iad_regulator_motion_blur_s3,C:\Users\Usuario\Desktop\Thesis\Pipeline\Real-time-visual-defect-detection\data\outputs\Experiment 5\coldstart_rd4ad_real_iad_regulator_motion_blur_s3,rd4ad,regulator,Tesla T4,motion_blur,3,0.5344501218075484,0.7346646238360856,0.7062222471026499,0.0394099756721735,0.0749561768626904,60.80686034727222,1779859235762630400,2589
coldstart_rd4ad_real_iad_regulator_shot_noise_s1,C:\Users\Usuario\Desktop\Thesis\Pipeline\Real-time-visual-defect-detection\data\outputs\Experiment 5\coldstart_rd4ad_real_iad_regulator_shot_noise_s1,rd4ad,regulator,Tesla T4,shot_noise,1,0.5502519234977369,0.7439934546204459,0.6191634314100884,0.032182221178762,0.0612988728392192,39.090344173987695,1779859236900374400,2577
coldstart_rd4ad_real_iad_regulator_shot_noise_s2,C:\Users\Usuario\Desktop\Thesis\Pipeline\Real-time-visual-defect-detection\data\outputs\Experiment 5\coldstart_rd4ad_real_iad_regulator_shot_noise_s2,rd4ad,regulator,Tesla T4,shot_noise,2,0.5593971740998955,0.7604545259787379,0.7784602208466205,0.0261406558265094,0.0511369200684236,39.51803387864551,1779859236908460000,2588
coldstart_rd4ad_real_iad_regulator_shot_noise_s3,C:\Users\Usuario\Desktop\Thesis\Pipeline\Real-time-visual-defect-detection\data\outputs\Experiment 5\coldstart_rd4ad_real_iad_regulator_shot_noise_s3,rd4ad,regulator,Tesla T4,shot_noise,3,0.5268153222764932,0.734632896544427,0.6824376007276096,0.0433787326618533,0.0821657447994503,39.4561629012621,1779859236915455100,2581
coldstart_rd4ad_real_iad_rolled_strip_base_gaussian_noise_s1,C:\Users\Usuario\Desktop\Thesis\Pipeline\Real-time-visual-defect-detection\data\outputs\Experiment 5\coldstart_rd4ad_real_iad_rolled_strip_base_gaussian_noise_s1,rd4ad,rolled_strip_base,Tesla T4,gaussian_noise,1,0.915021861171251,0.959469802601524,0.9785774435040394,0.4067540557596388,0.5731644499163989,50.41397572086315,1779859234359017000,2596
coldstart_rd4ad_real_iad_rolled_strip_base_gaussian_noise_s2,C:\Users\Usuario\Desktop\Thesis\Pipeline\Real-time-visual-defect-detection\data\outputs\Experiment 5\coldstart_rd4ad_real_iad_rolled_strip_base_gaussian_noise_s2,rd4ad,rolled_strip_base,Tesla T4,gaussian_noise,2,0.921411915592686,0.967233209478394,0.9760402274677156,0.4109561481516964,0.5736541276578493,50.32078057410699,1779859234368831400,2598
coldstart_rd4ad_real_iad_rolled_strip_base_gaussian_noise_s3,C:\Users\Usuario\Desktop\Thesis\Pipeline\Real-time-visual-defect-detection\data\outputs\Experiment 5\coldstart_rd4ad_real_iad_rolled_strip_base_gaussian_noise_s3,rd4ad,rolled_strip_base,Tesla T4,gaussian_noise,3,0.9072778055768632,0.9618497864361278,0.9663107788860704,0.4072476062276737,0.5785863351243339,50.30012672500295,1779859234393939800,2591
coldstart_rd4ad_real_iad_rolled_strip_base_motion_blur_s1,C:\Users\Usuario\Desktop\Thesis\Pipeline\Real-time-visual-defect-detection\data\outputs\Experiment 5\coldstart_rd4ad_real_iad_rolled_strip_base_motion_blur_s1,rd4ad,rolled_strip_base,Tesla T4,motion_blur,1,0.9122414198812469,0.9596978541311008,0.986542116263453,0.3748079725288897,0.5376203336312527,60.0901314241201,1779859235771877400,2579
coldstart_rd4ad_real_iad_rolled_strip_base_motion_blur_s2,C:\Users\Usuario\Desktop\Thesis\Pipeline\Real-time-visual-defect-detection\data\outputs\Experiment 5\coldstart_rd4ad_real_iad_rolled_strip_base_motion_blur_s2,rd4ad,rolled_strip_base,Tesla T4,motion_blur,2,0.9045218582588048,0.968182988740606,0.969671549388628,0.388285477467889,0.5491315338403658,59.965338045172416,1779859235787240800,2571
coldstart_rd4ad_real_iad_rolled_strip_base_motion_blur_s3,C:\Users\Usuario\Desktop\Thesis\Pipeline\Real-time-visual-defect-detection\data\outputs\Experiment 5\coldstart_rd4ad_real_iad_rolled_strip_base_motion_blur_s3,rd4ad,rolled_strip_base,Tesla T4,motion_blur,3,0.9042973895815988,0.9516059907850932,0.9848294741054612,0.3604826832736199,0.5252015672320004,59.84812332457008,1779859235804185000,2592
coldstart_rd4ad_real_iad_rolled_strip_base_shot_noise_s1,C:\Users\Usuario\Desktop\Thesis\Pipeline\Real-time-visual-defect-detection\data\outputs\Experiment 5\coldstart_rd4ad_real_iad_rolled_strip_base_shot_noise_s1,rd4ad,rolled_strip_base,Tesla T4,shot_noise,1,0.899300208928843,0.962713582058787,0.9613381241535116,0.3915286789089828,0.5605864532495866,39.21760436290034,1779859236928531400,2575
coldstart_rd4ad_real_iad_rolled_strip_base_shot_noise_s2,C:\Users\Usuario\Desktop\Thesis\Pipeline\Real-time-visual-defect-detection\data\outputs\Experiment 5\coldstart_rd4ad_real_iad_rolled_strip_base_shot_noise_s2,rd4ad,rolled_strip_base,Tesla T4,shot_noise,2,0.8971427328399704,0.9653575934400868,0.987705787066432,0.3810201216502443,0.5448493048054193,39.02959602452148,1779859236939212600,2586
coldstart_rd4ad_real_iad_rolled_strip_base_shot_noise_s3,C:\Users\Usuario\Desktop\Thesis\Pipeline\Real-time-visual-defect-detection\data\outputs\Experiment 5\coldstart_rd4ad_real_iad_rolled_strip_base_shot_noise_s3,rd4ad,rolled_strip_base,Tesla T4,shot_noise,3,0.8518928546909159,0.9386102128215636,0.9884103519974536,0.3173240333460753,0.4820770718700268,40.25107724368179,1779859236948025900,2578
coldstart_rd4ad_real_iad_sim_card_set_gaussian_noise_s1,C:\Users\Usuario\Desktop\Thesis\Pipeline\Real-time-visual-defect-detection\data\outputs\Experiment 5\coldstart_rd4ad_real_iad_sim_card_set_gaussian_noise_s1,rd4ad,sim_card_set,Tesla T4,gaussian_noise,1,0.8578771742183066,0.9460127346811156,0.9907304963761746,0.3920720562964592,0.5648472966159838,49.8074051450557,1779859234407813900,2594
coldstart_rd4ad_real_iad_sim_card_set_gaussian_noise_s2,C:\Users\Usuario\Desktop\Thesis\Pipeline\Real-time-visual-defect-detection\data\outputs\Experiment 5\coldstart_rd4ad_real_iad_sim_card_set_gaussian_noise_s2,rd4ad,sim_card_set,Tesla T4,gaussian_noise,2,0.847441197925516,0.9420625672170226,0.9920387246866528,0.4014400321642394,0.5698776754366143,49.46328132834979,1779859234417649400,2593
coldstart_rd4ad_real_iad_sim_card_set_gaussian_noise_s3,C:\Users\Usuario\Desktop\Thesis\Pipeline\Real-time-visual-defect-detection\data\outputs\Experiment 5\coldstart_rd4ad_real_iad_sim_card_set_gaussian_noise_s3,rd4ad,sim_card_set,Tesla T4,gaussian_noise,3,0.8407801121502427,0.9416606070864172,0.9737525017299782,0.3947079594564526,0.5611893756030145,50.3553663454604,1779859234433526600,2592
coldstart_rd4ad_real_iad_sim_card_set_motion_blur_s1,C:\Users\Usuario\Desktop\Thesis\Pipeline\Real-time-visual-defect-detection\data\outputs\Experiment 5\coldstart_rd4ad_real_iad_sim_card_set_motion_blur_s1,rd4ad,sim_card_set,Tesla T4,motion_blur,1,0.8652873195985009,0.9413171247005134,0.9832263252467056,0.3368834390777315,0.5000128756491927,59.72688797792113,1779859235813186200,2563
coldstart_rd4ad_real_iad_sim_card_set_motion_blur_s2,C:\Users\Usuario\Desktop\Thesis\Pipeline\Real-time-visual-defect-detection\data\outputs\Experiment 5\coldstart_rd4ad_real_iad_sim_card_set_motion_blur_s2,rd4ad,sim_card_set,Tesla T4,motion_blur,2,0.8660469468710313,0.95620583944493,0.9829457315948006,0.3471338664217364,0.5161543284909927,59.09191518885774,1779859235826308400,2583
coldstart_rd4ad_real_iad_sim_card_set_motion_blur_s3,C:\Users\Usuario\Desktop\Thesis\Pipeline\Real-time-visual-defect-detection\data\outputs\Experiment 5\coldstart_rd4ad_real_iad_sim_card_set_motion_blur_s3,rd4ad,sim_card_set,Tesla T4,motion_blur,3,0.8575249854950027,0.9354100619459572,0.994860612419608,0.3413947297084521,0.5118135426577667,60.14936384043803,1779859235845759900,2595
coldstart_rd4ad_real_iad_sim_card_set_shot_noise_s1,C:\Users\Usuario\Desktop\Thesis\Pipeline\Real-time-visual-defect-detection\data\outputs\Experiment 5\coldstart_rd4ad_real_iad_sim_card_set_shot_noise_s1,rd4ad,sim_card_set,Tesla T4,shot_noise,1,0.848757108701695,0.9501434387194132,0.9880779745518324,0.3761815028556529,0.5397298513871994,38.51159790682773,1779859236958037000,2573
coldstart_rd4ad_real_iad_sim_card_set_shot_noise_s2,C:\Users\Usuario\Desktop\Thesis\Pipeline\Real-time-visual-defect-detection\data\outputs\Experiment 5\coldstart_rd4ad_real_iad_sim_card_set_shot_noise_s2,rd4ad,sim_card_set,Tesla T4,shot_noise,2,0.8318503246324562,0.9324314931481448,0.9751848542049348,0.3514655121257102,0.5169569632279154,39.00295171273881,1779859236970731100,2584
coldstart_rd4ad_real_iad_sim_card_set_shot_noise_s3,C:\Users\Usuario\Desktop\Thesis\Pipeline\Real-time-visual-defect-detection\data\outputs\Experiment 5\coldstart_rd4ad_real_iad_sim_card_set_shot_noise_s3,rd4ad,sim_card_set,Tesla T4,shot_noise,3,0.7768803151921095,0.9025294057781904,0.9567321779459736,0.3637506467329843,0.5346358809100802,39.39115794791351,1779859236978801600,2590
coldstart_rd4ad_real_iad_switch_gaussian_noise_s1,C:\Users\Usuario\Desktop\Thesis\Pipeline\Real-time-visual-defect-detection\data\outputs\Experiment 5\coldstart_rd4ad_real_iad_switch_gaussian_noise_s1,rd4ad,switch,Tesla T4,gaussian_noise,1,0.6790528742662414,0.8728887712648319,0.9868359684459026,0.2586062882586091,0.418902514305655,49.16424142884209,1779859234445838300,2595
coldstart_rd4ad_real_iad_switch_gaussian_noise_s2,C:\Users\Usuario\Desktop\Thesis\Pipeline\Real-time-visual-defect-detection\data\outputs\Experiment 5\coldstart_rd4ad_real_iad_switch_gaussian_noise_s2,rd4ad,switch,Tesla T4,gaussian_noise,2,0.6711239741565166,0.8685971695786173,0.999,0.2438212872090203,0.4027333607262378,49.867938467707816,1779859234459698200,2586
coldstart_rd4ad_real_iad_switch_gaussian_noise_s3,C:\Users\Usuario\Desktop\Thesis\Pipeline\Real-time-visual-defect-detection\data\outputs\Experiment 5\coldstart_rd4ad_real_iad_switch_gaussian_noise_s3,rd4ad,switch,Tesla T4,gaussian_noise,3,0.658714231110566,0.8468961051699597,0.9936418225620008,0.2362884180307718,0.3871043195107567,49.76903752391018,1779859234469526900,2593
coldstart_rd4ad_real_iad_switch_motion_blur_s1,C:\Users\Usuario\Desktop\Thesis\Pipeline\Real-time-visual-defect-detection\data\outputs\Experiment 5\coldstart_rd4ad_real_iad_switch_motion_blur_s1,rd4ad,switch,Tesla T4,motion_blur,1,0.7104366241565396,0.8927639125189438,0.999,0.2323352710997098,0.3869119158155056,60.26307896486624,1779859235856822100,2558
coldstart_rd4ad_real_iad_switch_motion_blur_s2,C:\Users\Usuario\Desktop\Thesis\Pipeline\Real-time-visual-defect-detection\data\outputs\Experiment 5\coldstart_rd4ad_real_iad_switch_motion_blur_s2,rd4ad,switch,Tesla T4,motion_blur,2,0.7052978804265845,0.8964622426417802,0.999,0.2000167169660706,0.349210646044093,60.78255821668674,1779859235871630300,2556
coldstart_rd4ad_real_iad_switch_motion_blur_s3,C:\Users\Usuario\Desktop\Thesis\Pipeline\Real-time-visual-defect-detection\data\outputs\Experiment 5\coldstart_rd4ad_real_iad_switch_motion_blur_s3,rd4ad,switch,Tesla T4,motion_blur,3,0.6810938327888115,0.881748351638909,0.9758002235423702,0.1896294388710314,0.3335874122445646,60.32117334195305,1779859235897603200,2592
coldstart_rd4ad_real_iad_switch_shot_noise_s1,C:\Users\Usuario\Desktop\Thesis\Pipeline\Real-time-visual-defect-detection\data\outputs\Experiment 5\coldstart_rd4ad_real_iad_switch_shot_noise_s1,rd4ad,switch,Tesla T4,shot_noise,1,0.6959323799976731,0.8709238023659867,0.999,0.2512697424935,0.4061662766570441,39.54423072882248,1779859236989720400,2562
coldstart_rd4ad_real_iad_switch_shot_noise_s2,C:\Users\Usuario\Desktop\Thesis\Pipeline\Real-time-visual-defect-detection\data\outputs\Experiment 5\coldstart_rd4ad_real_iad_switch_shot_noise_s2,rd4ad,switch,Tesla T4,shot_noise,2,0.6992008236671104,0.8886183604554552,0.999,0.2275060787708393,0.3818608885597573,40.2097379605232,1779859236996718300,2575
coldstart_rd4ad_real_iad_switch_shot_noise_s3,C:\Users\Usuario\Desktop\Thesis\Pipeline\Real-time-visual-defect-detection\data\outputs\Experiment 5\coldstart_rd4ad_real_iad_switch_shot_noise_s3,rd4ad,switch,Tesla T4,shot_noise,3,0.6919033845196043,0.868782863170086,0.9985730041686892,0.2206090945662608,0.3722495994258549,38.79472354510774,1779859237010523800,2592
coldstart_rd4ad_real_iad_tape_gaussian_noise_s1,C:\Users\Usuario\Desktop\Thesis\Pipeline\Real-time-visual-defect-detection\data\outputs\Experiment 5\coldstart_rd4ad_real_iad_tape_gaussian_noise_s1,rd4ad,tape,Tesla T4,gaussian_noise,1,0.6664414636428084,0.8660964123701506,0.9538766059405744,0.2277575912133921,0.3656239857883626,49.66201164165616,1779859234493480300,2599
coldstart_rd4ad_real_iad_tape_gaussian_noise_s2,C:\Users\Usuario\Desktop\Thesis\Pipeline\Real-time-visual-defect-detection\data\outputs\Experiment 5\coldstart_rd4ad_real_iad_tape_gaussian_noise_s2,rd4ad,tape,Tesla T4,gaussian_noise,2,0.6502197384863947,0.8457734350002399,0.981244475563972,0.2237065748678086,0.3644321732432941,54.23357347500116,1779859234505365300,2597
coldstart_rd4ad_real_iad_tape_gaussian_noise_s3,C:\Users\Usuario\Desktop\Thesis\Pipeline\Real-time-visual-defect-detection\data\outputs\Experiment 5\coldstart_rd4ad_real_iad_tape_gaussian_noise_s3,rd4ad,tape,Tesla T4,gaussian_noise,3,0.6448631585580827,0.8416108433965301,0.9907892175070652,0.2217912701266041,0.3670063479899475,54.02163251103262,1779859234517052200,2595
coldstart_rd4ad_real_iad_tape_motion_blur_s1,C:\Users\Usuario\Desktop\Thesis\Pipeline\Real-time-visual-defect-detection\data\outputs\Experiment 5\coldstart_rd4ad_real_iad_tape_motion_blur_s1,rd4ad,tape,Tesla T4,motion_blur,1,0.6939097301127884,0.8652964821011819,0.9393715677302996,0.2304478113297569,0.3747939772666876,60.14947198656503,1779859235913799500,2581
coldstart_rd4ad_real_iad_tape_motion_blur_s2,C:\Users\Usuario\Desktop\Thesis\Pipeline\Real-time-visual-defect-detection\data\outputs\Experiment 5\coldstart_rd4ad_real_iad_tape_motion_blur_s2,rd4ad,tape,Tesla T4,motion_blur,2,0.674370018801132,0.8732550217731622,0.9658195462191004,0.2210541547213991,0.364796927887708,59.481925232347,1779859235930635900,2573
coldstart_rd4ad_real_iad_tape_motion_blur_s3,C:\Users\Usuario\Desktop\Thesis\Pipeline\Real-time-visual-defect-detection\data\outputs\Experiment 5\coldstart_rd4ad_real_iad_tape_motion_blur_s3,rd4ad,tape,Tesla T4,motion_blur,3,0.6742821086878701,0.8680521155028408,0.980061765298128,0.2207055137960197,0.3643854791094322,59.23449010734798,1779859235955592400,2596
coldstart_rd4ad_real_iad_tape_shot_noise_s1,C:\Users\Usuario\Desktop\Thesis\Pipeline\Real-time-visual-defect-detection\data\outputs\Experiment 5\coldstart_rd4ad_real_iad_tape_shot_noise_s1,rd4ad,tape,Tesla T4,shot_noise,1,0.68584603437305,0.8656211527616692,0.9809218256826796,0.2351161993895784,0.3850358448192875,39.08323412367558,1779859237018438000,2571
coldstart_rd4ad_real_iad_tape_shot_noise_s2,C:\Users\Usuario\Desktop\Thesis\Pipeline\Real-time-visual-defect-detection\data\outputs\Experiment 5\coldstart_rd4ad_real_iad_tape_shot_noise_s2,rd4ad,tape,Tesla T4,shot_noise,2,0.675576176829971,0.8657698292968317,0.9393222736237532,0.2308365867109716,0.372198526836864,38.77172617455413,1779859237026498600,2584
coldstart_rd4ad_real_iad_tape_shot_noise_s3,C:\Users\Usuario\Desktop\Thesis\Pipeline\Real-time-visual-defect-detection\data\outputs\Experiment 5\coldstart_rd4ad_real_iad_tape_shot_noise_s3,rd4ad,tape,Tesla T4,shot_noise,3,0.6760399616404069,0.8712999595276522,0.7740061414845861,0.2192150208793982,0.3418340294119225,39.42765432993532,1779859237038031300,2586
coldstart_rd4ad_real_iad_terminalblock_gaussian_noise_s1,C:\Users\Usuario\Desktop\Thesis\Pipeline\Real-time-visual-defect-detection\data\outputs\Experiment 5\coldstart_rd4ad_real_iad_terminalblock_gaussian_noise_s1,rd4ad,terminalblock,Tesla T4,gaussian_noise,1,0.7145290561736933,0.855711398675641,0.8688616148346126,0.3138727824929072,0.4681554573733764,62.91754113851433,1779859234526633400,2594
coldstart_rd4ad_real_iad_terminalblock_gaussian_noise_s2,C:\Users\Usuario\Desktop\Thesis\Pipeline\Real-time-visual-defect-detection\data\outputs\Experiment 5\coldstart_rd4ad_real_iad_terminalblock_gaussian_noise_s2,rd4ad,terminalblock,Tesla T4,gaussian_noise,2,0.6852902591967226,0.8519340840525148,0.8582598601528524,0.2961271841956492,0.4400163335929498,66.71697326562621,1779859234535677700,2591
coldstart_rd4ad_real_iad_terminalblock_gaussian_noise_s3,C:\Users\Usuario\Desktop\Thesis\Pipeline\Real-time-visual-defect-detection\data\outputs\Experiment 5\coldstart_rd4ad_real_iad_terminalblock_gaussian_noise_s3,rd4ad,terminalblock,Tesla T4,gaussian_noise,3,0.6710599456586189,0.832829960775863,0.8789477624495666,0.2664607615826836,0.409919354206197,65.83293696080293,1779859234547846400,2591
coldstart_rd4ad_real_iad_terminalblock_motion_blur_s1,C:\Users\Usuario\Desktop\Thesis\Pipeline\Real-time-visual-defect-detection\data\outputs\Experiment 5\coldstart_rd4ad_real_iad_terminalblock_motion_blur_s1,rd4ad,terminalblock,Tesla T4,motion_blur,1,0.7331660842934744,0.8813562955538893,0.9028752071852412,0.3156921550941086,0.4645444787604715,87.98076479018498,1779859235966807900,2574
coldstart_rd4ad_real_iad_terminalblock_motion_blur_s2,C:\Users\Usuario\Desktop\Thesis\Pipeline\Real-time-visual-defect-detection\data\outputs\Experiment 5\coldstart_rd4ad_real_iad_terminalblock_motion_blur_s2,rd4ad,terminalblock,Tesla T4,motion_blur,2,0.7117547247534053,0.8799989845674212,0.9301335617109426,0.2779605836596409,0.4323997085295,87.97680249202115,1779859235979733800,2571
coldstart_rd4ad_real_iad_terminalblock_motion_blur_s3,C:\Users\Usuario\Desktop\Thesis\Pipeline\Real-time-visual-defect-detection\data\outputs\Experiment 5\coldstart_rd4ad_real_iad_terminalblock_motion_blur_s3,rd4ad,terminalblock,Tesla T4,motion_blur,3,0.6871471716989799,0.8601258685396445,0.9077786750787608,0.227067999094274,0.3654275827917322,86.97482257405372,1779859235993736200,2592
coldstart_rd4ad_real_iad_terminalblock_shot_noise_s1,C:\Users\Usuario\Desktop\Thesis\Pipeline\Real-time-visual-defect-detection\data\outputs\Experiment 5\coldstart_rd4ad_real_iad_terminalblock_shot_noise_s1,rd4ad,terminalblock,Tesla T4,shot_noise,1,0.7208869772008933,0.8760460698618777,0.9667906084250548,0.2862114053223452,0.4354886459142942,57.16052260080124,1779859237050508700,2579
coldstart_rd4ad_real_iad_terminalblock_shot_noise_s2,C:\Users\Usuario\Desktop\Thesis\Pipeline\Real-time-visual-defect-detection\data\outputs\Experiment 5\coldstart_rd4ad_real_iad_terminalblock_shot_noise_s2,rd4ad,terminalblock,Tesla T4,shot_noise,2,0.736240488850638,0.8639203751107646,0.9161111721541634,0.2792303284966775,0.4268030263256734,56.09959979937268,1779859237058599300,2586
coldstart_rd4ad_real_iad_terminalblock_shot_noise_s3,C:\Users\Usuario\Desktop\Thesis\Pipeline\Real-time-visual-defect-detection\data\outputs\Experiment 5\coldstart_rd4ad_real_iad_terminalblock_shot_noise_s3,rd4ad,terminalblock,Tesla T4,shot_noise,3,0.7192582546432135,0.8807047206381408,0.97902305391167,0.2461069044740449,0.3994778845397034,57.71750074139999,1779859237066427100,2588
coldstart_rd4ad_real_iad_toothbrush_gaussian_noise_s1,C:\Users\Usuario\Desktop\Thesis\Pipeline\Real-time-visual-defect-detection\data\outputs\Experiment 5\coldstart_rd4ad_real_iad_toothbrush_gaussian_noise_s1,rd4ad,toothbrush,Tesla T4,gaussian_noise,1,0.7958499038624907,0.8991904055678741,0.9581472086172084,0.1063381701058918,0.1885206555925015,64.71829813479106,1779859234571320100,2591
coldstart_rd4ad_real_iad_toothbrush_gaussian_noise_s2,C:\Users\Usuario\Desktop\Thesis\Pipeline\Real-time-visual-defect-detection\data\outputs\Experiment 5\coldstart_rd4ad_real_iad_toothbrush_gaussian_noise_s2,rd4ad,toothbrush,Tesla T4,gaussian_noise,2,0.7940678957290437,0.9094147680622844,0.970068909836449,0.1043877409614234,0.1826169184950689,65.57358592405295,1779859234599055500,2596
coldstart_rd4ad_real_iad_toothbrush_gaussian_noise_s3,C:\Users\Usuario\Desktop\Thesis\Pipeline\Real-time-visual-defect-detection\data\outputs\Experiment 5\coldstart_rd4ad_real_iad_toothbrush_gaussian_noise_s3,rd4ad,toothbrush,Tesla T4,gaussian_noise,3,0.7858999987022449,0.906388357552559,0.9750287302229366,0.1083612465181034,0.1906521386463797,65.82511164619778,1779859234609477400,2594
coldstart_rd4ad_real_iad_toothbrush_motion_blur_s1,C:\Users\Usuario\Desktop\Thesis\Pipeline\Real-time-visual-defect-detection\data\outputs\Experiment 5\coldstart_rd4ad_real_iad_toothbrush_motion_blur_s1,rd4ad,toothbrush,Tesla T4,motion_blur,1,0.7558839326758031,0.8962103264062663,0.999,0.0640709174934035,0.1221387954056064,88.37058281869376,1779859236010201200,2540
coldstart_rd4ad_real_iad_toothbrush_motion_blur_s2,C:\Users\Usuario\Desktop\Thesis\Pipeline\Real-time-visual-defect-detection\data\outputs\Experiment 5\coldstart_rd4ad_real_iad_toothbrush_motion_blur_s2,rd4ad,toothbrush,Tesla T4,motion_blur,2,0.7686290668917715,0.8965338958633464,0.9891177410330918,0.0697451400424497,0.131285346836796,89.48637800595873,1779859236023133800,2556
coldstart_rd4ad_real_iad_toothbrush_motion_blur_s3,C:\Users\Usuario\Desktop\Thesis\Pipeline\Real-time-visual-defect-detection\data\outputs\Experiment 5\coldstart_rd4ad_real_iad_toothbrush_motion_blur_s3,rd4ad,toothbrush,Tesla T4,motion_blur,3,0.7667212429586738,0.8915233266911211,0.999,0.0814414173351632,0.1510737203581579,87.9958382858136,1779859236031700000,2576
coldstart_rd4ad_real_iad_toothbrush_shot_noise_s1,C:\Users\Usuario\Desktop\Thesis\Pipeline\Real-time-visual-defect-detection\data\outputs\Experiment 5\coldstart_rd4ad_real_iad_toothbrush_shot_noise_s1,rd4ad,toothbrush,Tesla T4,shot_noise,1,0.7673867413024366,0.9069985063748756,0.999,0.0778875493547086,0.1453425269284686,57.09226053534864,1779859237074483600,2567
coldstart_rd4ad_real_iad_toothbrush_shot_noise_s2,C:\Users\Usuario\Desktop\Thesis\Pipeline\Real-time-visual-defect-detection\data\outputs\Experiment 5\coldstart_rd4ad_real_iad_toothbrush_shot_noise_s2,rd4ad,toothbrush,Tesla T4,shot_noise,2,0.7532210561709443,0.8868886743437558,0.986711336418292,0.0793934761825892,0.1458506045812823,57.87370728200879,1779859237086661800,2589
coldstart_rd4ad_real_iad_toothbrush_shot_noise_s3,C:\Users\Usuario\Desktop\Thesis\Pipeline\Real-time-visual-defect-detection\data\outputs\Experiment 5\coldstart_rd4ad_real_iad_toothbrush_shot_noise_s3,rd4ad,toothbrush,Tesla T4,shot_noise,3,0.7436342519282373,0.8949242321384102,0.999,0.0484462370802345,0.0918009006942613,57.76780520524471,1779859237095654700,2571
coldstart_rd4ad_real_iad_toy_brick_gaussian_noise_s1,C:\Users\Usuario\Desktop\Thesis\Pipeline\Real-time-visual-defect-detection\data\outputs\Experiment 5\coldstart_rd4ad_real_iad_toy_brick_gaussian_noise_s1,rd4ad,toy_brick,Tesla T4,gaussian_noise,1,0.6597640634031607,0.8287743037823175,0.977362180493696,0.0134397093754446,0.0252830883370593,66.97068385210358,1779859234674239800,2599
coldstart_rd4ad_real_iad_toy_brick_gaussian_noise_s2,C:\Users\Usuario\Desktop\Thesis\Pipeline\Real-time-visual-defect-detection\data\outputs\Experiment 5\coldstart_rd4ad_real_iad_toy_brick_gaussian_noise_s2,rd4ad,toy_brick,Tesla T4,gaussian_noise,2,0.6544279226364885,0.8374499668951211,0.993903583411919,0.0129707858458497,0.0242361009531599,65.9813925127892,1779859234713182600,2596
coldstart_rd4ad_real_iad_toy_brick_gaussian_noise_s3,C:\Users\Usuario\Desktop\Thesis\Pipeline\Real-time-visual-defect-detection\data\outputs\Experiment 5\coldstart_rd4ad_real_iad_toy_brick_gaussian_noise_s3,rd4ad,toy_brick,Tesla T4,gaussian_noise,3,0.6530240858279563,0.8351820852405893,0.9883767955396828,0.0131616820548087,0.0249020839772899,66.49639979150011,1779859234721320400,2594
coldstart_rd4ad_real_iad_toy_brick_motion_blur_s1,C:\Users\Usuario\Desktop\Thesis\Pipeline\Real-time-visual-defect-detection\data\outputs\Experiment 5\coldstart_rd4ad_real_iad_toy_brick_motion_blur_s1,rd4ad,toy_brick,Tesla T4,motion_blur,1,0.6656089901827854,0.8589368182593021,0.9914024002962032,0.001,0.0016359883504797,87.8519111084016,1779859236075897900,2554
coldstart_rd4ad_real_iad_toy_brick_motion_blur_s2,C:\Users\Usuario\Desktop\Thesis\Pipeline\Real-time-visual-defect-detection\data\outputs\Experiment 5\coldstart_rd4ad_real_iad_toy_brick_motion_blur_s2,rd4ad,toy_brick,Tesla T4,motion_blur,2,0.6620449383587793,0.8426933881088416,0.999,0.001,0.0016380075431943,87.77848157530846,1779859236083895100,2543
coldstart_rd4ad_real_iad_toy_brick_motion_blur_s3,C:\Users\Usuario\Desktop\Thesis\Pipeline\Real-time-visual-defect-detection\data\outputs\Experiment 5\coldstart_rd4ad_real_iad_toy_brick_motion_blur_s3,rd4ad,toy_brick,Tesla T4,motion_blur,3,0.6645902115304506,0.842156730006266,0.9646641625947407,0.001,0.0016570053545784,88.74852997287931,1779859236093898600,2583
coldstart_rd4ad_real_iad_toy_brick_shot_noise_s1,C:\Users\Usuario\Desktop\Thesis\Pipeline\Real-time-visual-defect-detection\data\outputs\Experiment 5\coldstart_rd4ad_real_iad_toy_brick_shot_noise_s1,rd4ad,toy_brick,Tesla T4,shot_noise,1,0.6620209953270271,0.8397904488024998,0.999,0.001,0.0016602192352986,58.14478338228848,1779859237136631100,2559
coldstart_rd4ad_real_iad_toy_brick_shot_noise_s2,C:\Users\Usuario\Desktop\Thesis\Pipeline\Real-time-visual-defect-detection\data\outputs\Experiment 5\coldstart_rd4ad_real_iad_toy_brick_shot_noise_s2,rd4ad,toy_brick,Tesla T4,shot_noise,2,0.6666836836685348,0.8558387258252377,0.9760289000520996,0.0026241009377364,0.0054854585325843,57.651866920382936,1779859237144698300,2593
coldstart_rd4ad_real_iad_toy_brick_shot_noise_s3,C:\Users\Usuario\Desktop\Thesis\Pipeline\Real-time-visual-defect-detection\data\outputs\Experiment 5\coldstart_rd4ad_real_iad_toy_brick_shot_noise_s3,rd4ad,toy_brick,Tesla T4,shot_noise,3,0.6439057779600318,0.8333335711503711,0.9745297327101146,0.0012296420172008,0.0034732740328635,57.47854336487276,1779859237154942500,2596
coldstart_rd4ad_real_iad_toy_gaussian_noise_s1,C:\Users\Usuario\Desktop\Thesis\Pipeline\Real-time-visual-defect-detection\data\outputs\Experiment 5\coldstart_rd4ad_real_iad_toy_gaussian_noise_s1,rd4ad,toy,Tesla T4,gaussian_noise,1,0.5959520824442089,0.7910233287765235,0.9515873891681352,0.0320806104982893,0.0616190655086128,67.58962839114622,1779859234619631700,2592
coldstart_rd4ad_real_iad_toy_gaussian_noise_s2,C:\Users\Usuario\Desktop\Thesis\Pipeline\Real-time-visual-defect-detection\data\outputs\Experiment 5\coldstart_rd4ad_real_iad_toy_gaussian_noise_s2,rd4ad,toy,Tesla T4,gaussian_noise,2,0.5863341481755902,0.7829090028917308,0.9680044860834645,0.0048363153810852,0.0141958165279667,66.20623738372628,1779859234643032800,2593
coldstart_rd4ad_real_iad_toy_gaussian_noise_s3,C:\Users\Usuario\Desktop\Thesis\Pipeline\Real-time-visual-defect-detection\data\outputs\Experiment 5\coldstart_rd4ad_real_iad_toy_gaussian_noise_s3,rd4ad,toy,Tesla T4,gaussian_noise,3,0.5547095932066012,0.7673430177193853,0.9504482431740972,0.001,0.0016616473294138,65.9774200901393,1779859234659489500,2569
coldstart_rd4ad_real_iad_toy_motion_blur_s1,C:\Users\Usuario\Desktop\Thesis\Pipeline\Real-time-visual-defect-detection\data\outputs\Experiment 5\coldstart_rd4ad_real_iad_toy_motion_blur_s1,rd4ad,toy,Tesla T4,motion_blur,1,0.661116429912883,0.8274238083388782,0.9803766822921024,0.0677581327827069,0.1191991686974558,87.59657003799299,1779859236042704700,2569
coldstart_rd4ad_real_iad_toy_motion_blur_s2,C:\Users\Usuario\Desktop\Thesis\Pipeline\Real-time-visual-defect-detection\data\outputs\Experiment 5\coldstart_rd4ad_real_iad_toy_motion_blur_s2,rd4ad,toy,Tesla T4,motion_blur,2,0.6481323315692702,0.8407492149704715,0.9891398857154904,0.0869793653663999,0.1558476361217927,87.92599378402701,1779859236052095000,2570
coldstart_rd4ad_real_iad_toy_motion_blur_s3,C:\Users\Usuario\Desktop\Thesis\Pipeline\Real-time-visual-defect-detection\data\outputs\Experiment 5\coldstart_rd4ad_real_iad_toy_motion_blur_s3,rd4ad,toy,Tesla T4,motion_blur,3,0.6226655443449156,0.8178692535542025,0.9807300281607524,0.0124280934536951,0.0301405259089,90.12524073000948,1779859236063391300,2572
coldstart_rd4ad_real_iad_toy_shot_noise_s1,C:\Users\Usuario\Desktop\Thesis\Pipeline\Real-time-visual-defect-detection\data\outputs\Experiment 5\coldstart_rd4ad_real_iad_toy_shot_noise_s1,rd4ad,toy,Tesla T4,shot_noise,1,0.6856480406556155,0.8384833571418385,0.9987264630673366,0.0563192381565534,0.1036642211170991,56.98685470133587,1779859237106556300,2561
coldstart_rd4ad_real_iad_toy_shot_noise_s2,C:\Users\Usuario\Desktop\Thesis\Pipeline\Real-time-visual-defect-detection\data\outputs\Experiment 5\coldstart_rd4ad_real_iad_toy_shot_noise_s2,rd4ad,toy,Tesla T4,shot_noise,2,0.6811829997413655,0.8496943212681509,0.999,0.067306136041648,0.1213057128260332,57.52439331725044,1779859237114554200,2564
coldstart_rd4ad_real_iad_toy_shot_noise_s3,C:\Users\Usuario\Desktop\Thesis\Pipeline\Real-time-visual-defect-detection\data\outputs\Experiment 5\coldstart_rd4ad_real_iad_toy_shot_noise_s3,rd4ad,toy,Tesla T4,shot_noise,3,0.6758263751624903,0.8411064296669487,0.999,0.0309000164947529,0.0617730287709467,57.51812694350311,1779859237126542200,2574
coldstart_rd4ad_real_iad_transistor1_gaussian_noise_s1,C:\Users\Usuario\Desktop\Thesis\Pipeline\Real-time-visual-defect-detection\data\outputs\Experiment 5\coldstart_rd4ad_real_iad_transistor1_gaussian_noise_s1,rd4ad,transistor1,Tesla T4,gaussian_noise,1,0.4092931324656215,0.7299678276287135,0.7551044357316604,0.0276507720556538,0.0502322351286115,65.72577344712367,1779859234734904900,2599
coldstart_rd4ad_real_iad_transistor1_gaussian_noise_s2,C:\Users\Usuario\Desktop\Thesis\Pipeline\Real-time-visual-defect-detection\data\outputs\Experiment 5\coldstart_rd4ad_real_iad_transistor1_gaussian_noise_s2,rd4ad,transistor1,Tesla T4,gaussian_noise,2,0.4102863509020241,0.7251783254169326,0.7637145513093104,0.0222913260799353,0.0407221700678416,65.8902776189799,1779859234748787200,2605
coldstart_rd4ad_real_iad_transistor1_gaussian_noise_s3,C:\Users\Usuario\Desktop\Thesis\Pipeline\Real-time-visual-defect-detection\data\outputs\Experiment 5\coldstart_rd4ad_real_iad_transistor1_gaussian_noise_s3,rd4ad,transistor1,Tesla T4,gaussian_noise,3,0.3921250555043932,0.7240287696746368,0.763355897564815,0.0075534658217437,0.0157054539313235,66.16957079988403,1779859234759619000,2597
coldstart_rd4ad_real_iad_transistor1_motion_blur_s1,C:\Users\Usuario\Desktop\Thesis\Pipeline\Real-time-visual-defect-detection\data\outputs\Experiment 5\coldstart_rd4ad_real_iad_transistor1_motion_blur_s1,rd4ad,transistor1,Tesla T4,motion_blur,1,0.4410067176357351,0.7621866256039991,0.8182138824522037,0.010392860795719,0.0216607246726999,89.1781232418495,1779859236104014500,2528
coldstart_rd4ad_real_iad_transistor1_motion_blur_s2,C:\Users\Usuario\Desktop\Thesis\Pipeline\Real-time-visual-defect-detection\data\outputs\Experiment 5\coldstart_rd4ad_real_iad_transistor1_motion_blur_s2,rd4ad,transistor1,Tesla T4,motion_blur,2,0.439713987622095,0.756644922550487,0.8045561424868125,0.001,0.0029798015069397,89.49978447350448,1779859236118016100,2514
coldstart_rd4ad_real_iad_transistor1_motion_blur_s3,C:\Users\Usuario\Desktop\Thesis\Pipeline\Real-time-visual-defect-detection\data\outputs\Experiment 5\coldstart_rd4ad_real_iad_transistor1_motion_blur_s3,rd4ad,transistor1,Tesla T4,motion_blur,3,0.38318689771538,0.7475776609635547,0.8173387550236527,0.0021737937623758,0.0068456611513565,88.94461941128783,1779859236128668100,2563
coldstart_rd4ad_real_iad_transistor1_shot_noise_s1,C:\Users\Usuario\Desktop\Thesis\Pipeline\Real-time-visual-defect-detection\data\outputs\Experiment 5\coldstart_rd4ad_real_iad_transistor1_shot_noise_s1,rd4ad,transistor1,Tesla T4,shot_noise,1,0.4775166705201494,0.7928209894335917,0.836420965439106,0.0061241268439387,0.0128637800164899,57.44474091881723,1779859237162940500,2538
coldstart_rd4ad_real_iad_transistor1_shot_noise_s2,C:\Users\Usuario\Desktop\Thesis\Pipeline\Real-time-visual-defect-detection\data\outputs\Experiment 5\coldstart_rd4ad_real_iad_transistor1_shot_noise_s2,rd4ad,transistor1,Tesla T4,shot_noise,2,0.4677551828060568,0.7822326087968791,0.8408369273750572,0.0268662786952121,0.0513142552668323,57.28373885071419,1779859237169602200,2575
coldstart_rd4ad_real_iad_transistor1_shot_noise_s3,C:\Users\Usuario\Desktop\Thesis\Pipeline\Real-time-visual-defect-detection\data\outputs\Experiment 5\coldstart_rd4ad_real_iad_transistor1_shot_noise_s3,rd4ad,transistor1,Tesla T4,shot_noise,3,0.448240905876242,0.7686156234616777,0.8355050219543804,0.0116193633758661,0.0234435301085911,57.50439414868059,1779859237179686200,2557
coldstart_rd4ad_real_iad_u_block_gaussian_noise_s1,C:\Users\Usuario\Desktop\Thesis\Pipeline\Real-time-visual-defect-detection\data\outputs\Experiment 5\coldstart_rd4ad_real_iad_u_block_gaussian_noise_s1,rd4ad,u_block,Tesla T4,gaussian_noise,1,0.6741943322868673,0.8303210303217381,0.9371950980568998,0.112132273069658,0.200174612448919,66.9586997867748,1779859234770027500,2586
coldstart_rd4ad_real_iad_u_block_gaussian_noise_s2,C:\Users\Usuario\Desktop\Thesis\Pipeline\Real-time-visual-defect-detection\data\outputs\Experiment 5\coldstart_rd4ad_real_iad_u_block_gaussian_noise_s2,rd4ad,u_block,Tesla T4,gaussian_noise,2,0.6626964949228625,0.8206070939063951,0.9431031057423468,0.102310178329696,0.1824392735460652,65.88446850247617,1779859234778504500,2596
coldstart_rd4ad_real_iad_u_block_gaussian_noise_s3,C:\Users\Usuario\Desktop\Thesis\Pipeline\Real-time-visual-defect-detection\data\outputs\Experiment 5\coldstart_rd4ad_real_iad_u_block_gaussian_noise_s3,rd4ad,u_block,Tesla T4,gaussian_noise,3,0.6435873312926474,0.8256222611244138,0.95606696746333,0.0961539742744884,0.1742009900247718,65.36376594215467,1779859234828337500,2590
coldstart_rd4ad_real_iad_u_block_motion_blur_s1,C:\Users\Usuario\Desktop\Thesis\Pipeline\Real-time-visual-defect-detection\data\outputs\Experiment 5\coldstart_rd4ad_real_iad_u_block_motion_blur_s1,rd4ad,u_block,Tesla T4,motion_blur,1,0.658035251132081,0.8350440642600526,0.9923296427898672,0.0966983225094392,0.1767710571506428,89.99535037913961,1779859236140507400,2555
coldstart_rd4ad_real_iad_u_block_motion_blur_s2,C:\Users\Usuario\Desktop\Thesis\Pipeline\Real-time-visual-defect-detection\data\outputs\Experiment 5\coldstart_rd4ad_real_iad_u_block_motion_blur_s2,rd4ad,u_block,Tesla T4,motion_blur,2,0.6444888299498288,0.8292972323641604,0.8792832864229942,0.1011946620684816,0.1781736050386473,88.83236043905626,1779859236152537300,2567
coldstart_rd4ad_real_iad_u_block_motion_blur_s3,C:\Users\Usuario\Desktop\Thesis\Pipeline\Real-time-visual-defect-detection\data\outputs\Experiment 5\coldstart_rd4ad_real_iad_u_block_motion_blur_s3,rd4ad,u_block,Tesla T4,motion_blur,3,0.6402053391173931,0.8213317444712953,0.8643748225075808,0.0878141613048661,0.1588088506031405,88.8579306469161,1779859236161537600,2588
coldstart_rd4ad_real_iad_u_block_shot_noise_s1,C:\Users\Usuario\Desktop\Thesis\Pipeline\Real-time-visual-defect-detection\data\outputs\Experiment 5\coldstart_rd4ad_real_iad_u_block_shot_noise_s1,rd4ad,u_block,Tesla T4,shot_noise,1,0.6424071192406716,0.8333932198568818,0.5774401689077747,0.0798063629696719,0.137754248570153,57.34080137133865,1779859237188968400,2572
coldstart_rd4ad_real_iad_u_block_shot_noise_s2,C:\Users\Usuario\Desktop\Thesis\Pipeline\Real-time-visual-defect-detection\data\outputs\Experiment 5\coldstart_rd4ad_real_iad_u_block_shot_noise_s2,rd4ad,u_block,Tesla T4,shot_noise,2,0.6451191517442929,0.8183574138522408,0.8135741411797335,0.0756692690174644,0.1394510517494736,57.957387498736885,1779859237196967300,2590
coldstart_rd4ad_real_iad_u_block_shot_noise_s3,C:\Users\Usuario\Desktop\Thesis\Pipeline\Real-time-visual-defect-detection\data\outputs\Experiment 5\coldstart_rd4ad_real_iad_u_block_shot_noise_s3,rd4ad,u_block,Tesla T4,shot_noise,3,0.6416644167062994,0.828906353830416,0.8726331859416185,0.068643303640619,0.1290213196775342,56.81777250854303,1779859237203961200,2587
coldstart_rd4ad_real_iad_usb_adaptor_gaussian_noise_s1,C:\Users\Usuario\Desktop\Thesis\Pipeline\Real-time-visual-defect-detection\data\outputs\Experiment 5\coldstart_rd4ad_real_iad_usb_adaptor_gaussian_noise_s1,rd4ad,usb_adaptor,Tesla T4,gaussian_noise,1,0.5827126136367216,0.8387275380404646,0.952755077002216,0.1007469123939941,0.1970080443466769,66.92549893932879,1779859234879919900,2592
coldstart_rd4ad_real_iad_usb_adaptor_gaussian_noise_s2,C:\Users\Usuario\Desktop\Thesis\Pipeline\Real-time-visual-defect-detection\data\outputs\Experiment 5\coldstart_rd4ad_real_iad_usb_adaptor_gaussian_noise_s2,rd4ad,usb_adaptor,Tesla T4,gaussian_noise,2,0.5736277532167429,0.8223378891147375,0.9426691195209634,0.0661669105868798,0.1429758531915911,68.29487617881313,1779859234890921300,2590
coldstart_rd4ad_real_iad_usb_adaptor_gaussian_noise_s3,C:\Users\Usuario\Desktop\Thesis\Pipeline\Real-time-visual-defect-detection\data\outputs\Experiment 5\coldstart_rd4ad_real_iad_usb_adaptor_gaussian_noise_s3,rd4ad,usb_adaptor,Tesla T4,gaussian_noise,3,0.570501296691394,0.8341243959861351,0.9301665618277832,0.0509471718728564,0.118095981160524,68.45325136612497,1779859234907933700,2587
coldstart_rd4ad_real_iad_usb_adaptor_motion_blur_s1,C:\Users\Usuario\Desktop\Thesis\Pipeline\Real-time-visual-defect-detection\data\outputs\Experiment 5\coldstart_rd4ad_real_iad_usb_adaptor_motion_blur_s1,rd4ad,usb_adaptor,Tesla T4,motion_blur,1,0.6336807332873761,0.8515254547796947,0.999,0.1317892848234643,0.2405716059326248,88.17605065376517,1779859236222397200,2560
coldstart_rd4ad_real_iad_usb_adaptor_motion_blur_s2,C:\Users\Usuario\Desktop\Thesis\Pipeline\Real-time-visual-defect-detection\data\outputs\Experiment 5\coldstart_rd4ad_real_iad_usb_adaptor_motion_blur_s2,rd4ad,usb_adaptor,Tesla T4,motion_blur,2,0.6233964952702422,0.8518933049644803,0.999,0.1047132546326723,0.201267173658061,89.53941387753626,1779859236231664800,2560
coldstart_rd4ad_real_iad_usb_adaptor_motion_blur_s3,C:\Users\Usuario\Desktop\Thesis\Pipeline\Real-time-visual-defect-detection\data\outputs\Experiment 5\coldstart_rd4ad_real_iad_usb_adaptor_motion_blur_s3,rd4ad,usb_adaptor,Tesla T4,motion_blur,3,0.6136204521458092,0.8470100746534646,0.999,0.0869540555666714,0.176644447663552,90.5309906320949,1779859236246049100,2570
coldstart_rd4ad_real_iad_usb_adaptor_shot_noise_s1,C:\Users\Usuario\Desktop\Thesis\Pipeline\Real-time-visual-defect-detection\data\outputs\Experiment 5\coldstart_rd4ad_real_iad_usb_adaptor_shot_noise_s1,rd4ad,usb_adaptor,Tesla T4,shot_noise,1,0.6615423552624606,0.8778871848493335,0.999,0.151984511304222,0.2619438515404917,57.734973964148175,1779859237291847600,2558
coldstart_rd4ad_real_iad_usb_adaptor_shot_noise_s2,C:\Users\Usuario\Desktop\Thesis\Pipeline\Real-time-visual-defect-detection\data\outputs\Experiment 5\coldstart_rd4ad_real_iad_usb_adaptor_shot_noise_s2,rd4ad,usb_adaptor,Tesla T4,shot_noise,2,0.6431161475925531,0.8582446048145678,0.9232335802200196,0.1452952202665866,0.2494793477975294,57.47005866516575,1779859237298848400,2593
coldstart_rd4ad_real_iad_usb_adaptor_shot_noise_s3,C:\Users\Usuario\Desktop\Thesis\Pipeline\Real-time-visual-defect-detection\data\outputs\Experiment 5\coldstart_rd4ad_real_iad_usb_adaptor_shot_noise_s3,rd4ad,usb_adaptor,Tesla T4,shot_noise,3,0.6364316587629679,0.8569050157810028,0.9653584627126466,0.1357701620859198,0.241016870496356,57.72657589067048,1779859237307040200,2601
coldstart_rd4ad_real_iad_usb_gaussian_noise_s1,C:\Users\Usuario\Desktop\Thesis\Pipeline\Real-time-visual-defect-detection\data\outputs\Experiment 5\coldstart_rd4ad_real_iad_usb_gaussian_noise_s1,rd4ad,usb,Tesla T4,gaussian_noise,1,0.6113962259162858,0.7899616040609154,0.9475440061679432,0.1755746929866195,0.2924848572954304,65.96970283090339,1779859234837573200,2597
coldstart_rd4ad_real_iad_usb_gaussian_noise_s2,C:\Users\Usuario\Desktop\Thesis\Pipeline\Real-time-visual-defect-detection\data\outputs\Experiment 5\coldstart_rd4ad_real_iad_usb_gaussian_noise_s2,rd4ad,usb,Tesla T4,gaussian_noise,2,0.6092378541653926,0.7893436213101768,0.9363827400178164,0.1677585097546078,0.28105103964678,65.32694111351002,1779859234848277800,2597
coldstart_rd4ad_real_iad_usb_gaussian_noise_s3,C:\Users\Usuario\Desktop\Thesis\Pipeline\Real-time-visual-defect-detection\data\outputs\Experiment 5\coldstart_rd4ad_real_iad_usb_gaussian_noise_s3,rd4ad,usb,Tesla T4,gaussian_noise,3,0.6110712439097986,0.7857133743578477,0.950074142171452,0.1413358389844548,0.2470361825225663,65.1556735951063,1779859234869647700,2591
coldstart_rd4ad_real_iad_usb_motion_blur_s1,C:\Users\Usuario\Desktop\Thesis\Pipeline\Real-time-visual-defect-detection\data\outputs\Experiment 5\coldstart_rd4ad_real_iad_usb_motion_blur_s1,rd4ad,usb,Tesla T4,motion_blur,1,0.6338803454459215,0.8172892867649867,0.9591462117280242,0.1879846559551459,0.3142728201656513,87.12967336484189,1779859236172536100,2578
coldstart_rd4ad_real_iad_usb_motion_blur_s2,C:\Users\Usuario\Desktop\Thesis\Pipeline\Real-time-visual-defect-detection\data\outputs\Experiment 5\coldstart_rd4ad_real_iad_usb_motion_blur_s2,rd4ad,usb,Tesla T4,motion_blur,2,0.638154169333269,0.8297070358502807,0.983189328671336,0.1877169450152809,0.3098353902969497,89.26987769828814,1779859236179535300,2574
coldstart_rd4ad_real_iad_usb_motion_blur_s3,C:\Users\Usuario\Desktop\Thesis\Pipeline\Real-time-visual-defect-detection\data\outputs\Experiment 5\coldstart_rd4ad_real_iad_usb_motion_blur_s3,rd4ad,usb,Tesla T4,motion_blur,3,0.627627038899878,0.8212167832672843,0.9856655425136576,0.1416849837838378,0.2530831731268947,88.05475924187404,1779859236209395500,2590
coldstart_rd4ad_real_iad_usb_shot_noise_s1,C:\Users\Usuario\Desktop\Thesis\Pipeline\Real-time-visual-defect-detection\data\outputs\Experiment 5\coldstart_rd4ad_real_iad_usb_shot_noise_s1,rd4ad,usb,Tesla T4,shot_noise,1,0.666151654453335,0.8404685184901509,0.9571504983459308,0.1839431041093324,0.3087972003091737,56.81231668365381,1779859237231578800,2565
coldstart_rd4ad_real_iad_usb_shot_noise_s2,C:\Users\Usuario\Desktop\Thesis\Pipeline\Real-time-visual-defect-detection\data\outputs\Experiment 5\coldstart_rd4ad_real_iad_usb_shot_noise_s2,rd4ad,usb,Tesla T4,shot_noise,2,0.6615519391188092,0.8457279565411542,0.999,0.1790811566391527,0.3035939818359708,58.15325647010842,1779859237244064400,2572
coldstart_rd4ad_real_iad_usb_shot_noise_s3,C:\Users\Usuario\Desktop\Thesis\Pipeline\Real-time-visual-defect-detection\data\outputs\Experiment 5\coldstart_rd4ad_real_iad_usb_shot_noise_s3,rd4ad,usb,Tesla T4,shot_noise,3,0.6461990901254857,0.8414019604280977,0.9829593870742732,0.1578866417548872,0.2719078689949274,56.8191435213953,1779859237284851100,2583
coldstart_rd4ad_real_iad_vcpill_gaussian_noise_s1,C:\Users\Usuario\Desktop\Thesis\Pipeline\Real-time-visual-defect-detection\data\outputs\Experiment 5\coldstart_rd4ad_real_iad_vcpill_gaussian_noise_s1,rd4ad,vcpill,Tesla T4,gaussian_noise,1,0.8456755603517816,0.8943542448080299,0.8700204247053817,0.1341788742989445,0.2335764764165401,66.36752040284793,1779859234922939000,2599
coldstart_rd4ad_real_iad_vcpill_gaussian_noise_s2,C:\Users\Usuario\Desktop\Thesis\Pipeline\Real-time-visual-defect-detection\data\outputs\Experiment 5\coldstart_rd4ad_real_iad_vcpill_gaussian_noise_s2,rd4ad,vcpill,Tesla T4,gaussian_noise,2,0.8226248118404037,0.9035295600512502,0.9015729708059932,0.1308150493224252,0.2334804783755275,67.60311861765938,1779859234934941700,2600
coldstart_rd4ad_real_iad_vcpill_gaussian_noise_s3,C:\Users\Usuario\Desktop\Thesis\Pipeline\Real-time-visual-defect-detection\data\outputs\Experiment 5\coldstart_rd4ad_real_iad_vcpill_gaussian_noise_s3,rd4ad,vcpill,Tesla T4,gaussian_noise,3,0.8086303893219351,0.8864530918753893,0.9339298877361272,0.1062647689886087,0.1941698296186417,66.7147249491596,1779859234945936400,2590
coldstart_rd4ad_real_iad_vcpill_motion_blur_s1,C:\Users\Usuario\Desktop\Thesis\Pipeline\Real-time-visual-defect-detection\data\outputs\Experiment 5\coldstart_rd4ad_real_iad_vcpill_motion_blur_s1,rd4ad,vcpill,Tesla T4,motion_blur,1,0.8450511099231063,0.9138242203920862,0.6888540065746449,0.1362729654175304,0.2256963006153018,88.14521781477895,1779859236259964000,2576
coldstart_rd4ad_real_iad_vcpill_motion_blur_s2,C:\Users\Usuario\Desktop\Thesis\Pipeline\Real-time-visual-defect-detection\data\outputs\Experiment 5\coldstart_rd4ad_real_iad_vcpill_motion_blur_s2,rd4ad,vcpill,Tesla T4,motion_blur,2,0.8439972332472215,0.916872822981891,0.943312715804268,0.1335996045368008,0.2360115463433846,87.68781448021652,1779859236271057800,2557
coldstart_rd4ad_real_iad_vcpill_motion_blur_s3,C:\Users\Usuario\Desktop\Thesis\Pipeline\Real-time-visual-defect-detection\data\outputs\Experiment 5\coldstart_rd4ad_real_iad_vcpill_motion_blur_s3,rd4ad,vcpill,Tesla T4,motion_blur,3,0.831580509702888,0.903860118949109,0.9156979334960824,0.1439530874706623,0.2507196107042316,88.30347282566343,1779859236281294600,2594
coldstart_rd4ad_real_iad_vcpill_shot_noise_s1,C:\Users\Usuario\Desktop\Thesis\Pipeline\Real-time-visual-defect-detection\data\outputs\Experiment 5\coldstart_rd4ad_real_iad_vcpill_shot_noise_s1,rd4ad,vcpill,Tesla T4,shot_noise,1,0.8596715950501074,0.90972522988558,0.5414792336784041,0.1437970236858149,0.2310663737197152,57.966694464575184,1779859237356837200,2568
coldstart_rd4ad_real_iad_vcpill_shot_noise_s2,C:\Users\Usuario\Desktop\Thesis\Pipeline\Real-time-visual-defect-detection\data\outputs\Experiment 5\coldstart_rd4ad_real_iad_vcpill_shot_noise_s2,rd4ad,vcpill,Tesla T4,shot_noise,2,0.858098487647096,0.9281957721495274,0.5104310136411455,0.1442905402186685,0.22894115208916,58.02215255975982,1779859237368519300,2579
coldstart_rd4ad_real_iad_vcpill_shot_noise_s3,C:\Users\Usuario\Desktop\Thesis\Pipeline\Real-time-visual-defect-detection\data\outputs\Experiment 5\coldstart_rd4ad_real_iad_vcpill_shot_noise_s3,rd4ad,vcpill,Tesla T4,shot_noise,3,0.8656250991733124,0.9259555519428532,0.9488328153727013,0.1590773681076736,0.2752296658697519,56.93358652888752,1779859237380713900,2585
coldstart_rd4ad_real_iad_wooden_beads_gaussian_noise_s1,C:\Users\Usuario\Desktop\Thesis\Pipeline\Real-time-visual-defect-detection\data\outputs\Experiment 5\coldstart_rd4ad_real_iad_wooden_beads_gaussian_noise_s1,rd4ad,wooden_beads,Tesla T4,gaussian_noise,1,0.7374653704806504,0.9077343535909944,0.931000401174096,0.2070641569913206,0.32027194968036,65.85223947793791,1779859234965934900,2592
coldstart_rd4ad_real_iad_wooden_beads_gaussian_noise_s2,C:\Users\Usuario\Desktop\Thesis\Pipeline\Real-time-visual-defect-detection\data\outputs\Experiment 5\coldstart_rd4ad_real_iad_wooden_beads_gaussian_noise_s2,rd4ad,wooden_beads,Tesla T4,gaussian_noise,2,0.7247243160158808,0.9098575731819428,0.946000036956576,0.2005205197204125,0.32060629837488,65.37693892681649,1779859234978068800,2592
coldstart_rd4ad_real_iad_wooden_beads_gaussian_noise_s3,C:\Users\Usuario\Desktop\Thesis\Pipeline\Real-time-visual-defect-detection\data\outputs\Experiment 5\coldstart_rd4ad_real_iad_wooden_beads_gaussian_noise_s3,rd4ad,wooden_beads,Tesla T4,gaussian_noise,3,0.7284927893619499,0.9065680667192376,0.9228545870971708,0.2008796438019754,0.3202843996257739,66.2604376062312,1779859234989235000,2593
coldstart_rd4ad_real_iad_wooden_beads_motion_blur_s1,C:\Users\Usuario\Desktop\Thesis\Pipeline\Real-time-visual-defect-detection\data\outputs\Experiment 5\coldstart_rd4ad_real_iad_wooden_beads_motion_blur_s1,rd4ad,wooden_beads,Tesla T4,motion_blur,1,0.71243481874283,0.9003274728042641,0.9097271481210606,0.1350837136486936,0.2357578478869832,85.12525811426453,1779859236298186100,2573
coldstart_rd4ad_real_iad_wooden_beads_motion_blur_s2,C:\Users\Usuario\Desktop\Thesis\Pipeline\Real-time-visual-defect-detection\data\outputs\Experiment 5\coldstart_rd4ad_real_iad_wooden_beads_motion_blur_s2,rd4ad,wooden_beads,Tesla T4,motion_blur,2,0.7267105294499853,0.8946297825308339,0.9271714281150976,0.1443385885640198,0.2444606192485304,83.71840812305692,1779859236311186800,2579
coldstart_rd4ad_real_iad_wooden_beads_motion_blur_s3,C:\Users\Usuario\Desktop\Thesis\Pipeline\Real-time-visual-defect-detection\data\outputs\Experiment 5\coldstart_rd4ad_real_iad_wooden_beads_motion_blur_s3,rd4ad,wooden_beads,Tesla T4,motion_blur,3,0.7120623248793243,0.894718354408055,0.7897005106271336,0.1498382654180993,0.2522648292609081,84.05893943778877,1779859236324186600,2592
coldstart_rd4ad_real_iad_wooden_beads_shot_noise_s1,C:\Users\Usuario\Desktop\Thesis\Pipeline\Real-time-visual-defect-detection\data\outputs\Experiment 5\coldstart_rd4ad_real_iad_wooden_beads_shot_noise_s1,rd4ad,wooden_beads,Tesla T4,shot_noise,1,0.7061127718651845,0.903877271246893,0.9254337087839885,0.1474881369792015,0.2506507201138854,52.59218944689462,1779859237388338700,2572
coldstart_rd4ad_real_iad_wooden_beads_shot_noise_s2,C:\Users\Usuario\Desktop\Thesis\Pipeline\Real-time-visual-defect-detection\data\outputs\Experiment 5\coldstart_rd4ad_real_iad_wooden_beads_shot_noise_s2,rd4ad,wooden_beads,Tesla T4,shot_noise,2,0.6975307763083541,0.9033160021419288,0.925254795860938,0.1405274030417576,0.2400603328281221,53.0648718718581,1779859237472105600,2581
coldstart_rd4ad_real_iad_wooden_beads_shot_noise_s3,C:\Users\Usuario\Desktop\Thesis\Pipeline\Real-time-visual-defect-detection\data\outputs\Experiment 5\coldstart_rd4ad_real_iad_wooden_beads_shot_noise_s3,rd4ad,wooden_beads,Tesla T4,shot_noise,3,0.6988216400529026,0.8922901818119552,0.9546702788919998,0.1533561726604686,0.2588808959425468,53.392171684602005,1779859237500030600,2589
coldstart_rd4ad_real_iad_woodstick_gaussian_noise_s1,C:\Users\Usuario\Desktop\Thesis\Pipeline\Real-time-visual-defect-detection\data\outputs\Experiment 5\coldstart_rd4ad_real_iad_woodstick_gaussian_noise_s1,rd4ad,woodstick,Tesla T4,gaussian_noise,1,0.7212364336972004,0.8384313142413299,0.999,0.119203234144616,0.1973856058775062,66.3697707837894,1779859235011433400,2575
coldstart_rd4ad_real_iad_woodstick_gaussian_noise_s2,C:\Users\Usuario\Desktop\Thesis\Pipeline\Real-time-visual-defect-detection\data\outputs\Experiment 5\coldstart_rd4ad_real_iad_woodstick_gaussian_noise_s2,rd4ad,woodstick,Tesla T4,gaussian_noise,2,0.7042007879956368,0.8432955313104719,0.999,0.0934081704258544,0.1611482267314475,66.14250600860608,1779859235037308700,2579
coldstart_rd4ad_real_iad_woodstick_gaussian_noise_s3,C:\Users\Usuario\Desktop\Thesis\Pipeline\Real-time-visual-defect-detection\data\outputs\Experiment 5\coldstart_rd4ad_real_iad_woodstick_gaussian_noise_s3,rd4ad,woodstick,Tesla T4,gaussian_noise,3,0.7067143906488289,0.832573062836152,0.999,0.0759323110824138,0.1370732209794801,66.6231854237172,1779859235052632100,2576
coldstart_rd4ad_real_iad_woodstick_motion_blur_s1,C:\Users\Usuario\Desktop\Thesis\Pipeline\Real-time-visual-defect-detection\data\outputs\Experiment 5\coldstart_rd4ad_real_iad_woodstick_motion_blur_s1,rd4ad,woodstick,Tesla T4,motion_blur,1,0.7576260248481316,0.8697924683829165,0.999,0.0493211489201067,0.0926439019108845,83.34967735038381,1779859236343292100,2550
coldstart_rd4ad_real_iad_woodstick_motion_blur_s2,C:\Users\Usuario\Desktop\Thesis\Pipeline\Real-time-visual-defect-detection\data\outputs\Experiment 5\coldstart_rd4ad_real_iad_woodstick_motion_blur_s2,rd4ad,woodstick,Tesla T4,motion_blur,2,0.7415219847662267,0.8621110566781403,0.999,0.049650060665335,0.0945464851273782,86.472091945212,1779859236353462900,2548
coldstart_rd4ad_real_iad_woodstick_motion_blur_s3,C:\Users\Usuario\Desktop\Thesis\Pipeline\Real-time-visual-defect-detection\data\outputs\Experiment 5\coldstart_rd4ad_real_iad_woodstick_motion_blur_s3,rd4ad,woodstick,Tesla T4,motion_blur,3,0.7427419147229753,0.8536129127390409,0.999,0.0344822391818826,0.0692472416709229,84.31836325287082,1779859236363008400,2571
coldstart_rd4ad_real_iad_woodstick_shot_noise_s1,C:\Users\Usuario\Desktop\Thesis\Pipeline\Real-time-visual-defect-detection\data\outputs\Experiment 5\coldstart_rd4ad_real_iad_woodstick_shot_noise_s1,rd4ad,woodstick,Tesla T4,shot_noise,1,0.6912253116165832,0.8430017368545009,0.999,0.0540394847116396,0.1005313705437038,54.93319525817634,1779859237509052100,2556
coldstart_rd4ad_real_iad_woodstick_shot_noise_s2,C:\Users\Usuario\Desktop\Thesis\Pipeline\Real-time-visual-defect-detection\data\outputs\Experiment 5\coldstart_rd4ad_real_iad_woodstick_shot_noise_s2,rd4ad,woodstick,Tesla T4,shot_noise,2,0.6757510151414193,0.8346728193214219,0.999,0.045989925488463,0.0876570926972144,53.46169056447312,1779859237516414400,2569
coldstart_rd4ad_real_iad_woodstick_shot_noise_s3,C:\Users\Usuario\Desktop\Thesis\Pipeline\Real-time-visual-defect-detection\data\outputs\Experiment 5\coldstart_rd4ad_real_iad_woodstick_shot_noise_s3,rd4ad,woodstick,Tesla T4,shot_noise,3,0.6710947096682176,0.8289277448591237,0.999,0.0296188411535521,0.0583793563477992,53.88306261686933,1779859237550238100,2573
coldstart_rd4ad_real_iad_zipper_gaussian_noise_s1,C:\Users\Usuario\Desktop\Thesis\Pipeline\Real-time-visual-defect-detection\data\outputs\Experiment 5\coldstart_rd4ad_real_iad_zipper_gaussian_noise_s1,rd4ad,zipper,Tesla T4,gaussian_noise,1,0.8888676153266221,0.9436350959272172,0.9979319292316204,0.4801739907006225,0.6440822911200192,65.918463408115,1779859235076445700,2575
coldstart_rd4ad_real_iad_zipper_gaussian_noise_s2,C:\Users\Usuario\Desktop\Thesis\Pipeline\Real-time-visual-defect-detection\data\outputs\Experiment 5\coldstart_rd4ad_real_iad_zipper_gaussian_noise_s2,rd4ad,zipper,Tesla T4,gaussian_noise,2,0.8571255159306679,0.9248972657486152,0.9737737093220916,0.4584267963031874,0.6293444797236544,65.26611645518649,1779859235088616800,2597
coldstart_rd4ad_real_iad_zipper_gaussian_noise_s3,C:\Users\Usuario\Desktop\Thesis\Pipeline\Real-time-visual-defect-detection\data\outputs\Experiment 5\coldstart_rd4ad_real_iad_zipper_gaussian_noise_s3,rd4ad,zipper,Tesla T4,gaussian_noise,3,0.8579453163024601,0.9147563817043022,0.9725308867909864,0.4418139665982896,0.6157493985354552,65.64805348214661,1779859235101030800,2591
coldstart_rd4ad_real_iad_zipper_motion_blur_s1,C:\Users\Usuario\Desktop\Thesis\Pipeline\Real-time-visual-defect-detection\data\outputs\Experiment 5\coldstart_rd4ad_real_iad_zipper_motion_blur_s1,rd4ad,zipper,Tesla T4,motion_blur,1,0.8853885373236687,0.9489295946714728,0.9886879914081363,0.5264665546032872,0.6773030387905997,82.06179576427627,1779859236372708700,2574
coldstart_rd4ad_real_iad_zipper_motion_blur_s2,C:\Users\Usuario\Desktop\Thesis\Pipeline\Real-time-visual-defect-detection\data\outputs\Experiment 5\coldstart_rd4ad_real_iad_zipper_motion_blur_s2,rd4ad,zipper,Tesla T4,motion_blur,2,0.8599477354516346,0.9448031539635536,0.999,0.45274416374044,0.6184839894853784,81.38745038625332,1779859236383456200,2544
coldstart_rd4ad_real_iad_zipper_motion_blur_s3,C:\Users\Usuario\Desktop\Thesis\Pipeline\Real-time-visual-defect-detection\data\outputs\Experiment 5\coldstart_rd4ad_real_iad_zipper_motion_blur_s3,rd4ad,zipper,Tesla T4,motion_blur,3,0.8223031828058702,0.9242975631969506,0.999,0.3780004405152709,0.5399814210556578,81.77182958530175,1779859236396664400,2540
coldstart_rd4ad_real_iad_zipper_shot_noise_s1,C:\Users\Usuario\Desktop\Thesis\Pipeline\Real-time-visual-defect-detection\data\outputs\Experiment 5\coldstart_rd4ad_real_iad_zipper_shot_noise_s1,rd4ad,zipper,Tesla T4,shot_noise,1,0.8823508671997804,0.9462523508061328,0.9816667924120688,0.5095708258809899,0.6786218797090531,52.155925191775054,1779859237560329700,2582
coldstart_rd4ad_real_iad_zipper_shot_noise_s2,C:\Users\Usuario\Desktop\Thesis\Pipeline\Real-time-visual-defect-detection\data\outputs\Experiment 5\coldstart_rd4ad_real_iad_zipper_shot_noise_s2,rd4ad,zipper,Tesla T4,shot_noise,2,0.8538792734019582,0.933918995825156,0.9547496932637052,0.4526388031816907,0.6112026970888784,52.00794382408967,1779859237567536300,2585
coldstart_rd4ad_real_iad_zipper_shot_noise_s3,C:\Users\Usuario\Desktop\Thesis\Pipeline\Real-time-visual-defect-detection\data\outputs\Experiment 5\coldstart_rd4ad_real_iad_zipper_shot_noise_s3,rd4ad,zipper,Tesla T4,shot_noise,3,0.843892661227245,0.9169121203939484,0.999,0.4009178185074833,0.5669571300604451,51.871762181483874,1779859237577649000,2543
coldstart_stfpm_real_iad_audiojack_gaussian_noise_s1,C:\Users\Usuario\Desktop\Thesis\Pipeline\Real-time-visual-defect-detection\data\outputs\Experiment 5\coldstart_stfpm_real_iad_audiojack_gaussian_noise_s1,stfpm,audiojack,Tesla T4,gaussian_noise,1,0.5945821348753771,0.7823695218424487,0.8125,0.0502901353965183,0.0947176684881602,14.625327366198867,1779435935124221100,2556
coldstart_stfpm_real_iad_audiojack_gaussian_noise_s2,C:\Users\Usuario\Desktop\Thesis\Pipeline\Real-time-visual-defect-detection\data\outputs\Experiment 5\coldstart_stfpm_real_iad_audiojack_gaussian_noise_s2,stfpm,audiojack,Tesla T4,gaussian_noise,2,0.6220422725769434,0.7999202651587015,0.8571428571428571,0.04642166344294,0.0880733944954128,14.659103371836158,1779435964444707800,2565
coldstart_stfpm_real_iad_audiojack_gaussian_noise_s3,C:\Users\Usuario\Desktop\Thesis\Pipeline\Real-time-visual-defect-detection\data\outputs\Experiment 5\coldstart_stfpm_real_iad_audiojack_gaussian_noise_s3,stfpm,audiojack,Tesla T4,gaussian_noise,3,0.6310119160962508,0.8063355080143645,0.8125,0.0502901353965183,0.0947176684881602,14.634694607035197,1779435962021298900,2554
coldstart_stfpm_real_iad_audiojack_motion_blur_s1,C:\Users\Usuario\Desktop\Thesis\Pipeline\Real-time-visual-defect-detection\data\outputs\Experiment 5\coldstart_stfpm_real_iad_audiojack_motion_blur_s1,stfpm,audiojack,Tesla T4,motion_blur,1,0.6507852196309919,0.814609229301122,0.8666666666666667,0.0754352030947775,0.1387900355871886,14.578646238028709,1779435963965321100,2573
coldstart_stfpm_real_iad_audiojack_motion_blur_s2,C:\Users\Usuario\Desktop\Thesis\Pipeline\Real-time-visual-defect-detection\data\outputs\Experiment 5\coldstart_stfpm_real_iad_audiojack_motion_blur_s2,stfpm,audiojack,Tesla T4,motion_blur,2,0.6737054148585402,0.8209518618681503,0.8484848484848485,0.2166344294003868,0.3451463790446841,14.543970966198536,1779435942018610900,2578
coldstart_stfpm_real_iad_audiojack_motion_blur_s3,C:\Users\Usuario\Desktop\Thesis\Pipeline\Real-time-visual-defect-detection\data\outputs\Experiment 5\coldstart_stfpm_real_iad_audiojack_motion_blur_s3,stfpm,audiojack,Tesla T4,motion_blur,3,0.6453332798829436,0.800781894479443,0.8015873015873016,0.195357833655706,0.3141524105754277,14.512292804226304,1779435935565414700,2572
coldstart_stfpm_real_iad_audiojack_shot_noise_s1,C:\Users\Usuario\Desktop\Thesis\Pipeline\Real-time-visual-defect-detection\data\outputs\Experiment 5\coldstart_stfpm_real_iad_audiojack_shot_noise_s1,stfpm,audiojack,Tesla T4,shot_noise,1,0.5873663322676662,0.7848464687966614,0.868421052631579,0.0638297872340425,0.1189189189189189,14.621168621239812,1779435964914095800,2574
coldstart_stfpm_real_iad_audiojack_shot_noise_s2,C:\Users\Usuario\Desktop\Thesis\Pipeline\Real-time-visual-defect-detection\data\outputs\Experiment 5\coldstart_stfpm_real_iad_audiojack_shot_noise_s2,stfpm,audiojack,Tesla T4,shot_noise,2,0.5976288070875218,0.793172870393696,1.0,0.011605415860735,0.022944550669216,14.61478049716622,1779435964764390500,2556
coldstart_stfpm_real_iad_audiojack_shot_noise_s3,C:\Users\Usuario\Desktop\Thesis\Pipeline\Real-time-visual-defect-detection\data\outputs\Experiment 5\coldstart_stfpm_real_iad_audiojack_shot_noise_s3,stfpm,audiojack,Tesla T4,shot_noise,3,0.6202282999769495,0.7911701727359479,0.8333333333333334,0.0386847195357833,0.0739371534195933,14.650352792923002,1779435964044128000,2574
coldstart_stfpm_real_iad_bottle_cap_gaussian_noise_s1,C:\Users\Usuario\Desktop\Thesis\Pipeline\Real-time-visual-defect-detection\data\outputs\Experiment 5\coldstart_stfpm_real_iad_bottle_cap_gaussian_noise_s1,stfpm,bottle_cap,Tesla T4,gaussian_noise,1,0.6740154109589042,0.816826796689545,1.0,0.0039138943248532,0.0077972709551656,14.634894301559903,1779435969308188900,2568
coldstart_stfpm_real_iad_bottle_cap_gaussian_noise_s2,C:\Users\Usuario\Desktop\Thesis\Pipeline\Real-time-visual-defect-detection\data\outputs\Experiment 5\coldstart_stfpm_real_iad_bottle_cap_gaussian_noise_s2,stfpm,bottle_cap,Tesla T4,gaussian_noise,2,0.6850334311806915,0.8238394252754611,1.0,0.0117416829745596,0.02321083172147,14.65623562590046,1779435968683442200,2571
coldstart_stfpm_real_iad_bottle_cap_gaussian_noise_s3,C:\Users\Usuario\Desktop\Thesis\Pipeline\Real-time-visual-defect-detection\data\outputs\Experiment 5\coldstart_stfpm_real_iad_bottle_cap_gaussian_noise_s3,stfpm,bottle_cap,Tesla T4,gaussian_noise,3,0.687866927592955,0.8240781604073938,1.0,0.009784735812133,0.0193798449612403,14.644064439552666,1779435961898773300,2563
coldstart_stfpm_real_iad_bottle_cap_motion_blur_s1,C:\Users\Usuario\Desktop\Thesis\Pipeline\Real-time-visual-defect-detection\data\outputs\Experiment 5\coldstart_stfpm_real_iad_bottle_cap_motion_blur_s1,stfpm,bottle_cap,Tesla T4,motion_blur,1,0.6643937540769733,0.8257570181340858,0.9230769230769232,0.0234833659491193,0.0458015267175572,14.544637162163916,1779435940661350000,2579
coldstart_stfpm_real_iad_bottle_cap_motion_blur_s2,C:\Users\Usuario\Desktop\Thesis\Pipeline\Real-time-visual-defect-detection\data\outputs\Experiment 5\coldstart_stfpm_real_iad_bottle_cap_motion_blur_s2,stfpm,bottle_cap,Tesla T4,motion_blur,2,0.6780108447488584,0.825470472573381,0.9166666666666666,0.0215264187866927,0.0420650095602294,14.537462768139395,1779435939037988700,2579
coldstart_stfpm_real_iad_bottle_cap_motion_blur_s3,C:\Users\Usuario\Desktop\Thesis\Pipeline\Real-time-visual-defect-detection\data\outputs\Experiment 5\coldstart_stfpm_real_iad_bottle_cap_motion_blur_s3,stfpm,bottle_cap,Tesla T4,motion_blur,3,0.699792074363992,0.8378332537715666,0.9333333333333332,0.0273972602739726,0.053231939163498,14.597897995731811,1779435935444823300,2579
coldstart_stfpm_real_iad_bottle_cap_shot_noise_s1,C:\Users\Usuario\Desktop\Thesis\Pipeline\Real-time-visual-defect-detection\data\outputs\Experiment 5\coldstart_stfpm_real_iad_bottle_cap_shot_noise_s1,stfpm,bottle_cap,Tesla T4,shot_noise,1,0.624633072407045,0.8035927093988638,1.0,0.0136986301369863,0.027027027027027,14.634762644372149,1779435946384205300,2557
coldstart_stfpm_real_iad_bottle_cap_shot_noise_s2,C:\Users\Usuario\Desktop\Thesis\Pipeline\Real-time-visual-defect-detection\data\outputs\Experiment 5\coldstart_stfpm_real_iad_bottle_cap_shot_noise_s2,stfpm,bottle_cap,Tesla T4,shot_noise,2,0.6151133398564904,0.7868121089970723,1.0,0.0058708414872798,0.0116731517509727,14.593274812169986,1779435944940014300,2559
coldstart_stfpm_real_iad_bottle_cap_shot_noise_s3,C:\Users\Usuario\Desktop\Thesis\Pipeline\Real-time-visual-defect-detection\data\outputs\Experiment 5\coldstart_stfpm_real_iad_bottle_cap_shot_noise_s3,stfpm,bottle_cap,Tesla T4,shot_noise,3,0.5951973255055447,0.7790846230090902,0.8888888888888888,0.0156555772994129,0.0307692307692307,14.642016058404552,1779435968424746000,2574
coldstart_stfpm_real_iad_button_battery_gaussian_noise_s1,C:\Users\Usuario\Desktop\Thesis\Pipeline\Real-time-visual-defect-detection\data\outputs\Experiment 5\coldstart_stfpm_real_iad_button_battery_gaussian_noise_s1,stfpm,button_battery,Tesla T4,gaussian_noise,1,0.455665831668622,0.7238154009120418,0.8,0.0077369439071566,0.0153256704980842,14.624438369994875,1779435962493651100,2578
coldstart_stfpm_real_iad_button_battery_gaussian_noise_s2,C:\Users\Usuario\Desktop\Thesis\Pipeline\Real-time-visual-defect-detection\data\outputs\Experiment 5\coldstart_stfpm_real_iad_button_battery_gaussian_noise_s2,stfpm,button_battery,Tesla T4,gaussian_noise,2,0.4552113390620541,0.7193805367541564,0.6363636363636364,0.0135396518375241,0.0265151515151515,14.561005847088902,1779435950384163600,2595
coldstart_stfpm_real_iad_button_battery_gaussian_noise_s3,C:\Users\Usuario\Desktop\Thesis\Pipeline\Real-time-visual-defect-detection\data\outputs\Experiment 5\coldstart_stfpm_real_iad_button_battery_gaussian_noise_s3,stfpm,button_battery,Tesla T4,gaussian_noise,3,0.4565008297132468,0.7214699992333886,0.6190476190476191,0.0251450676982591,0.0483271375464684,14.615463334313452,1779435940088122800,2595
coldstart_stfpm_real_iad_button_battery_motion_blur_s1,C:\Users\Usuario\Desktop\Thesis\Pipeline\Real-time-visual-defect-detection\data\outputs\Experiment 5\coldstart_stfpm_real_iad_button_battery_motion_blur_s1,stfpm,button_battery,Tesla T4,motion_blur,1,0.4967604189787656,0.7497023379011621,1.0,0.0038684719535783,0.0077071290944123,14.527562535717086,1779435957004410500,2575
coldstart_stfpm_real_iad_button_battery_motion_blur_s2,C:\Users\Usuario\Desktop\Thesis\Pipeline\Real-time-visual-defect-detection\data\outputs\Experiment 5\coldstart_stfpm_real_iad_button_battery_motion_blur_s2,stfpm,button_battery,Tesla T4,motion_blur,2,0.4527380537146843,0.7286460631793585,1.0,0.0038684719535783,0.0077071290944123,14.54857345429413,1779435959742531400,2573
coldstart_stfpm_real_iad_button_battery_motion_blur_s3,C:\Users\Usuario\Desktop\Thesis\Pipeline\Real-time-visual-defect-detection\data\outputs\Experiment 5\coldstart_stfpm_real_iad_button_battery_motion_blur_s3,stfpm,button_battery,Tesla T4,motion_blur,3,0.4508038177378952,0.7233916579009818,0.7692307692307693,0.0193423597678916,0.0377358490566037,14.51516620857579,1779435967970511400,2586
coldstart_stfpm_real_iad_button_battery_shot_noise_s1,C:\Users\Usuario\Desktop\Thesis\Pipeline\Real-time-visual-defect-detection\data\outputs\Experiment 5\coldstart_stfpm_real_iad_button_battery_shot_noise_s1,stfpm,button_battery,Tesla T4,shot_noise,1,0.473465030493283,0.7242972438719901,0.6875,0.0212765957446808,0.0412757973733583,14.641972954258174,1779435944776086400,2559
coldstart_stfpm_real_iad_button_battery_shot_noise_s2,C:\Users\Usuario\Desktop\Thesis\Pipeline\Real-time-visual-defect-detection\data\outputs\Experiment 5\coldstart_stfpm_real_iad_button_battery_shot_noise_s2,stfpm,button_battery,Tesla T4,shot_noise,2,0.4519453340520658,0.7165062817713471,0.6551724137931034,0.0367504835589942,0.0695970695970696,14.628795792866317,1779435945425923600,2584
coldstart_stfpm_real_iad_button_battery_shot_noise_s3,C:\Users\Usuario\Desktop\Thesis\Pipeline\Real-time-visual-defect-detection\data\outputs\Experiment 5\coldstart_stfpm_real_iad_button_battery_shot_noise_s3,stfpm,button_battery,Tesla T4,shot_noise,3,0.4302353848918202,0.7148185292212939,0.7727272727272727,0.0328820116054158,0.0630797773654916,14.58437301714314,1779435955843193200,2585
coldstart_stfpm_real_iad_end_cap_gaussian_noise_s1,C:\Users\Usuario\Desktop\Thesis\Pipeline\Real-time-visual-defect-detection\data\outputs\Experiment 5\coldstart_stfpm_real_iad_end_cap_gaussian_noise_s1,stfpm,end_cap,Tesla T4,gaussian_noise,1,0.6110312764158918,0.810250168643886,0.8,0.0076923076923076,0.0152380952380952,14.60117978345506,1779435959698830400,2558
coldstart_stfpm_real_iad_end_cap_gaussian_noise_s2,C:\Users\Usuario\Desktop\Thesis\Pipeline\Real-time-visual-defect-detection\data\outputs\Experiment 5\coldstart_stfpm_real_iad_end_cap_gaussian_noise_s2,stfpm,end_cap,Tesla T4,gaussian_noise,2,0.6112109044801353,0.811773609209489,0.7857142857142857,0.0211538461538461,0.0411985018726591,14.654680497159152,1779435969387304700,2577
coldstart_stfpm_real_iad_end_cap_gaussian_noise_s3,C:\Users\Usuario\Desktop\Thesis\Pipeline\Real-time-visual-defect-detection\data\outputs\Experiment 5\coldstart_stfpm_real_iad_end_cap_gaussian_noise_s3,stfpm,end_cap,Tesla T4,gaussian_noise,3,0.603381234150465,0.8059885032060767,1.0,0.0057692307692307,0.011472275334608,14.63969387888181,1779435948575545500,2563
coldstart_stfpm_real_iad_end_cap_motion_blur_s1,C:\Users\Usuario\Desktop\Thesis\Pipeline\Real-time-visual-defect-detection\data\outputs\Experiment 5\coldstart_stfpm_real_iad_end_cap_motion_blur_s1,stfpm,end_cap,Tesla T4,motion_blur,1,0.6409974640743871,0.8244910929696689,1.0,0.0038461538461538,0.0076628352490421,14.558702566944088,1779435936877588000,2558
coldstart_stfpm_real_iad_end_cap_motion_blur_s2,C:\Users\Usuario\Desktop\Thesis\Pipeline\Real-time-visual-defect-detection\data\outputs\Experiment 5\coldstart_stfpm_real_iad_end_cap_motion_blur_s2,stfpm,end_cap,Tesla T4,motion_blur,2,0.6803360101437024,0.8500136419406115,1.0,0.0057692307692307,0.011472275334608,14.540419656693686,1779435942784181600,2556
coldstart_stfpm_real_iad_end_cap_motion_blur_s3,C:\Users\Usuario\Desktop\Thesis\Pipeline\Real-time-visual-defect-detection\data\outputs\Experiment 5\coldstart_stfpm_real_iad_end_cap_motion_blur_s3,stfpm,end_cap,Tesla T4,motion_blur,3,0.6871301775147929,0.8488120349623862,1.0,0.0076923076923076,0.015267175572519,14.534299831908704,1779435947371961400,2556
coldstart_stfpm_real_iad_end_cap_shot_noise_s1,C:\Users\Usuario\Desktop\Thesis\Pipeline\Real-time-visual-defect-detection\data\outputs\Experiment 5\coldstart_stfpm_real_iad_end_cap_shot_noise_s1,stfpm,end_cap,Tesla T4,shot_noise,1,0.5957945900253593,0.8114326554169877,0.75,0.0057692307692307,0.0114503816793893,14.63875565246506,1779435953511275300,2555
coldstart_stfpm_real_iad_end_cap_shot_noise_s2,C:\Users\Usuario\Desktop\Thesis\Pipeline\Real-time-visual-defect-detection\data\outputs\Experiment 5\coldstart_stfpm_real_iad_end_cap_shot_noise_s2,stfpm,end_cap,Tesla T4,shot_noise,2,0.5764792899408284,0.7949998972423619,0.8421052631578947,0.0307692307692307,0.059369202226345,14.594901276396763,1779435953562581900,2569
coldstart_stfpm_real_iad_end_cap_shot_noise_s3,C:\Users\Usuario\Desktop\Thesis\Pipeline\Real-time-visual-defect-detection\data\outputs\Experiment 5\coldstart_stfpm_real_iad_end_cap_shot_noise_s3,stfpm,end_cap,Tesla T4,shot_noise,3,0.5910502958579882,0.7907062596836577,0.8431372549019608,0.0826923076923076,0.1506129597197898,14.617562853203076,1779435967684725800,2569
coldstart_stfpm_real_iad_eraser_gaussian_noise_s1,C:\Users\Usuario\Desktop\Thesis\Pipeline\Real-time-visual-defect-detection\data\outputs\Experiment 5\coldstart_stfpm_real_iad_eraser_gaussian_noise_s1,stfpm,eraser,Tesla T4,gaussian_noise,1,0.5999980006397952,0.7960916899401403,0.8723404255319149,0.0786948176583493,0.1443661971830986,14.587145524557274,1779435967386138200,2575
coldstart_stfpm_real_iad_eraser_gaussian_noise_s2,C:\Users\Usuario\Desktop\Thesis\Pipeline\Real-time-visual-defect-detection\data\outputs\Experiment 5\coldstart_stfpm_real_iad_eraser_gaussian_noise_s2,stfpm,eraser,Tesla T4,gaussian_noise,2,0.5872120921305183,0.7827086508837018,1.0,0.0172744721689059,0.0339622641509433,14.639485991572943,1779435968113045200,2559
coldstart_stfpm_real_iad_eraser_gaussian_noise_s3,C:\Users\Usuario\Desktop\Thesis\Pipeline\Real-time-visual-defect-detection\data\outputs\Experiment 5\coldstart_stfpm_real_iad_eraser_gaussian_noise_s3,stfpm,eraser,Tesla T4,gaussian_noise,3,0.5445657389635317,0.7595116169698427,1.0,0.0115163147792706,0.0227703984819734,14.647884141633837,1779435936718175200,2560
coldstart_stfpm_real_iad_eraser_motion_blur_s1,C:\Users\Usuario\Desktop\Thesis\Pipeline\Real-time-visual-defect-detection\data\outputs\Experiment 5\coldstart_stfpm_real_iad_eraser_motion_blur_s1,stfpm,eraser,Tesla T4,motion_blur,1,0.4447376839411389,0.7124808805233964,0.9230769230769232,0.0230326295585412,0.0449438202247191,14.568874984571377,1779435943116364500,2573
coldstart_stfpm_real_iad_eraser_motion_blur_s2,C:\Users\Usuario\Desktop\Thesis\Pipeline\Real-time-visual-defect-detection\data\outputs\Experiment 5\coldstart_stfpm_real_iad_eraser_motion_blur_s2,stfpm,eraser,Tesla T4,motion_blur,2,0.47100927703135,0.7081232506442707,0.6388888888888888,0.0441458733205374,0.0825852782764811,14.642593941095097,1779435964839553500,2571
coldstart_stfpm_real_iad_eraser_motion_blur_s3,C:\Users\Usuario\Desktop\Thesis\Pipeline\Real-time-visual-defect-detection\data\outputs\Experiment 5\coldstart_stfpm_real_iad_eraser_motion_blur_s3,stfpm,eraser,Tesla T4,motion_blur,3,0.4973408509277031,0.7209006553767723,0.75,0.0230326295585412,0.0446927374301676,14.669088161292288,1779435948002616200,2555
coldstart_stfpm_real_iad_eraser_shot_noise_s1,C:\Users\Usuario\Desktop\Thesis\Pipeline\Real-time-visual-defect-detection\data\outputs\Experiment 5\coldstart_stfpm_real_iad_eraser_shot_noise_s1,stfpm,eraser,Tesla T4,shot_noise,1,0.5179242642354447,0.7455579092734475,0.8666666666666667,0.0249520153550863,0.0485074626865671,14.632350985922038,1779435958830441100,2567
coldstart_stfpm_real_iad_eraser_shot_noise_s2,C:\Users\Usuario\Desktop\Thesis\Pipeline\Real-time-visual-defect-detection\data\outputs\Experiment 5\coldstart_stfpm_real_iad_eraser_shot_noise_s2,stfpm,eraser,Tesla T4,shot_noise,2,0.5870021593090211,0.7734582256359662,0.6666666666666666,0.0230326295585412,0.0445269016697588,14.597095162710389,1779435961844486100,2567
coldstart_stfpm_real_iad_eraser_shot_noise_s3,C:\Users\Usuario\Desktop\Thesis\Pipeline\Real-time-visual-defect-detection\data\outputs\Experiment 5\coldstart_stfpm_real_iad_eraser_shot_noise_s3,stfpm,eraser,Tesla T4,shot_noise,3,0.5427763115802943,0.773640182525514,0.0,0.0,0.0,14.619654556856766,1779435962185587500,2517
coldstart_stfpm_real_iad_fire_hood_gaussian_noise_s1,C:\Users\Usuario\Desktop\Thesis\Pipeline\Real-time-visual-defect-detection\data\outputs\Experiment 5\coldstart_stfpm_real_iad_fire_hood_gaussian_noise_s1,stfpm,fire_hood,Tesla T4,gaussian_noise,1,0.683595909342178,0.8684190029931914,0.9596774193548387,0.2361111111111111,0.3789808917197452,14.644555896485524,1779435965222612600,2580
coldstart_stfpm_real_iad_fire_hood_gaussian_noise_s2,C:\Users\Usuario\Desktop\Thesis\Pipeline\Real-time-visual-defect-detection\data\outputs\Experiment 5\coldstart_stfpm_real_iad_fire_hood_gaussian_noise_s2,stfpm,fire_hood,Tesla T4,gaussian_noise,2,0.6804371002132197,0.8671834095319655,0.9882352941176472,0.1666666666666666,0.2852292020373514,14.656577441141737,1779435967449651200,2579
coldstart_stfpm_real_iad_fire_hood_gaussian_noise_s3,C:\Users\Usuario\Desktop\Thesis\Pipeline\Real-time-visual-defect-detection\data\outputs\Experiment 5\coldstart_stfpm_real_iad_fire_hood_gaussian_noise_s3,stfpm,fire_hood,Tesla T4,gaussian_noise,3,0.6919766248124457,0.8732613788415462,0.9777777777777776,0.1746031746031746,0.2962962962962963,14.636568934793427,1779435942611144900,2580
coldstart_stfpm_real_iad_fire_hood_motion_blur_s1,C:\Users\Usuario\Desktop\Thesis\Pipeline\Real-time-visual-defect-detection\data\outputs\Experiment 5\coldstart_stfpm_real_iad_fire_hood_motion_blur_s1,stfpm,fire_hood,Tesla T4,motion_blur,1,0.6267768301350392,0.8470403565777131,1.0,0.1011904761904761,0.1837837837837837,14.564318605663813,1779435969231388700,2561
coldstart_stfpm_real_iad_fire_hood_motion_blur_s2,C:\Users\Usuario\Desktop\Thesis\Pipeline\Real-time-visual-defect-detection\data\outputs\Experiment 5\coldstart_stfpm_real_iad_fire_hood_motion_blur_s2,stfpm,fire_hood,Tesla T4,motion_blur,2,0.6527284213851379,0.8625127135207127,1.0,0.0654761904761904,0.1229050279329609,14.49182692481985,1779435946468792900,2559
coldstart_stfpm_real_iad_fire_hood_motion_blur_s3,C:\Users\Usuario\Desktop\Thesis\Pipeline\Real-time-visual-defect-detection\data\outputs\Experiment 5\coldstart_stfpm_real_iad_fire_hood_motion_blur_s3,stfpm,fire_hood,Tesla T4,motion_blur,3,0.6741096106767748,0.8683902570120212,1.0,0.0773809523809523,0.143646408839779,14.49560700001073,1779435964558035500,2560
coldstart_stfpm_real_iad_fire_hood_shot_noise_s1,C:\Users\Usuario\Desktop\Thesis\Pipeline\Real-time-visual-defect-detection\data\outputs\Experiment 5\coldstart_stfpm_real_iad_fire_hood_shot_noise_s1,stfpm,fire_hood,Tesla T4,shot_noise,1,0.5915955934612651,0.8259612978302984,0.925,0.367063492063492,0.5255681818181818,14.569369551840447,1779435952491957600,2561
coldstart_stfpm_real_iad_fire_hood_shot_noise_s2,C:\Users\Usuario\Desktop\Thesis\Pipeline\Real-time-visual-defect-detection\data\outputs\Experiment 5\coldstart_stfpm_real_iad_fire_hood_shot_noise_s2,stfpm,fire_hood,Tesla T4,shot_noise,2,0.6193634999605149,0.8387170968216153,0.9710144927536232,0.2658730158730158,0.4174454828660436,14.627338120519186,1779435945145919700,2574
coldstart_stfpm_real_iad_fire_hood_shot_noise_s3,C:\Users\Usuario\Desktop\Thesis\Pipeline\Real-time-visual-defect-detection\data\outputs\Experiment 5\coldstart_stfpm_real_iad_fire_hood_shot_noise_s3,stfpm,fire_hood,Tesla T4,shot_noise,3,0.6257995735607675,0.8408181938104375,0.9247311827956988,0.3412698412698413,0.4985507246376811,14.613527990046828,1779435937982086700,2575
coldstart_stfpm_real_iad_mint_gaussian_noise_s1,C:\Users\Usuario\Desktop\Thesis\Pipeline\Real-time-visual-defect-detection\data\outputs\Experiment 5\coldstart_stfpm_real_iad_mint_gaussian_noise_s1,stfpm,mint,Tesla T4,gaussian_noise,1,0.3710656201958087,0.9339281387621308,0.8611111111111112,0.0426409903713892,0.0812581913499344,14.6420027648125,1779435959352560500,2573
coldstart_stfpm_real_iad_mint_gaussian_noise_s2,C:\Users\Usuario\Desktop\Thesis\Pipeline\Real-time-visual-defect-detection\data\outputs\Experiment 5\coldstart_stfpm_real_iad_mint_gaussian_noise_s2,stfpm,mint,Tesla T4,gaussian_noise,2,0.3798041912776114,0.9351596325754752,0.8709677419354839,0.0371389270976616,0.071240105540897,14.674537758219948,1779435969638863900,2574
coldstart_stfpm_real_iad_mint_gaussian_noise_s3,C:\Users\Usuario\Desktop\Thesis\Pipeline\Real-time-visual-defect-detection\data\outputs\Experiment 5\coldstart_stfpm_real_iad_mint_gaussian_noise_s3,stfpm,mint,Tesla T4,gaussian_noise,3,0.3166113763249453,0.9232331145906836,0.7575757575757576,0.0343878954607978,0.0657894736842105,14.60603710907799,1779435958020626300,2572
coldstart_stfpm_real_iad_mint_motion_blur_s1,C:\Users\Usuario\Desktop\Thesis\Pipeline\Real-time-visual-defect-detection\data\outputs\Experiment 5\coldstart_stfpm_real_iad_mint_motion_blur_s1,stfpm,mint,Tesla T4,motion_blur,1,0.4355125819241039,0.9408707078985152,0.8461538461538461,0.030261348005502,0.0584329349269588,14.49203429304406,1779435944901670600,2569
coldstart_stfpm_real_iad_mint_motion_blur_s2,C:\Users\Usuario\Desktop\Thesis\Pipeline\Real-time-visual-defect-detection\data\outputs\Experiment 5\coldstart_stfpm_real_iad_mint_motion_blur_s2,stfpm,mint,Tesla T4,motion_blur,2,0.3536693907274051,0.9298777630432928,0.8620689655172413,0.0343878954607978,0.0661375661375661,14.551613886996169,1779435958636046000,2566
coldstart_stfpm_real_iad_mint_motion_blur_s3,C:\Users\Usuario\Desktop\Thesis\Pipeline\Real-time-visual-defect-detection\data\outputs\Experiment 5\coldstart_stfpm_real_iad_mint_motion_blur_s3,stfpm,mint,Tesla T4,motion_blur,3,0.4304555384739865,0.9424074592868744,1.0,0.0288858321870701,0.0561497326203208,14.534095182644728,1779435949087057600,2553
coldstart_stfpm_real_iad_mint_shot_noise_s1,C:\Users\Usuario\Desktop\Thesis\Pipeline\Real-time-visual-defect-detection\data\outputs\Experiment 5\coldstart_stfpm_real_iad_mint_shot_noise_s1,stfpm,mint,Tesla T4,shot_noise,1,0.3825552229144753,0.933102390855181,0.8571428571428571,0.0412654745529573,0.0787401574803149,14.592727130083247,1779435969165407000,2564
coldstart_stfpm_real_iad_mint_shot_noise_s2,C:\Users\Usuario\Desktop\Thesis\Pipeline\Real-time-visual-defect-detection\data\outputs\Experiment 5\coldstart_stfpm_real_iad_mint_shot_noise_s2,stfpm,mint,Tesla T4,shot_noise,2,0.3923861153815033,0.9356547655920442,0.8666666666666667,0.0536451169188445,0.1010362694300518,14.640977825096648,1779435966611187300,2567
coldstart_stfpm_real_iad_mint_shot_noise_s3,C:\Users\Usuario\Desktop\Thesis\Pipeline\Real-time-visual-defect-detection\data\outputs\Experiment 5\coldstart_stfpm_real_iad_mint_shot_noise_s3,stfpm,mint,Tesla T4,shot_noise,3,0.45387976373493,0.947327941383776,0.8888888888888888,0.0330123796423658,0.0636604774535808,14.618595239135198,1779435954538078200,2567
coldstart_stfpm_real_iad_mounts_gaussian_noise_s1,C:\Users\Usuario\Desktop\Thesis\Pipeline\Real-time-visual-defect-detection\data\outputs\Experiment 5\coldstart_stfpm_real_iad_mounts_gaussian_noise_s1,stfpm,mounts,Tesla T4,gaussian_noise,1,0.5613389845509347,0.7708427171741613,0.9444444444444444,0.0332681017612524,0.0642722117202268,14.654722733814172,1779435953052824500,2574
coldstart_stfpm_real_iad_mounts_gaussian_noise_s2,C:\Users\Usuario\Desktop\Thesis\Pipeline\Real-time-visual-defect-detection\data\outputs\Experiment 5\coldstart_stfpm_real_iad_mounts_gaussian_noise_s2,stfpm,mounts,Tesla T4,gaussian_noise,2,0.5560778451946622,0.7701605790878133,0.9090909090909092,0.0587084148727984,0.1102941176470588,14.68375366615438,1779435969437368600,2574
coldstart_stfpm_real_iad_mounts_gaussian_noise_s3,C:\Users\Usuario\Desktop\Thesis\Pipeline\Real-time-visual-defect-detection\data\outputs\Experiment 5\coldstart_stfpm_real_iad_mounts_gaussian_noise_s3,stfpm,mounts,Tesla T4,gaussian_noise,3,0.5472469982003954,0.7659085173313882,0.925925925925926,0.0489236790606653,0.0929368029739776,14.621983481675402,1779435938313907200,2576
coldstart_stfpm_real_iad_mounts_motion_blur_s1,C:\Users\Usuario\Desktop\Thesis\Pipeline\Real-time-visual-defect-detection\data\outputs\Experiment 5\coldstart_stfpm_real_iad_mounts_motion_blur_s1,stfpm,mounts,Tesla T4,motion_blur,1,0.5707303641495147,0.7701212426927391,0.8125,0.0254403131115459,0.0493358633776091,14.572723795768518,1779435935833740900,2560
coldstart_stfpm_real_iad_mounts_motion_blur_s2,C:\Users\Usuario\Desktop\Thesis\Pipeline\Real-time-visual-defect-detection\data\outputs\Experiment 5\coldstart_stfpm_real_iad_mounts_motion_blur_s2,stfpm,mounts,Tesla T4,motion_blur,2,0.5742853209295007,0.7777827490856923,1.0,0.0019569471624266,0.00390625,14.53717623944036,1779435966746316900,2545
coldstart_stfpm_real_iad_mounts_motion_blur_s3,C:\Users\Usuario\Desktop\Thesis\Pipeline\Real-time-visual-defect-detection\data\outputs\Experiment 5\coldstart_stfpm_real_iad_mounts_motion_blur_s3,stfpm,mounts,Tesla T4,motion_blur,3,0.5639253016550463,0.7794187251580047,0.6666666666666666,0.0039138943248532,0.0077821011673151,14.58889352816058,1779435963086124700,2569
coldstart_stfpm_real_iad_mounts_shot_noise_s1,C:\Users\Usuario\Desktop\Thesis\Pipeline\Real-time-visual-defect-detection\data\outputs\Experiment 5\coldstart_stfpm_real_iad_mounts_shot_noise_s1,stfpm,mounts,Tesla T4,shot_noise,1,0.5376097709683446,0.758814881917357,0.7894736842105263,0.0293542074363992,0.0566037735849056,14.610033809828604,1779435960273694100,2570
coldstart_stfpm_real_iad_mounts_shot_noise_s2,C:\Users\Usuario\Desktop\Thesis\Pipeline\Real-time-visual-defect-detection\data\outputs\Experiment 5\coldstart_stfpm_real_iad_mounts_shot_noise_s2,stfpm,mounts,Tesla T4,shot_noise,2,0.5230654249722192,0.7481247222017251,1.0,0.0078277886497064,0.0155339805825242,14.630190136592995,1779435968194651800,2553
coldstart_stfpm_real_iad_mounts_shot_noise_s3,C:\Users\Usuario\Desktop\Thesis\Pipeline\Real-time-visual-defect-detection\data\outputs\Experiment 5\coldstart_stfpm_real_iad_mounts_shot_noise_s3,stfpm,mounts,Tesla T4,shot_noise,3,0.5374425945775846,0.7407327997873085,0.0,0.0,0.0,14.596580985949323,1779435938953050300,2517
coldstart_stfpm_real_iad_pcb_gaussian_noise_s1,C:\Users\Usuario\Desktop\Thesis\Pipeline\Real-time-visual-defect-detection\data\outputs\Experiment 5\coldstart_stfpm_real_iad_pcb_gaussian_noise_s1,stfpm,pcb,Tesla T4,gaussian_noise,1,0.6378706597310585,0.8023494267696052,0.8253968253968254,0.1021611001964636,0.1818181818181818,14.616396844690758,1779435963137577900,2568
coldstart_stfpm_real_iad_pcb_gaussian_noise_s2,C:\Users\Usuario\Desktop\Thesis\Pipeline\Real-time-visual-defect-detection\data\outputs\Experiment 5\coldstart_stfpm_real_iad_pcb_gaussian_noise_s2,stfpm,pcb,Tesla T4,gaussian_noise,2,0.6343434754725816,0.8038621976820401,0.8166666666666667,0.0962671905697446,0.172231985940246,14.600757613963411,1779435961575439200,2569
coldstart_stfpm_real_iad_pcb_gaussian_noise_s3,C:\Users\Usuario\Desktop\Thesis\Pipeline\Real-time-visual-defect-detection\data\outputs\Experiment 5\coldstart_stfpm_real_iad_pcb_gaussian_noise_s3,stfpm,pcb,Tesla T4,gaussian_noise,3,0.6442888117511731,0.8096823934852961,0.7857142857142857,0.1080550098231827,0.1899827288428324,14.606504606811791,1779435965757825600,2570
coldstart_stfpm_real_iad_pcb_motion_blur_s1,C:\Users\Usuario\Desktop\Thesis\Pipeline\Real-time-visual-defect-detection\data\outputs\Experiment 5\coldstart_stfpm_real_iad_pcb_motion_blur_s1,stfpm,pcb,Tesla T4,motion_blur,1,0.5921597768661502,0.7760734460879412,0.6666666666666666,0.0196463654223968,0.0381679389312977,14.609893356125012,1779435954486027300,2567
coldstart_stfpm_real_iad_pcb_motion_blur_s2,C:\Users\Usuario\Desktop\Thesis\Pipeline\Real-time-visual-defect-detection\data\outputs\Experiment 5\coldstart_stfpm_real_iad_pcb_motion_blur_s2,stfpm,pcb,Tesla T4,motion_blur,2,0.5789162942679438,0.7770048187180274,0.8333333333333334,0.0098231827111984,0.0194174757281553,14.548168940173596,1779435962533440700,2563
coldstart_stfpm_real_iad_pcb_motion_blur_s3,C:\Users\Usuario\Desktop\Thesis\Pipeline\Real-time-visual-defect-detection\data\outputs\Experiment 5\coldstart_stfpm_real_iad_pcb_motion_blur_s3,stfpm,pcb,Tesla T4,motion_blur,3,0.5662225027230066,0.7775131807741901,1.0,0.0078585461689587,0.0155945419103313,14.53150859259965,1779435962964002900,2548
coldstart_stfpm_real_iad_pcb_shot_noise_s1,C:\Users\Usuario\Desktop\Thesis\Pipeline\Real-time-visual-defect-detection\data\outputs\Experiment 5\coldstart_stfpm_real_iad_pcb_shot_noise_s1,stfpm,pcb,Tesla T4,shot_noise,1,0.6360638048800349,0.81103237943707,0.875,0.0825147347740668,0.1508078994614003,14.558953129671034,1779435968066020900,2544
coldstart_stfpm_real_iad_pcb_shot_noise_s2,C:\Users\Usuario\Desktop\Thesis\Pipeline\Real-time-visual-defect-detection\data\outputs\Experiment 5\coldstart_stfpm_real_iad_pcb_shot_noise_s2,stfpm,pcb,Tesla T4,shot_noise,2,0.5928112625589137,0.793154778479173,0.8214285714285714,0.0903732809430255,0.1628318584070796,14.532597310585452,1779435940149046300,2561
coldstart_stfpm_real_iad_pcb_shot_noise_s3,C:\Users\Usuario\Desktop\Thesis\Pipeline\Real-time-visual-defect-detection\data\outputs\Experiment 5\coldstart_stfpm_real_iad_pcb_shot_noise_s3,stfpm,pcb,Tesla T4,shot_noise,3,0.6007716033673667,0.8008590336127741,0.9583333333333334,0.0451866404715127,0.0863039399624765,14.64920030058598,1779435937653351500,2562
coldstart_stfpm_real_iad_phone_battery_gaussian_noise_s1,C:\Users\Usuario\Desktop\Thesis\Pipeline\Real-time-visual-defect-detection\data\outputs\Experiment 5\coldstart_stfpm_real_iad_phone_battery_gaussian_noise_s1,stfpm,phone_battery,Tesla T4,gaussian_noise,1,0.1677817589920834,0.5967059934505147,0.8333333333333334,0.0096711798839458,0.0191204588910133,14.674567554266105,1779435967056554400,2588
coldstart_stfpm_real_iad_phone_battery_gaussian_noise_s2,C:\Users\Usuario\Desktop\Thesis\Pipeline\Real-time-visual-defect-detection\data\outputs\Experiment 5\coldstart_stfpm_real_iad_phone_battery_gaussian_noise_s2,stfpm,phone_battery,Tesla T4,gaussian_noise,2,0.174461743349082,0.6001690407184295,0.75,0.0058027079303675,0.0115163147792706,14.682179392818528,1779435969559432900,2579
coldstart_stfpm_real_iad_phone_battery_gaussian_noise_s3,C:\Users\Usuario\Desktop\Thesis\Pipeline\Real-time-visual-defect-detection\data\outputs\Experiment 5\coldstart_stfpm_real_iad_phone_battery_gaussian_noise_s3,stfpm,phone_battery,Tesla T4,gaussian_noise,3,0.1797042627178657,0.6036019577331012,0.6666666666666666,0.0077369439071566,0.0152963671128107,14.649734124323004,1779435966424169900,2592
coldstart_stfpm_real_iad_phone_battery_motion_blur_s1,C:\Users\Usuario\Desktop\Thesis\Pipeline\Real-time-visual-defect-detection\data\outputs\Experiment 5\coldstart_stfpm_real_iad_phone_battery_motion_blur_s1,stfpm,phone_battery,Tesla T4,motion_blur,1,0.1743666169895678,0.5965088608476349,1.0,0.0077369439071566,0.0153550863723608,14.555630912867466,1779435961976952600,2570
coldstart_stfpm_real_iad_phone_battery_motion_blur_s2,C:\Users\Usuario\Desktop\Thesis\Pipeline\Real-time-visual-defect-detection\data\outputs\Experiment 5\coldstart_stfpm_real_iad_phone_battery_motion_blur_s2,stfpm,phone_battery,Tesla T4,motion_blur,2,0.1821352696832292,0.6050298032353767,1.0,0.0077369439071566,0.0153550863723608,14.50736890855751,1779435943653174800,2569
coldstart_stfpm_real_iad_phone_battery_motion_blur_s3,C:\Users\Usuario\Desktop\Thesis\Pipeline\Real-time-visual-defect-detection\data\outputs\Experiment 5\coldstart_stfpm_real_iad_phone_battery_motion_blur_s3,stfpm,phone_battery,Tesla T4,motion_blur,3,0.205324962213696,0.6215610094073267,1.0,0.0096711798839458,0.0191570881226053,14.504616248573909,1779435937828226200,2573
coldstart_stfpm_real_iad_phone_battery_shot_noise_s1,C:\Users\Usuario\Desktop\Thesis\Pipeline\Real-time-visual-defect-detection\data\outputs\Experiment 5\coldstart_stfpm_real_iad_phone_battery_shot_noise_s1,stfpm,phone_battery,Tesla T4,shot_noise,1,0.1894282905793195,0.5962800690804779,0.75,0.0058027079303675,0.0115163147792706,14.67770962715024,1779435954701781500,2568
coldstart_stfpm_real_iad_phone_battery_shot_noise_s2,C:\Users\Usuario\Desktop\Thesis\Pipeline\Real-time-visual-defect-detection\data\outputs\Experiment 5\coldstart_stfpm_real_iad_phone_battery_shot_noise_s2,stfpm,phone_battery,Tesla T4,shot_noise,2,0.2070055278984473,0.6071425038745975,1.0,0.0058027079303675,0.0115384615384615,14.697900004196397,1779435963343652400,2569
coldstart_stfpm_real_iad_phone_battery_shot_noise_s3,C:\Users\Usuario\Desktop\Thesis\Pipeline\Real-time-visual-defect-detection\data\outputs\Experiment 5\coldstart_stfpm_real_iad_phone_battery_shot_noise_s3,stfpm,phone_battery,Tesla T4,shot_noise,3,0.2331124287873503,0.6110151931774319,0.25,0.0019342359767891,0.0038387715930902,14.777159061434627,1779435946980083000,2572
coldstart_stfpm_real_iad_plastic_nut_gaussian_noise_s1,C:\Users\Usuario\Desktop\Thesis\Pipeline\Real-time-visual-defect-detection\data\outputs\Experiment 5\coldstart_stfpm_real_iad_plastic_nut_gaussian_noise_s1,stfpm,plastic_nut,Tesla T4,gaussian_noise,1,0.4286336633663366,0.7063942647653243,0.8,0.112,0.1964912280701754,14.687909568401198,1779435933526445300,2555
coldstart_stfpm_real_iad_plastic_nut_gaussian_noise_s2,C:\Users\Usuario\Desktop\Thesis\Pipeline\Real-time-visual-defect-detection\data\outputs\Experiment 5\coldstart_stfpm_real_iad_plastic_nut_gaussian_noise_s2,stfpm,plastic_nut,Tesla T4,gaussian_noise,2,0.4069702970297029,0.698834782129462,0.8285714285714286,0.116,0.2035087719298245,14.690762858981932,1779435963841295000,2573
coldstart_stfpm_real_iad_plastic_nut_gaussian_noise_s3,C:\Users\Usuario\Desktop\Thesis\Pipeline\Real-time-visual-defect-detection\data\outputs\Experiment 5\coldstart_stfpm_real_iad_plastic_nut_gaussian_noise_s3,stfpm,plastic_nut,Tesla T4,gaussian_noise,3,0.4507524752475247,0.7154203864691229,0.7901234567901234,0.128,0.2203098106712564,14.659102616795986,1779435950641348700,2573
coldstart_stfpm_real_iad_plastic_nut_motion_blur_s1,C:\Users\Usuario\Desktop\Thesis\Pipeline\Real-time-visual-defect-detection\data\outputs\Experiment 5\coldstart_stfpm_real_iad_plastic_nut_motion_blur_s1,stfpm,plastic_nut,Tesla T4,motion_blur,1,0.4952871287128713,0.7353213126609289,0.8125,0.13,0.2241379310344827,14.556425410244064,1779435951599155400,2551
coldstart_stfpm_real_iad_plastic_nut_motion_blur_s2,C:\Users\Usuario\Desktop\Thesis\Pipeline\Real-time-visual-defect-detection\data\outputs\Experiment 5\coldstart_stfpm_real_iad_plastic_nut_motion_blur_s2,stfpm,plastic_nut,Tesla T4,motion_blur,2,0.3873465346534653,0.693412695257641,0.8392857142857143,0.094,0.1690647482014388,14.52792225639682,1779435944821774500,2566
coldstart_stfpm_real_iad_plastic_nut_motion_blur_s3,C:\Users\Usuario\Desktop\Thesis\Pipeline\Real-time-visual-defect-detection\data\outputs\Experiment 5\coldstart_stfpm_real_iad_plastic_nut_motion_blur_s3,stfpm,plastic_nut,Tesla T4,motion_blur,3,0.33709900990099,0.6562882718442415,0.9523809523809524,0.04,0.0767754318618042,14.572292706563733,1779435962924889700,2565
coldstart_stfpm_real_iad_plastic_nut_shot_noise_s1,C:\Users\Usuario\Desktop\Thesis\Pipeline\Real-time-visual-defect-detection\data\outputs\Experiment 5\coldstart_stfpm_real_iad_plastic_nut_shot_noise_s1,stfpm,plastic_nut,Tesla T4,shot_noise,1,0.4426930693069307,0.7122286042804712,0.6972477064220184,0.152,0.2495894909688013,14.755850044168302,1779435957110810800,2564
coldstart_stfpm_real_iad_plastic_nut_shot_noise_s2,C:\Users\Usuario\Desktop\Thesis\Pipeline\Real-time-visual-defect-detection\data\outputs\Experiment 5\coldstart_stfpm_real_iad_plastic_nut_shot_noise_s2,stfpm,plastic_nut,Tesla T4,shot_noise,2,0.4386534653465347,0.7172777359861204,0.8545454545454545,0.094,0.1693693693693693,14.762552433084291,1779435948383025700,2565
coldstart_stfpm_real_iad_plastic_nut_shot_noise_s3,C:\Users\Usuario\Desktop\Thesis\Pipeline\Real-time-visual-defect-detection\data\outputs\Experiment 5\coldstart_stfpm_real_iad_plastic_nut_shot_noise_s3,stfpm,plastic_nut,Tesla T4,shot_noise,3,0.4922079207920792,0.7376885379222917,0.9166666666666666,0.044,0.0839694656488549,14.711889656630586,1779435945068593700,2564
coldstart_stfpm_real_iad_plastic_plug_gaussian_noise_s1,C:\Users\Usuario\Desktop\Thesis\Pipeline\Real-time-visual-defect-detection\data\outputs\Experiment 5\coldstart_stfpm_real_iad_plastic_plug_gaussian_noise_s1,stfpm,plastic_plug,Tesla T4,gaussian_noise,1,0.7313176990219793,0.8524698674268023,0.6666666666666666,0.0038910505836575,0.0077369439071566,14.650961580849255,1779435948333322500,2590
coldstart_stfpm_real_iad_plastic_plug_gaussian_noise_s2,C:\Users\Usuario\Desktop\Thesis\Pipeline\Real-time-visual-defect-detection\data\outputs\Experiment 5\coldstart_stfpm_real_iad_plastic_plug_gaussian_noise_s2,stfpm,plastic_plug,Tesla T4,gaussian_noise,2,0.708760121989694,0.85238932615506,0.75,0.0058365758754863,0.0115830115830115,14.62786454653132,1779435960218794000,2569
coldstart_stfpm_real_iad_plastic_plug_gaussian_noise_s3,C:\Users\Usuario\Desktop\Thesis\Pipeline\Real-time-visual-defect-detection\data\outputs\Experiment 5\coldstart_stfpm_real_iad_plastic_plug_gaussian_noise_s3,stfpm,plastic_plug,Tesla T4,gaussian_noise,3,0.6805237143758545,0.8480098444214632,0.75,0.0058365758754863,0.0115830115830115,14.657530258955637,1779435969079776400,2574
coldstart_stfpm_real_iad_plastic_plug_motion_blur_s1,C:\Users\Usuario\Desktop\Thesis\Pipeline\Real-time-visual-defect-detection\data\outputs\Experiment 5\coldstart_stfpm_real_iad_plastic_plug_motion_blur_s1,stfpm,plastic_plug,Tesla T4,motion_blur,1,0.7862025449574088,0.8926309271001318,0.9285714285714286,0.0252918287937743,0.0492424242424242,14.534403535043916,1779435966509102000,2577
coldstart_stfpm_real_iad_plastic_plug_motion_blur_s2,C:\Users\Usuario\Desktop\Thesis\Pipeline\Real-time-visual-defect-detection\data\outputs\Experiment 5\coldstart_stfpm_real_iad_plastic_plug_motion_blur_s2,stfpm,plastic_plug,Tesla T4,motion_blur,2,0.7903670207172153,0.8960880037246644,0.967741935483871,0.0583657587548638,0.110091743119266,14.538768349072528,1779435953656737400,2580
coldstart_stfpm_real_iad_plastic_plug_motion_blur_s3,C:\Users\Usuario\Desktop\Thesis\Pipeline\Real-time-visual-defect-detection\data\outputs\Experiment 5\coldstart_stfpm_real_iad_plastic_plug_motion_blur_s3,stfpm,plastic_plug,Tesla T4,motion_blur,3,0.7745083605005785,0.8925241386955254,1.0,0.0525291828793774,0.099815157116451,14.533189247503286,1779435963396599900,2565
coldstart_stfpm_real_iad_plastic_plug_shot_noise_s1,C:\Users\Usuario\Desktop\Thesis\Pipeline\Real-time-visual-defect-detection\data\outputs\Experiment 5\coldstart_stfpm_real_iad_plastic_plug_shot_noise_s1,stfpm,plastic_plug,Tesla T4,shot_noise,1,0.7613418866337154,0.8731112761739462,0.8333333333333334,0.0097276264591439,0.0192307692307692,14.65319163524455,1779435955609779700,2580
coldstart_stfpm_real_iad_plastic_plug_shot_noise_s2,C:\Users\Usuario\Desktop\Thesis\Pipeline\Real-time-visual-defect-detection\data\outputs\Experiment 5\coldstart_stfpm_real_iad_plastic_plug_shot_noise_s2,stfpm,plastic_plug,Tesla T4,shot_noise,2,0.7241560626774635,0.86302787167634,0.85,0.0330739299610894,0.0636704119850187,14.63349698289119,1779435940727345500,2564
coldstart_stfpm_real_iad_plastic_plug_shot_noise_s3,C:\Users\Usuario\Desktop\Thesis\Pipeline\Real-time-visual-defect-detection\data\outputs\Experiment 5\coldstart_stfpm_real_iad_plastic_plug_shot_noise_s3,stfpm,plastic_plug,Tesla T4,shot_noise,3,0.6574823851088442,0.840179744976514,1.0,0.0116731517509727,0.023076923076923,14.657806882586296,1779435939555892000,2561
coldstart_stfpm_real_iad_porcelain_doll_gaussian_noise_s1,C:\Users\Usuario\Desktop\Thesis\Pipeline\Real-time-visual-defect-detection\data\outputs\Experiment 5\coldstart_stfpm_real_iad_porcelain_doll_gaussian_noise_s1,stfpm,porcelain_doll,Tesla T4,gaussian_noise,1,0.3766898140808151,0.6998885220557657,0.85,0.0328820116054158,0.0633147113594041,14.659574628541511,1779435938242690200,2578
coldstart_stfpm_real_iad_porcelain_doll_gaussian_noise_s2,C:\Users\Usuario\Desktop\Thesis\Pipeline\Real-time-visual-defect-detection\data\outputs\Experiment 5\coldstart_stfpm_real_iad_porcelain_doll_gaussian_noise_s2,stfpm,porcelain_doll,Tesla T4,gaussian_noise,2,0.4154590903806111,0.7069355075088282,0.8148148148148148,0.0425531914893617,0.0808823529411764,14.613924098539428,1779435957442647200,2592
coldstart_stfpm_real_iad_porcelain_doll_gaussian_noise_s3,C:\Users\Usuario\Desktop\Thesis\Pipeline\Real-time-visual-defect-detection\data\outputs\Experiment 5\coldstart_stfpm_real_iad_porcelain_doll_gaussian_noise_s3,stfpm,porcelain_doll,Tesla T4,gaussian_noise,3,0.4365348638107619,0.711306394663342,0.7435897435897436,0.0560928433268858,0.1043165467625899,14.6531753828536,1779435937783591900,2592
coldstart_stfpm_real_iad_porcelain_doll_motion_blur_s1,C:\Users\Usuario\Desktop\Thesis\Pipeline\Real-time-visual-defect-detection\data\outputs\Experiment 5\coldstart_stfpm_real_iad_porcelain_doll_motion_blur_s1,stfpm,porcelain_doll,Tesla T4,motion_blur,1,0.3427297037342381,0.7018815450796811,0.8823529411764706,0.0290135396518375,0.0561797752808988,14.519331098571069,1779435956216484200,2574
coldstart_stfpm_real_iad_porcelain_doll_motion_blur_s2,C:\Users\Usuario\Desktop\Thesis\Pipeline\Real-time-visual-defect-detection\data\outputs\Experiment 5\coldstart_stfpm_real_iad_porcelain_doll_motion_blur_s2,stfpm,porcelain_doll,Tesla T4,motion_blur,2,0.3353732652651383,0.6943347799643065,0.88,0.0425531914893617,0.081180811808118,14.543694381427484,1779435949037397200,2573
coldstart_stfpm_real_iad_porcelain_doll_motion_blur_s3,C:\Users\Usuario\Desktop\Thesis\Pipeline\Real-time-visual-defect-detection\data\outputs\Experiment 5\coldstart_stfpm_real_iad_porcelain_doll_motion_blur_s3,stfpm,porcelain_doll,Tesla T4,motion_blur,3,0.3393368635782309,0.6912158377764555,0.8461538461538461,0.0425531914893617,0.0810313075506445,14.543596620000503,1779435959585831900,2586
coldstart_stfpm_real_iad_porcelain_doll_shot_noise_s1,C:\Users\Usuario\Desktop\Thesis\Pipeline\Real-time-visual-defect-detection\data\outputs\Experiment 5\coldstart_stfpm_real_iad_porcelain_doll_shot_noise_s1,stfpm,porcelain_doll,Tesla T4,shot_noise,1,0.3686252127131094,0.7041190460893083,0.9166666666666666,0.0212765957446808,0.0415879017013232,14.637825490099203,1779435944304124900,2588
coldstart_stfpm_real_iad_porcelain_doll_shot_noise_s2,C:\Users\Usuario\Desktop\Thesis\Pipeline\Real-time-visual-defect-detection\data\outputs\Experiment 5\coldstart_stfpm_real_iad_porcelain_doll_shot_noise_s2,stfpm,porcelain_doll,Tesla T4,shot_noise,2,0.3910538943674625,0.7089381475858095,1.0,0.0096711798839458,0.0191570881226053,14.678500928681128,1779435964669186500,2572
coldstart_stfpm_real_iad_porcelain_doll_shot_noise_s3,C:\Users\Usuario\Desktop\Thesis\Pipeline\Real-time-visual-defect-detection\data\outputs\Experiment 5\coldstart_stfpm_real_iad_porcelain_doll_shot_noise_s3,stfpm,porcelain_doll,Tesla T4,shot_noise,3,0.4402236526408134,0.7239212557802022,0.8333333333333334,0.0386847195357833,0.0739371534195933,14.664140222765647,1779435941110749400,2585
coldstart_stfpm_real_iad_regulator_gaussian_noise_s1,C:\Users\Usuario\Desktop\Thesis\Pipeline\Real-time-visual-defect-detection\data\outputs\Experiment 5\coldstart_stfpm_real_iad_regulator_gaussian_noise_s1,stfpm,regulator,Tesla T4,gaussian_noise,1,0.5523433569410581,0.7586192284834167,0.5714285714285714,0.0076628352490421,0.0151228733459357,14.64392087910811,1779435940280520600,2579
coldstart_stfpm_real_iad_regulator_gaussian_noise_s2,C:\Users\Usuario\Desktop\Thesis\Pipeline\Real-time-visual-defect-detection\data\outputs\Experiment 5\coldstart_stfpm_real_iad_regulator_gaussian_noise_s2,stfpm,regulator,Tesla T4,gaussian_noise,2,0.5438581214443283,0.7585296318707986,0.5,0.003831417624521,0.0076045627376425,14.572253604155271,1779435962256133800,2553
coldstart_stfpm_real_iad_regulator_gaussian_noise_s3,C:\Users\Usuario\Desktop\Thesis\Pipeline\Real-time-visual-defect-detection\data\outputs\Experiment 5\coldstart_stfpm_real_iad_regulator_gaussian_noise_s3,stfpm,regulator,Tesla T4,gaussian_noise,3,0.5409555323348426,0.74612989618611,0.6428571428571429,0.0172413793103448,0.0335820895522388,14.621687506999276,1779435935954331500,2580
coldstart_stfpm_real_iad_regulator_motion_blur_s1,C:\Users\Usuario\Desktop\Thesis\Pipeline\Real-time-visual-defect-detection\data\outputs\Experiment 5\coldstart_stfpm_real_iad_regulator_motion_blur_s1,stfpm,regulator,Tesla T4,motion_blur,1,0.5501470645148806,0.7721310831459306,1.0,0.0095785440613026,0.0189753320683111,14.55417658890244,1779435962388895000,2557
coldstart_stfpm_real_iad_regulator_motion_blur_s2,C:\Users\Usuario\Desktop\Thesis\Pipeline\Real-time-visual-defect-detection\data\outputs\Experiment 5\coldstart_stfpm_real_iad_regulator_motion_blur_s2,stfpm,regulator,Tesla T4,motion_blur,2,0.5493343395642246,0.7660931377866578,0.8333333333333334,0.0191570881226053,0.0374531835205992,14.536749008338903,1779435956113102500,2576
coldstart_stfpm_real_iad_regulator_motion_blur_s3,C:\Users\Usuario\Desktop\Thesis\Pipeline\Real-time-visual-defect-detection\data\outputs\Experiment 5\coldstart_stfpm_real_iad_regulator_motion_blur_s3,stfpm,regulator,Tesla T4,motion_blur,3,0.5686172065482411,0.7792176989533858,0.9166666666666666,0.0210727969348659,0.0411985018726591,14.550742631949255,1779435945587627200,2577
coldstart_stfpm_real_iad_regulator_shot_noise_s1,C:\Users\Usuario\Desktop\Thesis\Pipeline\Real-time-visual-defect-detection\data\outputs\Experiment 5\coldstart_stfpm_real_iad_regulator_shot_noise_s1,stfpm,regulator,Tesla T4,shot_noise,1,0.5342215256008359,0.7441005351258709,0.5714285714285714,0.0076628352490421,0.0151228733459357,14.667820373602405,1779435963638719800,2575
coldstart_stfpm_real_iad_regulator_shot_noise_s2,C:\Users\Usuario\Desktop\Thesis\Pipeline\Real-time-visual-defect-detection\data\outputs\Experiment 5\coldstart_stfpm_real_iad_regulator_shot_noise_s2,stfpm,regulator,Tesla T4,shot_noise,2,0.5399396261465227,0.7542345016459651,1.0,0.0019157088122605,0.0038240917782026,14.7060006138367,1779435966204855400,2557
coldstart_stfpm_real_iad_regulator_shot_noise_s3,C:\Users\Usuario\Desktop\Thesis\Pipeline\Real-time-visual-defect-detection\data\outputs\Experiment 5\coldstart_stfpm_real_iad_regulator_shot_noise_s3,stfpm,regulator,Tesla T4,shot_noise,3,0.511958667131081,0.7378143024261502,0.7272727272727273,0.0306513409961685,0.0588235294117647,14.689277019437618,1779435949463472400,2575
coldstart_stfpm_real_iad_rolled_strip_base_gaussian_noise_s1,C:\Users\Usuario\Desktop\Thesis\Pipeline\Real-time-visual-defect-detection\data\outputs\Experiment 5\coldstart_stfpm_real_iad_rolled_strip_base_gaussian_noise_s1,stfpm,rolled_strip_base,Tesla T4,gaussian_noise,1,0.7122727857432638,0.8804927023288054,0.991869918699187,0.2378167641325536,0.3836477987421383,14.604586842288484,1779435962603977400,2596
coldstart_stfpm_real_iad_rolled_strip_base_gaussian_noise_s2,C:\Users\Usuario\Desktop\Thesis\Pipeline\Real-time-visual-defect-detection\data\outputs\Experiment 5\coldstart_stfpm_real_iad_rolled_strip_base_gaussian_noise_s2,stfpm,rolled_strip_base,Tesla T4,gaussian_noise,2,0.7052572208863953,0.87653960522129,0.9914529914529916,0.226120857699805,0.3682539682539683,14.633985767514003,1779435941539479500,2596
coldstart_stfpm_real_iad_rolled_strip_base_gaussian_noise_s3,C:\Users\Usuario\Desktop\Thesis\Pipeline\Real-time-visual-defect-detection\data\outputs\Experiment 5\coldstart_stfpm_real_iad_rolled_strip_base_gaussian_noise_s3,stfpm,rolled_strip_base,Tesla T4,gaussian_noise,3,0.6824690038689504,0.8661647648896411,0.9788732394366196,0.2709551656920078,0.4244274809160305,14.602111635231012,1779435959889117900,2599
coldstart_stfpm_real_iad_rolled_strip_base_motion_blur_s1,C:\Users\Usuario\Desktop\Thesis\Pipeline\Real-time-visual-defect-detection\data\outputs\Experiment 5\coldstart_stfpm_real_iad_rolled_strip_base_motion_blur_s1,stfpm,rolled_strip_base,Tesla T4,motion_blur,1,0.7057321815537151,0.874321781747913,0.9910714285714286,0.2163742690058479,0.3551999999999999,14.612443997176458,1779435933800732000,2594
coldstart_stfpm_real_iad_rolled_strip_base_motion_blur_s2,C:\Users\Usuario\Desktop\Thesis\Pipeline\Real-time-visual-defect-detection\data\outputs\Experiment 5\coldstart_stfpm_real_iad_rolled_strip_base_motion_blur_s2,stfpm,rolled_strip_base,Tesla T4,motion_blur,2,0.6922353825907125,0.8677907578134878,1.0,0.2144249512670565,0.3531300160513644,14.568078469027837,1779435968601111900,2579
coldstart_stfpm_real_iad_rolled_strip_base_motion_blur_s3,C:\Users\Usuario\Desktop\Thesis\Pipeline\Real-time-visual-defect-detection\data\outputs\Experiment 5\coldstart_stfpm_real_iad_rolled_strip_base_motion_blur_s3,stfpm,rolled_strip_base,Tesla T4,motion_blur,3,0.7151423397749873,0.8752280882831566,1.0,0.1637426900584795,0.2814070351758794,14.515451380290395,1779435939189977600,2576
coldstart_stfpm_real_iad_rolled_strip_base_shot_noise_s1,C:\Users\Usuario\Desktop\Thesis\Pipeline\Real-time-visual-defect-detection\data\outputs\Experiment 5\coldstart_stfpm_real_iad_rolled_strip_base_shot_noise_s1,stfpm,rolled_strip_base,Tesla T4,shot_noise,1,0.6949169313582886,0.8720081559902659,0.9731543624161074,0.2826510721247563,0.4380664652567975,14.637146414105713,1779435936262644900,2589
coldstart_stfpm_real_iad_rolled_strip_base_shot_noise_s2,C:\Users\Usuario\Desktop\Thesis\Pipeline\Real-time-visual-defect-detection\data\outputs\Experiment 5\coldstart_stfpm_real_iad_rolled_strip_base_shot_noise_s2,stfpm,rolled_strip_base,Tesla T4,shot_noise,2,0.7048812103581006,0.8772918577452347,0.9927007299270072,0.2651072124756335,0.4184615384615384,14.69205731963497,1779435936797700500,2588
coldstart_stfpm_real_iad_rolled_strip_base_shot_noise_s3,C:\Users\Usuario\Desktop\Thesis\Pipeline\Real-time-visual-defect-detection\data\outputs\Experiment 5\coldstart_stfpm_real_iad_rolled_strip_base_shot_noise_s3,stfpm,rolled_strip_base,Tesla T4,shot_noise,3,0.6146188935395454,0.8251194770933288,1.0,0.1286549707602339,0.2279792746113989,14.655028604255689,1779435937136928800,2573
coldstart_stfpm_real_iad_sim_card_set_gaussian_noise_s1,C:\Users\Usuario\Desktop\Thesis\Pipeline\Real-time-visual-defect-detection\data\outputs\Experiment 5\coldstart_stfpm_real_iad_sim_card_set_gaussian_noise_s1,stfpm,sim_card_set,Tesla T4,gaussian_noise,1,0.8699992046448739,0.953120905189666,1.0,0.108267716535433,0.1953818827708703,14.628517951855851,1779435939801515800,2567
coldstart_stfpm_real_iad_sim_card_set_gaussian_noise_s2,C:\Users\Usuario\Desktop\Thesis\Pipeline\Real-time-visual-defect-detection\data\outputs\Experiment 5\coldstart_stfpm_real_iad_sim_card_set_gaussian_noise_s2,stfpm,sim_card_set,Tesla T4,gaussian_noise,2,0.8534955857790504,0.947231349948198,1.0,0.0787401574803149,0.145985401459854,14.60552506235735,1779435935759198400,2569
coldstart_stfpm_real_iad_sim_card_set_gaussian_noise_s3,C:\Users\Usuario\Desktop\Thesis\Pipeline\Real-time-visual-defect-detection\data\outputs\Experiment 5\coldstart_stfpm_real_iad_sim_card_set_gaussian_noise_s3,stfpm,sim_card_set,Tesla T4,gaussian_noise,3,0.8378966833691243,0.9406054343574286,1.0,0.0964566929133858,0.1759425493716337,14.636702766288812,1779435951206923100,2572
coldstart_stfpm_real_iad_sim_card_set_motion_blur_s1,C:\Users\Usuario\Desktop\Thesis\Pipeline\Real-time-visual-defect-detection\data\outputs\Experiment 5\coldstart_stfpm_real_iad_sim_card_set_motion_blur_s1,stfpm,sim_card_set,Tesla T4,motion_blur,1,0.8739163286407381,0.9519154941910082,1.0,0.0826771653543307,0.1527272727272727,14.539891637376074,1779435969037035200,2569
coldstart_stfpm_real_iad_sim_card_set_motion_blur_s2,C:\Users\Usuario\Desktop\Thesis\Pipeline\Real-time-visual-defect-detection\data\outputs\Experiment 5\coldstart_stfpm_real_iad_sim_card_set_motion_blur_s2,stfpm,sim_card_set,Tesla T4,motion_blur,2,0.8903602958721069,0.951512710560298,1.0,0.0944881889763779,0.1726618705035971,14.556823533988243,1779435942270377700,2567
coldstart_stfpm_real_iad_sim_card_set_motion_blur_s3,C:\Users\Usuario\Desktop\Thesis\Pipeline\Real-time-visual-defect-detection\data\outputs\Experiment 5\coldstart_stfpm_real_iad_sim_card_set_motion_blur_s3,stfpm,sim_card_set,Tesla T4,motion_blur,3,0.8864531138153184,0.9426246540943186,1.0,0.1358267716535433,0.2391681109185442,14.54870748723551,1779435955784345300,2566
coldstart_stfpm_real_iad_sim_card_set_shot_noise_s1,C:\Users\Usuario\Desktop\Thesis\Pipeline\Real-time-visual-defect-detection\data\outputs\Experiment 5\coldstart_stfpm_real_iad_sim_card_set_shot_noise_s1,stfpm,sim_card_set,Tesla T4,shot_noise,1,0.8246639624592381,0.9334073320601276,0.9888888888888888,0.1751968503937007,0.2976588628762542,14.652466701039671,1779435948832028400,2581
coldstart_stfpm_real_iad_sim_card_set_shot_noise_s2,C:\Users\Usuario\Desktop\Thesis\Pipeline\Real-time-visual-defect-detection\data\outputs\Experiment 5\coldstart_stfpm_real_iad_sim_card_set_shot_noise_s2,stfpm,sim_card_set,Tesla T4,shot_noise,2,0.772707388849121,0.8966062961130457,0.981132075471698,0.1023622047244094,0.1853832442067736,14.612400917814002,1779435953594111700,2579
coldstart_stfpm_real_iad_sim_card_set_shot_noise_s3,C:\Users\Usuario\Desktop\Thesis\Pipeline\Real-time-visual-defect-detection\data\outputs\Experiment 5\coldstart_stfpm_real_iad_sim_card_set_shot_noise_s3,stfpm,sim_card_set,Tesla T4,shot_noise,3,0.6542392428219199,0.8335557075670201,0.935483870967742,0.171259842519685,0.2895174708818636,14.607397358435698,1779435937897588100,2578
coldstart_stfpm_real_iad_switch_gaussian_noise_s1,C:\Users\Usuario\Desktop\Thesis\Pipeline\Real-time-visual-defect-detection\data\outputs\Experiment 5\coldstart_stfpm_real_iad_switch_gaussian_noise_s1,stfpm,switch,Tesla T4,gaussian_noise,1,0.5513996138996139,0.7763360545796026,1.0,0.0038610038610038,0.0076923076923076,14.610873088670008,1779435949951506900,2561
coldstart_stfpm_real_iad_switch_gaussian_noise_s2,C:\Users\Usuario\Desktop\Thesis\Pipeline\Real-time-visual-defect-detection\data\outputs\Experiment 5\coldstart_stfpm_real_iad_switch_gaussian_noise_s2,stfpm,switch,Tesla T4,gaussian_noise,2,0.5633747586872586,0.7827746920584615,1.0,0.0038610038610038,0.0076923076923076,14.658871759272357,1779435935875531900,2559
coldstart_stfpm_real_iad_switch_gaussian_noise_s3,C:\Users\Usuario\Desktop\Thesis\Pipeline\Real-time-visual-defect-detection\data\outputs\Experiment 5\coldstart_stfpm_real_iad_switch_gaussian_noise_s3,stfpm,switch,Tesla T4,gaussian_noise,3,0.5559242277992278,0.7765147505801561,1.0,0.0057915057915057,0.0115163147792706,14.605446045074208,1779435949620470000,2560
coldstart_stfpm_real_iad_switch_motion_blur_s1,C:\Users\Usuario\Desktop\Thesis\Pipeline\Real-time-visual-defect-detection\data\outputs\Experiment 5\coldstart_stfpm_real_iad_switch_motion_blur_s1,stfpm,switch,Tesla T4,motion_blur,1,0.5601874195624196,0.7810369468473406,1.0,0.0077220077220077,0.0153256704980842,14.56209692252588,1779435945356221700,2554
coldstart_stfpm_real_iad_switch_motion_blur_s2,C:\Users\Usuario\Desktop\Thesis\Pipeline\Real-time-visual-defect-detection\data\outputs\Experiment 5\coldstart_stfpm_real_iad_switch_motion_blur_s2,stfpm,switch,Tesla T4,motion_blur,2,0.5870837355212355,0.8045522391401186,1.0,0.027027027027027,0.0526315789473684,14.562209946499523,1779435935701170000,2558
coldstart_stfpm_real_iad_switch_motion_blur_s3,C:\Users\Usuario\Desktop\Thesis\Pipeline\Real-time-visual-defect-detection\data\outputs\Experiment 5\coldstart_stfpm_real_iad_switch_motion_blur_s3,stfpm,switch,Tesla T4,motion_blur,3,0.5684121621621622,0.7884259934671312,0.9130434782608696,0.0405405405405405,0.077634011090573,14.557880021142486,1779435935379738300,2569
coldstart_stfpm_real_iad_switch_shot_noise_s1,C:\Users\Usuario\Desktop\Thesis\Pipeline\Real-time-visual-defect-detection\data\outputs\Experiment 5\coldstart_stfpm_real_iad_switch_shot_noise_s1,stfpm,switch,Tesla T4,shot_noise,1,0.5410131113256114,0.7633599577142482,1.0,0.0077220077220077,0.0153256704980842,14.608849663447062,1779435955683874400,2552
coldstart_stfpm_real_iad_switch_shot_noise_s2,C:\Users\Usuario\Desktop\Thesis\Pipeline\Real-time-visual-defect-detection\data\outputs\Experiment 5\coldstart_stfpm_real_iad_switch_shot_noise_s2,stfpm,switch,Tesla T4,shot_noise,2,0.5715894465894467,0.7778187752259278,1.0,0.0096525096525096,0.0191204588910133,14.72734522119449,1779435969495935600,2550
coldstart_stfpm_real_iad_switch_shot_noise_s3,C:\Users\Usuario\Desktop\Thesis\Pipeline\Real-time-visual-defect-detection\data\outputs\Experiment 5\coldstart_stfpm_real_iad_switch_shot_noise_s3,stfpm,switch,Tesla T4,shot_noise,3,0.5641891891891893,0.7704064227835619,1.0,0.0077220077220077,0.0153256704980842,14.67836104788097,1779435940027740700,2547
coldstart_stfpm_real_iad_tape_gaussian_noise_s1,C:\Users\Usuario\Desktop\Thesis\Pipeline\Real-time-visual-defect-detection\data\outputs\Experiment 5\coldstart_stfpm_real_iad_tape_gaussian_noise_s1,stfpm,tape,Tesla T4,gaussian_noise,1,0.5460480769230769,0.7545540162568981,0.75,0.0057692307692307,0.0114503816793893,14.610086038869165,1779435947127125200,2557
coldstart_stfpm_real_iad_tape_gaussian_noise_s2,C:\Users\Usuario\Desktop\Thesis\Pipeline\Real-time-visual-defect-detection\data\outputs\Experiment 5\coldstart_stfpm_real_iad_tape_gaussian_noise_s2,stfpm,tape,Tesla T4,gaussian_noise,2,0.5112593968082328,0.7326336362788661,0.9504138371382558,0.0059292269331204,0.0117630485211414,35.47074072458607,1779857963424835300,2827
coldstart_stfpm_real_iad_tape_gaussian_noise_s3,C:\Users\Usuario\Desktop\Thesis\Pipeline\Real-time-visual-defect-detection\data\outputs\Experiment 5\coldstart_stfpm_real_iad_tape_gaussian_noise_s3,stfpm,tape,Tesla T4,gaussian_noise,3,0.4960284201035152,0.724484046184712,0.9102195450286408,0.0085736755943564,0.0168645698011771,33.93569602999304,1779857963428834800,2828
coldstart_stfpm_real_iad_tape_motion_blur_s1,C:\Users\Usuario\Desktop\Thesis\Pipeline\Real-time-visual-defect-detection\data\outputs\Experiment 5\coldstart_stfpm_real_iad_tape_motion_blur_s1,stfpm,tape,Tesla T4,motion_blur,1,0.5388846153846154,0.7415755701794655,0.7142857142857143,0.0192307692307692,0.0374531835205992,14.507591558313177,1779435965648609100,2565
coldstart_stfpm_real_iad_tape_motion_blur_s2,C:\Users\Usuario\Desktop\Thesis\Pipeline\Real-time-visual-defect-detection\data\outputs\Experiment 5\coldstart_stfpm_real_iad_tape_motion_blur_s2,stfpm,tape,Tesla T4,motion_blur,2,0.5668269230769231,0.7566473553576902,0.8571428571428571,0.0115384615384615,0.0227703984819734,14.5312086652805,1779435940479221300,2564
coldstart_stfpm_real_iad_tape_motion_blur_s3,C:\Users\Usuario\Desktop\Thesis\Pipeline\Real-time-visual-defect-detection\data\outputs\Experiment 5\coldstart_stfpm_real_iad_tape_motion_blur_s3,stfpm,tape,Tesla T4,motion_blur,3,0.5462932692307693,0.7492423124846576,0.9047619047619048,0.0365384615384615,0.0702402957486136,14.546729386091153,1779435945524366400,2567
coldstart_stfpm_real_iad_tape_shot_noise_s1,C:\Users\Usuario\Desktop\Thesis\Pipeline\Real-time-visual-defect-detection\data\outputs\Experiment 5\coldstart_stfpm_real_iad_tape_shot_noise_s1,stfpm,tape,Tesla T4,shot_noise,1,0.5320480769230769,0.7460724264473672,0.9285714285714286,0.025,0.048689138576779,14.692149129152517,1779435933385725200,2549
coldstart_stfpm_real_iad_tape_shot_noise_s2,C:\Users\Usuario\Desktop\Thesis\Pipeline\Real-time-visual-defect-detection\data\outputs\Experiment 5\coldstart_stfpm_real_iad_tape_shot_noise_s2,stfpm,tape,Tesla T4,shot_noise,2,0.5115576923076923,0.7319975531391182,0.875,0.0134615384615384,0.0265151515151515,14.674319335982648,1779435963472107500,2551
coldstart_stfpm_real_iad_tape_shot_noise_s3,C:\Users\Usuario\Desktop\Thesis\Pipeline\Real-time-visual-defect-detection\data\outputs\Experiment 5\coldstart_stfpm_real_iad_tape_shot_noise_s3,stfpm,tape,Tesla T4,shot_noise,3,0.5249423076923077,0.7422298604781998,0.5,0.0038461538461538,0.0076335877862595,14.688456812442988,1779435938370673000,2546
coldstart_stfpm_real_iad_terminalblock_gaussian_noise_s1,C:\Users\Usuario\Desktop\Thesis\Pipeline\Real-time-visual-defect-detection\data\outputs\Experiment 5\coldstart_stfpm_real_iad_terminalblock_gaussian_noise_s1,stfpm,terminalblock,Tesla T4,gaussian_noise,1,0.4423496241452784,0.6853435020020784,0.7440838537882449,0.0386315492103429,0.0737814872025376,43.52026205219856,1779857963432831500,2819
coldstart_stfpm_real_iad_terminalblock_gaussian_noise_s2,C:\Users\Usuario\Desktop\Thesis\Pipeline\Real-time-visual-defect-detection\data\outputs\Experiment 5\coldstart_stfpm_real_iad_terminalblock_gaussian_noise_s2,stfpm,terminalblock,Tesla T4,gaussian_noise,2,0.4208127426427804,0.7094994227273255,0.7220121625192932,0.021815899353753,0.0420303692594069,45.54794130009097,1779857963437690000,2821
coldstart_stfpm_real_iad_terminalblock_gaussian_noise_s3,C:\Users\Usuario\Desktop\Thesis\Pipeline\Real-time-visual-defect-detection\data\outputs\Experiment 5\coldstart_stfpm_real_iad_terminalblock_gaussian_noise_s3,stfpm,terminalblock,Tesla T4,gaussian_noise,3,0.4142246669053842,0.6883039124435079,0.7570502206154716,0.001,0.0020091869167415,45.75913844325364,1779857963441690400,2802
coldstart_stfpm_real_iad_terminalblock_motion_blur_s1,C:\Users\Usuario\Desktop\Thesis\Pipeline\Real-time-visual-defect-detection\data\outputs\Experiment 5\coldstart_stfpm_real_iad_terminalblock_motion_blur_s1,stfpm,terminalblock,Tesla T4,motion_blur,1,0.4612120530464924,0.7280515480490164,0.7948717948717948,0.0592734225621414,0.1103202846975088,14.559397907028847,1779435938444094900,2586
coldstart_stfpm_real_iad_terminalblock_motion_blur_s2,C:\Users\Usuario\Desktop\Thesis\Pipeline\Real-time-visual-defect-detection\data\outputs\Experiment 5\coldstart_stfpm_real_iad_terminalblock_motion_blur_s2,stfpm,terminalblock,Tesla T4,motion_blur,2,0.5015490639155018,0.7586200261460592,0.9047619047619048,0.0363288718929254,0.0698529411764706,14.550782953532254,1779435965138715100,2584
coldstart_stfpm_real_iad_terminalblock_motion_blur_s3,C:\Users\Usuario\Desktop\Thesis\Pipeline\Real-time-visual-defect-detection\data\outputs\Experiment 5\coldstart_stfpm_real_iad_terminalblock_motion_blur_s3,stfpm,terminalblock,Tesla T4,motion_blur,3,0.4984816106174783,0.7586215811668477,0.85,0.0325047801147227,0.0626151012891344,14.540892531015704,1779435947301614200,2572
coldstart_stfpm_real_iad_terminalblock_shot_noise_s1,C:\Users\Usuario\Desktop\Thesis\Pipeline\Real-time-visual-defect-detection\data\outputs\Experiment 5\coldstart_stfpm_real_iad_terminalblock_shot_noise_s1,stfpm,terminalblock,Tesla T4,shot_noise,1,0.4444024089733234,0.7093297019029658,1.0,0.0038240917782026,0.0076190476190476,14.61370011559371,1779435945022559800,2568
coldstart_stfpm_real_iad_terminalblock_shot_noise_s2,C:\Users\Usuario\Desktop\Thesis\Pipeline\Real-time-visual-defect-detection\data\outputs\Experiment 5\coldstart_stfpm_real_iad_terminalblock_shot_noise_s2,stfpm,terminalblock,Tesla T4,shot_noise,2,0.4725309557161992,0.7233410276389853,0.8,0.0152963671128107,0.0300187617260788,14.612631547860358,1779435968515706900,2568
coldstart_stfpm_real_iad_terminalblock_shot_noise_s3,C:\Users\Usuario\Desktop\Thesis\Pipeline\Real-time-visual-defect-detection\data\outputs\Experiment 5\coldstart_stfpm_real_iad_terminalblock_shot_noise_s3,stfpm,terminalblock,Tesla T4,shot_noise,3,0.4892997004120612,0.7432014870896906,1.0,0.011472275334608,0.0226843100189035,14.653291211391366,1779435954327330700,2565
coldstart_stfpm_real_iad_toothbrush_gaussian_noise_s1,C:\Users\Usuario\Desktop\Thesis\Pipeline\Real-time-visual-defect-detection\data\outputs\Experiment 5\coldstart_stfpm_real_iad_toothbrush_gaussian_noise_s1,stfpm,toothbrush,Tesla T4,gaussian_noise,1,0.7104945816648542,0.8769283409044301,0.964607519086938,0.1410339783916647,0.245627585578303,45.19440326654306,1779857963445689300,2821
coldstart_stfpm_real_iad_toothbrush_gaussian_noise_s2,C:\Users\Usuario\Desktop\Thesis\Pipeline\Real-time-visual-defect-detection\data\outputs\Experiment 5\coldstart_stfpm_real_iad_toothbrush_gaussian_noise_s2,stfpm,toothbrush,Tesla T4,gaussian_noise,2,0.6966377208713769,0.8617671139534504,0.9578303191509416,0.1398923893391469,0.2460153744146561,47.01462403567634,1779857963449692400,2820
coldstart_stfpm_real_iad_toothbrush_gaussian_noise_s3,C:\Users\Usuario\Desktop\Thesis\Pipeline\Real-time-visual-defect-detection\data\outputs\Experiment 5\coldstart_stfpm_real_iad_toothbrush_gaussian_noise_s3,stfpm,toothbrush,Tesla T4,gaussian_noise,3,0.7029690458485688,0.8585332652532724,0.9713285860295656,0.1483557047510793,0.2555420003459066,45.80520226466259,1779857963452694100,2822
coldstart_stfpm_real_iad_toothbrush_motion_blur_s1,C:\Users\Usuario\Desktop\Thesis\Pipeline\Real-time-visual-defect-detection\data\outputs\Experiment 5\coldstart_stfpm_real_iad_toothbrush_motion_blur_s1,stfpm,toothbrush,Tesla T4,motion_blur,1,0.648489169973545,0.8510932010840653,1.0,0.07421875,0.1381818181818181,14.55015963618412,1779435957954970700,2554
coldstart_stfpm_real_iad_toothbrush_motion_blur_s2,C:\Users\Usuario\Desktop\Thesis\Pipeline\Real-time-visual-defect-detection\data\outputs\Experiment 5\coldstart_stfpm_real_iad_toothbrush_motion_blur_s2,stfpm,toothbrush,Tesla T4,motion_blur,2,0.6716683201058201,0.8575856204107029,1.0,0.08984375,0.1648745519713261,14.548960523528262,1779435952849778100,2552
coldstart_stfpm_real_iad_toothbrush_motion_blur_s3,C:\Users\Usuario\Desktop\Thesis\Pipeline\Real-time-visual-defect-detection\data\outputs\Experiment 5\coldstart_stfpm_real_iad_toothbrush_motion_blur_s3,stfpm,toothbrush,Tesla T4,motion_blur,3,0.7018435846560847,0.8703541417427108,0.9875,0.154296875,0.2668918918918919,14.526535841664924,1779435962309806600,2557
coldstart_stfpm_real_iad_toothbrush_shot_noise_s1,C:\Users\Usuario\Desktop\Thesis\Pipeline\Real-time-visual-defect-detection\data\outputs\Experiment 5\coldstart_stfpm_real_iad_toothbrush_shot_noise_s1,stfpm,toothbrush,Tesla T4,shot_noise,1,0.6611896494708994,0.8576769321850622,1.0,0.10546875,0.1908127208480565,14.619085713149016,1779435963528631300,2550
coldstart_stfpm_real_iad_toothbrush_shot_noise_s2,C:\Users\Usuario\Desktop\Thesis\Pipeline\Real-time-visual-defect-detection\data\outputs\Experiment 5\coldstart_stfpm_real_iad_toothbrush_shot_noise_s2,stfpm,toothbrush,Tesla T4,shot_noise,2,0.6444072420634921,0.8443619372405865,0.9824561403508772,0.109375,0.1968365553602812,14.6134407060966,1779435967009382500,2566
coldstart_stfpm_real_iad_toothbrush_shot_noise_s3,C:\Users\Usuario\Desktop\Thesis\Pipeline\Real-time-visual-defect-detection\data\outputs\Experiment 5\coldstart_stfpm_real_iad_toothbrush_shot_noise_s3,stfpm,toothbrush,Tesla T4,shot_noise,3,0.6336392195767195,0.836384966610729,1.0,0.02734375,0.053231939163498,14.634427688878445,1779435942844029800,2549
coldstart_stfpm_real_iad_toy_brick_gaussian_noise_s1,C:\Users\Usuario\Desktop\Thesis\Pipeline\Real-time-visual-defect-detection\data\outputs\Experiment 5\coldstart_stfpm_real_iad_toy_brick_gaussian_noise_s1,stfpm,toy_brick,Tesla T4,gaussian_noise,1,0.5877667533500047,0.7752802973223857,0.999,0.0436996079595678,0.0832204987399199,46.2092177201477,1779857963472845700,2811
coldstart_stfpm_real_iad_toy_brick_gaussian_noise_s2,C:\Users\Usuario\Desktop\Thesis\Pipeline\Real-time-visual-defect-detection\data\outputs\Experiment 5\coldstart_stfpm_real_iad_toy_brick_gaussian_noise_s2,stfpm,toy_brick,Tesla T4,gaussian_noise,2,0.5632233965467579,0.7629206277413064,0.9757492303553572,0.0435536393298709,0.0831772943256705,46.49897100126894,1779857963476845400,2831
coldstart_stfpm_real_iad_toy_brick_gaussian_noise_s3,C:\Users\Usuario\Desktop\Thesis\Pipeline\Real-time-visual-defect-detection\data\outputs\Experiment 5\coldstart_stfpm_real_iad_toy_brick_gaussian_noise_s3,stfpm,toy_brick,Tesla T4,gaussian_noise,3,0.5751579414662119,0.7598011942156602,0.9419837606054448,0.045976105947334,0.0879274716563859,46.930435133558056,1779857963480843700,2830
coldstart_stfpm_real_iad_toy_brick_motion_blur_s1,C:\Users\Usuario\Desktop\Thesis\Pipeline\Real-time-visual-defect-detection\data\outputs\Experiment 5\coldstart_stfpm_real_iad_toy_brick_motion_blur_s1,stfpm,toy_brick,Tesla T4,motion_blur,1,0.6063664596273292,0.7933308201029237,1.0,0.0415019762845849,0.079696394686907,14.538064629619251,1779435940592728500,2562
coldstart_stfpm_real_iad_toy_brick_motion_blur_s2,C:\Users\Usuario\Desktop\Thesis\Pipeline\Real-time-visual-defect-detection\data\outputs\Experiment 5\coldstart_stfpm_real_iad_toy_brick_motion_blur_s2,stfpm,toy_brick,Tesla T4,motion_blur,2,0.6014156650802613,0.7869215345737965,1.0,0.0217391304347826,0.0425531914893616,14.56689631908002,1779435942360555500,2561
coldstart_stfpm_real_iad_toy_brick_motion_blur_s3,C:\Users\Usuario\Desktop\Thesis\Pipeline\Real-time-visual-defect-detection\data\outputs\Experiment 5\coldstart_stfpm_real_iad_toy_brick_motion_blur_s3,stfpm,toy_brick,Tesla T4,motion_blur,3,0.6170343631523756,0.7935321770306423,0.8333333333333334,0.0296442687747035,0.0572519083969465,14.569378742172788,1779435959413097200,2579
coldstart_stfpm_real_iad_toy_brick_shot_noise_s1,C:\Users\Usuario\Desktop\Thesis\Pipeline\Real-time-visual-defect-detection\data\outputs\Experiment 5\coldstart_stfpm_real_iad_toy_brick_shot_noise_s1,stfpm,toy_brick,Tesla T4,shot_noise,1,0.5878942486085343,0.7834625001696374,1.0,0.025691699604743,0.0500963391136801,14.59535071656363,1779435951743301900,2560
coldstart_stfpm_real_iad_toy_brick_shot_noise_s2,C:\Users\Usuario\Desktop\Thesis\Pipeline\Real-time-visual-defect-detection\data\outputs\Experiment 5\coldstart_stfpm_real_iad_toy_brick_shot_noise_s2,stfpm,toy_brick,Tesla T4,shot_noise,2,0.5800899411147858,0.7823876467058983,0.9310344827586208,0.0533596837944664,0.1009345794392523,14.554755661008992,1779435963700493000,2573
coldstart_stfpm_real_iad_toy_brick_shot_noise_s3,C:\Users\Usuario\Desktop\Thesis\Pipeline\Real-time-visual-defect-detection\data\outputs\Experiment 5\coldstart_stfpm_real_iad_toy_brick_shot_noise_s3,stfpm,toy_brick,Tesla T4,shot_noise,3,0.5581793982415101,0.7723444693006466,0.9117647058823528,0.0612648221343873,0.1148148148148148,14.607163484387303,1779435949682353600,2571
coldstart_stfpm_real_iad_toy_gaussian_noise_s1,C:\Users\Usuario\Desktop\Thesis\Pipeline\Real-time-visual-defect-detection\data\outputs\Experiment 5\coldstart_stfpm_real_iad_toy_gaussian_noise_s1,stfpm,toy,Tesla T4,gaussian_noise,1,0.5031127946547191,0.7281821000818155,0.7845631647773064,0.0072222538877873,0.0142213346844097,47.22645619142169,1779857963458679900,2818
coldstart_stfpm_real_iad_toy_gaussian_noise_s2,C:\Users\Usuario\Desktop\Thesis\Pipeline\Real-time-visual-defect-detection\data\outputs\Experiment 5\coldstart_stfpm_real_iad_toy_gaussian_noise_s2,stfpm,toy,Tesla T4,gaussian_noise,2,0.487491924066629,0.73522906690945,0.773368879932263,0.0035367553458803,0.0070708556232501,46.38939791528097,1779857963458679900,2815
coldstart_stfpm_real_iad_toy_gaussian_noise_s3,C:\Users\Usuario\Desktop\Thesis\Pipeline\Real-time-visual-defect-detection\data\outputs\Experiment 5\coldstart_stfpm_real_iad_toy_gaussian_noise_s3,stfpm,toy,Tesla T4,gaussian_noise,3,0.4784804303917313,0.7274991002919604,0.769771015298375,0.001,0.0020024604150204,46.57210099809422,1779857963468644500,2799
coldstart_stfpm_real_iad_toy_motion_blur_s1,C:\Users\Usuario\Desktop\Thesis\Pipeline\Real-time-visual-defect-detection\data\outputs\Experiment 5\coldstart_stfpm_real_iad_toy_motion_blur_s1,stfpm,toy,Tesla T4,motion_blur,1,0.6338113492363001,0.8182483358570862,1.0,0.0158102766798418,0.0311284046692607,14.568171482251469,1779435955032980000,2547
coldstart_stfpm_real_iad_toy_motion_blur_s2,C:\Users\Usuario\Desktop\Thesis\Pipeline\Real-time-visual-defect-detection\data\outputs\Experiment 5\coldstart_stfpm_real_iad_toy_motion_blur_s2,stfpm,toy,Tesla T4,motion_blur,2,0.6743301487675533,0.8514772845129397,0.9850746268656716,0.1304347826086956,0.2303664921465968,14.513348727663509,1779435954434753300,2565
coldstart_stfpm_real_iad_toy_motion_blur_s3,C:\Users\Usuario\Desktop\Thesis\Pipeline\Real-time-visual-defect-detection\data\outputs\Experiment 5\coldstart_stfpm_real_iad_toy_motion_blur_s3,stfpm,toy,Tesla T4,motion_blur,3,0.671757999483584,0.8441896245914721,1.0,0.108695652173913,0.196078431372549,14.54001995603155,1779435945862464000,2547
coldstart_stfpm_real_iad_toy_shot_noise_s1,C:\Users\Usuario\Desktop\Thesis\Pipeline\Real-time-visual-defect-detection\data\outputs\Experiment 5\coldstart_stfpm_real_iad_toy_shot_noise_s1,stfpm,toy,Tesla T4,shot_noise,1,0.6088396528095021,0.789330117612604,0.8571428571428571,0.0118577075098814,0.023391812865497,14.64206507539497,1779435941372891900,2559
coldstart_stfpm_real_iad_toy_shot_noise_s2,C:\Users\Usuario\Desktop\Thesis\Pipeline\Real-time-visual-defect-detection\data\outputs\Experiment 5\coldstart_stfpm_real_iad_toy_shot_noise_s2,stfpm,toy,Tesla T4,shot_noise,2,0.6141875384829285,0.8090665109705475,1.0,0.0474308300395256,0.090566037735849,14.652046202644804,1779435940336102900,2546
coldstart_stfpm_real_iad_toy_shot_noise_s3,C:\Users\Usuario\Desktop\Thesis\Pipeline\Real-time-visual-defect-detection\data\outputs\Experiment 5\coldstart_stfpm_real_iad_toy_shot_noise_s3,stfpm,toy,Tesla T4,shot_noise,3,0.6356684608814825,0.8121867905053267,0.96,0.0474308300395256,0.0903954802259887,14.632466405595848,1779435959982001800,2546
coldstart_stfpm_real_iad_transistor1_gaussian_noise_s1,C:\Users\Usuario\Desktop\Thesis\Pipeline\Real-time-visual-defect-detection\data\outputs\Experiment 5\coldstart_stfpm_real_iad_transistor1_gaussian_noise_s1,stfpm,transistor1,Tesla T4,gaussian_noise,1,0.5826605162381762,0.7654738338077771,0.8087781489718605,0.0280825425867155,0.0539780590694175,45.73253162471301,1779857963486153900,2811
coldstart_stfpm_real_iad_transistor1_gaussian_noise_s2,C:\Users\Usuario\Desktop\Thesis\Pipeline\Real-time-visual-defect-detection\data\outputs\Experiment 5\coldstart_stfpm_real_iad_transistor1_gaussian_noise_s2,stfpm,transistor1,Tesla T4,gaussian_noise,2,0.590568023219609,0.7671014785828166,0.8019547886679986,0.0231547117562755,0.0451830601414826,45.65490929852649,1779857963489579900,2810
coldstart_stfpm_real_iad_transistor1_gaussian_noise_s3,C:\Users\Usuario\Desktop\Thesis\Pipeline\Real-time-visual-defect-detection\data\outputs\Experiment 5\coldstart_stfpm_real_iad_transistor1_gaussian_noise_s3,stfpm,transistor1,Tesla T4,gaussian_noise,3,0.556436925413975,0.7449123396948174,0.8143659904361387,0.0082817555374078,0.0162863305523357,46.08205577969456,1779857963492580600,2820
coldstart_stfpm_real_iad_transistor1_motion_blur_s1,C:\Users\Usuario\Desktop\Thesis\Pipeline\Real-time-visual-defect-detection\data\outputs\Experiment 5\coldstart_stfpm_real_iad_transistor1_motion_blur_s1,stfpm,transistor1,Tesla T4,motion_blur,1,0.7018750441513356,0.8683482281208996,1.0,0.0477137176938369,0.0910815939278937,14.544378711434549,1779435943725629700,2558
coldstart_stfpm_real_iad_transistor1_motion_blur_s2,C:\Users\Usuario\Desktop\Thesis\Pipeline\Real-time-visual-defect-detection\data\outputs\Experiment 5\coldstart_stfpm_real_iad_transistor1_motion_blur_s2,stfpm,transistor1,Tesla T4,motion_blur,2,0.7157057654075547,0.8672767551360246,1.0,0.0119284294234592,0.0235756385068762,14.548373245734185,1779435942948349200,2551
coldstart_stfpm_real_iad_transistor1_motion_blur_s3,C:\Users\Usuario\Desktop\Thesis\Pipeline\Real-time-visual-defect-detection\data\outputs\Experiment 5\coldstart_stfpm_real_iad_transistor1_motion_blur_s3,stfpm,transistor1,Tesla T4,motion_blur,3,0.6798801102017339,0.8340991492143272,1.0,0.0337972166998011,0.0653846153846153,14.565942300018182,1779435963020812200,2565
coldstart_stfpm_real_iad_transistor1_shot_noise_s1,C:\Users\Usuario\Desktop\Thesis\Pipeline\Real-time-visual-defect-detection\data\outputs\Experiment 5\coldstart_stfpm_real_iad_transistor1_shot_noise_s1,stfpm,transistor1,Tesla T4,shot_noise,1,0.7262819024936674,0.8714697663146257,1.0,0.0019880715705765,0.0039682539682539,14.60398250439279,1779435950584546200,2564
coldstart_stfpm_real_iad_transistor1_shot_noise_s2,C:\Users\Usuario\Desktop\Thesis\Pipeline\Real-time-visual-defect-detection\data\outputs\Experiment 5\coldstart_stfpm_real_iad_transistor1_shot_noise_s2,stfpm,transistor1,Tesla T4,shot_noise,2,0.7203883299189634,0.869257071099052,0.9615384615384616,0.0497017892644135,0.0945179584120983,14.642191851287082,1779435949841785700,2577
coldstart_stfpm_real_iad_transistor1_shot_noise_s3,C:\Users\Usuario\Desktop\Thesis\Pipeline\Real-time-visual-defect-detection\data\outputs\Experiment 5\coldstart_stfpm_real_iad_transistor1_shot_noise_s3,stfpm,transistor1,Tesla T4,shot_noise,3,0.7155644811335036,0.861861253532918,1.0,0.0178926441351888,0.03515625,14.613541771427013,1779435956725997800,2550
coldstart_stfpm_real_iad_u_block_gaussian_noise_s1,C:\Users\Usuario\Desktop\Thesis\Pipeline\Real-time-visual-defect-detection\data\outputs\Experiment 5\coldstart_stfpm_real_iad_u_block_gaussian_noise_s1,stfpm,u_block,Tesla T4,gaussian_noise,1,0.3394872297348194,0.6325216718149188,0.8013124971741165,0.0401920122984156,0.0766249622111565,47.06535536054843,1779857963498581200,2825
coldstart_stfpm_real_iad_u_block_gaussian_noise_s2,C:\Users\Usuario\Desktop\Thesis\Pipeline\Real-time-visual-defect-detection\data\outputs\Experiment 5\coldstart_stfpm_real_iad_u_block_gaussian_noise_s2,stfpm,u_block,Tesla T4,gaussian_noise,2,0.322002791469876,0.626999655488542,0.7876572877726776,0.042232705408279,0.0797482132254933,46.899424829338784,1779857963501580700,2822
coldstart_stfpm_real_iad_u_block_gaussian_noise_s3,C:\Users\Usuario\Desktop\Thesis\Pipeline\Real-time-visual-defect-detection\data\outputs\Experiment 5\coldstart_stfpm_real_iad_u_block_gaussian_noise_s3,stfpm,u_block,Tesla T4,gaussian_noise,3,0.3239240096261316,0.6269907256754498,0.8167194823371221,0.0361131205734493,0.0689075383182425,46.17253405436048,1779857963502579800,2832
coldstart_stfpm_real_iad_u_block_motion_blur_s1,C:\Users\Usuario\Desktop\Thesis\Pipeline\Real-time-visual-defect-detection\data\outputs\Experiment 5\coldstart_stfpm_real_iad_u_block_motion_blur_s1,stfpm,u_block,Tesla T4,motion_blur,1,0.3289997079586308,0.6403456729093859,1.0,0.0100200400801603,0.0198412698412698,14.51347458307157,1779435949389595500,2552
coldstart_stfpm_real_iad_u_block_motion_blur_s2,C:\Users\Usuario\Desktop\Thesis\Pipeline\Real-time-visual-defect-detection\data\outputs\Experiment 5\coldstart_stfpm_real_iad_u_block_motion_blur_s2,stfpm,u_block,Tesla T4,motion_blur,2,0.3505402765329654,0.6379741340190208,0.4657534246575342,0.0681362725450901,0.1188811188811188,14.547257246411071,1779435955530838000,2575
coldstart_stfpm_real_iad_u_block_motion_blur_s3,C:\Users\Usuario\Desktop\Thesis\Pipeline\Real-time-visual-defect-detection\data\outputs\Experiment 5\coldstart_stfpm_real_iad_u_block_motion_blur_s3,stfpm,u_block,Tesla T4,motion_blur,3,0.3626549581575211,0.6424738885105417,0.4126984126984127,0.0521042084168336,0.092526690391459,14.552637683373646,1779435961375166300,2575
coldstart_stfpm_real_iad_u_block_shot_noise_s1,C:\Users\Usuario\Desktop\Thesis\Pipeline\Real-time-visual-defect-detection\data\outputs\Experiment 5\coldstart_stfpm_real_iad_u_block_shot_noise_s1,stfpm,u_block,Tesla T4,shot_noise,1,0.3295535795208507,0.6175507231797158,0.0,0.0,0.0,14.571300372437982,1779435939132982400,2523
coldstart_stfpm_real_iad_u_block_shot_noise_s2,C:\Users\Usuario\Desktop\Thesis\Pipeline\Real-time-visual-defect-detection\data\outputs\Experiment 5\coldstart_stfpm_real_iad_u_block_shot_noise_s2,stfpm,u_block,Tesla T4,shot_noise,2,0.3297751281457387,0.6142508989472335,0.5,0.0120240480961923,0.0234833659491193,14.612212107530752,1779435950490891500,2558
coldstart_stfpm_real_iad_u_block_shot_noise_s3,C:\Users\Usuario\Desktop\Thesis\Pipeline\Real-time-visual-defect-detection\data\outputs\Experiment 5\coldstart_stfpm_real_iad_u_block_shot_noise_s3,stfpm,u_block,Tesla T4,shot_noise,3,0.352725551605724,0.6226072043296857,0.6666666666666666,0.0040080160320641,0.0079681274900398,14.584304061788334,1779435953861434000,2567
coldstart_stfpm_real_iad_usb_adaptor_gaussian_noise_s1,C:\Users\Usuario\Desktop\Thesis\Pipeline\Real-time-visual-defect-detection\data\outputs\Experiment 5\coldstart_stfpm_real_iad_usb_adaptor_gaussian_noise_s1,stfpm,usb_adaptor,Tesla T4,gaussian_noise,1,0.4629575916562909,0.7528318271837623,0.8264193517753153,0.001,0.0020078090749112,47.25982820431076,1779857963522883600,2811
coldstart_stfpm_real_iad_usb_adaptor_gaussian_noise_s2,C:\Users\Usuario\Desktop\Thesis\Pipeline\Real-time-visual-defect-detection\data\outputs\Experiment 5\coldstart_stfpm_real_iad_usb_adaptor_gaussian_noise_s2,stfpm,usb_adaptor,Tesla T4,gaussian_noise,2,0.4434920999865731,0.7525423104441383,0.7349075397494713,0.001,0.0020000484120979,48.68678849533862,1779857963525877500,2814
coldstart_stfpm_real_iad_usb_adaptor_gaussian_noise_s3,C:\Users\Usuario\Desktop\Thesis\Pipeline\Real-time-visual-defect-detection\data\outputs\Experiment 5\coldstart_stfpm_real_iad_usb_adaptor_gaussian_noise_s3,stfpm,usb_adaptor,Tesla T4,gaussian_noise,3,0.459811357853921,0.7511086872735132,0.744368757330239,0.001,0.0019915213008481,48.75692877142737,1779857963529878100,2813
coldstart_stfpm_real_iad_usb_adaptor_motion_blur_s1,C:\Users\Usuario\Desktop\Thesis\Pipeline\Real-time-visual-defect-detection\data\outputs\Experiment 5\coldstart_stfpm_real_iad_usb_adaptor_motion_blur_s1,stfpm,usb_adaptor,Tesla T4,motion_blur,1,0.4653801196397057,0.754995514458874,1.0,0.003690036900369,0.0073529411764705,14.57530679516942,1779435966109820900,2566
coldstart_stfpm_real_iad_usb_adaptor_motion_blur_s2,C:\Users\Usuario\Desktop\Thesis\Pipeline\Real-time-visual-defect-detection\data\outputs\Experiment 5\coldstart_stfpm_real_iad_usb_adaptor_motion_blur_s2,stfpm,usb_adaptor,Tesla T4,motion_blur,2,0.4812174829822832,0.7661530375070719,0.8888888888888888,0.014760147601476,0.029038112522686,14.560576273079135,1779435966676318000,2580
coldstart_stfpm_real_iad_usb_adaptor_motion_blur_s3,C:\Users\Usuario\Desktop\Thesis\Pipeline\Real-time-visual-defect-detection\data\outputs\Experiment 5\coldstart_stfpm_real_iad_usb_adaptor_motion_blur_s3,stfpm,usb_adaptor,Tesla T4,motion_blur,3,0.5057413307052325,0.7841035403760535,0.9333333333333332,0.025830258302583,0.0502692998204667,14.56758797581619,1779435967801817700,2581
coldstart_stfpm_real_iad_usb_adaptor_shot_noise_s1,C:\Users\Usuario\Desktop\Thesis\Pipeline\Real-time-visual-defect-detection\data\outputs\Experiment 5\coldstart_stfpm_real_iad_usb_adaptor_shot_noise_s1,stfpm,usb_adaptor,Tesla T4,shot_noise,1,0.5461369209965392,0.7948985404415623,1.0,0.0055350553505535,0.0110091743119266,14.59368156050976,1779435963570279900,2561
coldstart_stfpm_real_iad_usb_adaptor_shot_noise_s2,C:\Users\Usuario\Desktop\Thesis\Pipeline\Real-time-visual-defect-detection\data\outputs\Experiment 5\coldstart_stfpm_real_iad_usb_adaptor_shot_noise_s2,stfpm,usb_adaptor,Tesla T4,shot_noise,2,0.4998968623226605,0.7755042043665115,0.6428571428571429,0.0166051660516605,0.0323741007194244,14.597762998790566,1779435933652368600,2582
coldstart_stfpm_real_iad_usb_adaptor_shot_noise_s3,C:\Users\Usuario\Desktop\Thesis\Pipeline\Real-time-visual-defect-detection\data\outputs\Experiment 5\coldstart_stfpm_real_iad_usb_adaptor_shot_noise_s3,stfpm,usb_adaptor,Tesla T4,shot_noise,3,0.5278930118493732,0.7932470990614062,0.7777777777777778,0.0129151291512915,0.0254083484573502,14.580501420858496,1779435959159259500,2579
coldstart_stfpm_real_iad_usb_gaussian_noise_s1,C:\Users\Usuario\Desktop\Thesis\Pipeline\Real-time-visual-defect-detection\data\outputs\Experiment 5\coldstart_stfpm_real_iad_usb_gaussian_noise_s1,stfpm,usb,Tesla T4,gaussian_noise,1,0.5674483221074401,0.7595601201108023,0.7776913066449197,0.029338686211111,0.0564421945917311,45.94602944428274,1779857963502579800,2833
coldstart_stfpm_real_iad_usb_gaussian_noise_s2,C:\Users\Usuario\Desktop\Thesis\Pipeline\Real-time-visual-defect-detection\data\outputs\Experiment 5\coldstart_stfpm_real_iad_usb_gaussian_noise_s2,stfpm,usb,Tesla T4,gaussian_noise,2,0.5570938691700285,0.7596692840184786,0.8157636884740503,0.0174379431520747,0.0342919230954249,46.401765655610255,1779857963515820700,2825
coldstart_stfpm_real_iad_usb_gaussian_noise_s3,C:\Users\Usuario\Desktop\Thesis\Pipeline\Real-time-visual-defect-detection\data\outputs\Experiment 5\coldstart_stfpm_real_iad_usb_gaussian_noise_s3,stfpm,usb,Tesla T4,gaussian_noise,3,0.5470499865461963,0.762547492086756,0.7964907377024911,0.001,0.0019960108548883,46.5223278736758,1779857963519807100,2809
coldstart_stfpm_real_iad_usb_motion_blur_s1,C:\Users\Usuario\Desktop\Thesis\Pipeline\Real-time-visual-defect-detection\data\outputs\Experiment 5\coldstart_stfpm_real_iad_usb_motion_blur_s1,stfpm,usb,Tesla T4,motion_blur,1,0.5826295045045045,0.7906674905112772,0.8461538461538461,0.0424710424710424,0.0808823529411764,14.573048873241955,1779435964381122500,2566
coldstart_stfpm_real_iad_usb_motion_blur_s2,C:\Users\Usuario\Desktop\Thesis\Pipeline\Real-time-visual-defect-detection\data\outputs\Experiment 5\coldstart_stfpm_real_iad_usb_motion_blur_s2,stfpm,usb,Tesla T4,motion_blur,2,0.5775116634491635,0.7848340821939022,0.9,0.0347490347490347,0.0669144981412639,14.5486075225473,1779435947885260400,2548
coldstart_stfpm_real_iad_usb_motion_blur_s3,C:\Users\Usuario\Desktop\Thesis\Pipeline\Real-time-visual-defect-detection\data\outputs\Experiment 5\coldstart_stfpm_real_iad_usb_motion_blur_s3,stfpm,usb,Tesla T4,motion_blur,3,0.5906732625482626,0.7864776197132708,0.9130434782608696,0.0405405405405405,0.077634011090573,14.563064338035218,1779435953229758000,2563
coldstart_stfpm_real_iad_usb_shot_noise_s1,C:\Users\Usuario\Desktop\Thesis\Pipeline\Real-time-visual-defect-detection\data\outputs\Experiment 5\coldstart_stfpm_real_iad_usb_shot_noise_s1,stfpm,usb,Tesla T4,shot_noise,1,0.6291525900900901,0.8033420462987811,0.7619047619047619,0.0308880308880308,0.059369202226345,14.577701274825351,1779435950333162400,2561
coldstart_stfpm_real_iad_usb_shot_noise_s2,C:\Users\Usuario\Desktop\Thesis\Pipeline\Real-time-visual-defect-detection\data\outputs\Experiment 5\coldstart_stfpm_real_iad_usb_shot_noise_s2,stfpm,usb,Tesla T4,shot_noise,2,0.6223656692406693,0.8081166546708096,1.0,0.0115830115830115,0.0229007633587786,14.621162329647529,1779435960894686800,2546
coldstart_stfpm_real_iad_usb_shot_noise_s3,C:\Users\Usuario\Desktop\Thesis\Pipeline\Real-time-visual-defect-detection\data\outputs\Experiment 5\coldstart_stfpm_real_iad_usb_shot_noise_s3,stfpm,usb,Tesla T4,shot_noise,3,0.6129745817245817,0.8057073785871216,0.9,0.0173745173745173,0.034090909090909,14.619199737927362,1779435939284095700,2550
coldstart_stfpm_real_iad_vcpill_gaussian_noise_s1,C:\Users\Usuario\Desktop\Thesis\Pipeline\Real-time-visual-defect-detection\data\outputs\Experiment 5\coldstart_stfpm_real_iad_vcpill_gaussian_noise_s1,stfpm,vcpill,Tesla T4,gaussian_noise,1,0.8207757596352335,0.8834256742130567,0.649790239263976,0.001,0.0020060190153071,47.18435640529751,1779857963532882100,2814
coldstart_stfpm_real_iad_vcpill_gaussian_noise_s2,C:\Users\Usuario\Desktop\Thesis\Pipeline\Real-time-visual-defect-detection\data\outputs\Experiment 5\coldstart_stfpm_real_iad_vcpill_gaussian_noise_s2,stfpm,vcpill,Tesla T4,gaussian_noise,2,0.8179054570121008,0.8783376569701247,0.8477515772407473,0.001,0.0020102764359139,47.91245661926439,1779857963537718000,2800
coldstart_stfpm_real_iad_vcpill_gaussian_noise_s3,C:\Users\Usuario\Desktop\Thesis\Pipeline\Real-time-visual-defect-detection\data\outputs\Experiment 5\coldstart_stfpm_real_iad_vcpill_gaussian_noise_s3,stfpm,vcpill,Tesla T4,gaussian_noise,3,0.794056742690131,0.8723833659781826,0.9884409598725514,0.001,0.0019884290344221,45.7882361163059,1779857963541716600,2809
coldstart_stfpm_real_iad_vcpill_motion_blur_s1,C:\Users\Usuario\Desktop\Thesis\Pipeline\Real-time-visual-defect-detection\data\outputs\Experiment 5\coldstart_stfpm_real_iad_vcpill_motion_blur_s1,stfpm,vcpill,Tesla T4,motion_blur,1,0.8053794372040234,0.8798939210846957,0.0,0.0,0.0,14.54195774466896,1779435962443878700,2520
coldstart_stfpm_real_iad_vcpill_motion_blur_s2,C:\Users\Usuario\Desktop\Thesis\Pipeline\Real-time-visual-defect-detection\data\outputs\Experiment 5\coldstart_stfpm_real_iad_vcpill_motion_blur_s2,stfpm,vcpill,Tesla T4,motion_blur,2,0.8061524010801926,0.8847044006987781,1.0,0.0019960079840319,0.0039840637450199,14.550187893627294,1779435950708745700,2552
coldstart_stfpm_real_iad_vcpill_motion_blur_s3,C:\Users\Usuario\Desktop\Thesis\Pipeline\Real-time-visual-defect-detection\data\outputs\Experiment 5\coldstart_stfpm_real_iad_vcpill_motion_blur_s3,stfpm,vcpill,Tesla T4,motion_blur,3,0.777963680482173,0.8800416272130225,0.9090909090909092,0.0199600798403193,0.0390625,14.51634930351589,1779435963246912300,2558
coldstart_stfpm_real_iad_vcpill_shot_noise_s1,C:\Users\Usuario\Desktop\Thesis\Pipeline\Real-time-visual-defect-detection\data\outputs\Experiment 5\coldstart_stfpm_real_iad_vcpill_shot_noise_s1,stfpm,vcpill,Tesla T4,shot_noise,1,0.8397812218699855,0.8999039816186487,0.0,0.0,0.0,14.588754425406975,1779435953188163500,2516
coldstart_stfpm_real_iad_vcpill_shot_noise_s2,C:\Users\Usuario\Desktop\Thesis\Pipeline\Real-time-visual-defect-detection\data\outputs\Experiment 5\coldstart_stfpm_real_iad_vcpill_shot_noise_s2,stfpm,vcpill,Tesla T4,shot_noise,2,0.8375308207115182,0.9011832860810256,0.0,0.0,0.0,14.65289263547636,1779435939726046600,2520
coldstart_stfpm_real_iad_vcpill_shot_noise_s3,C:\Users\Usuario\Desktop\Thesis\Pipeline\Real-time-visual-defect-detection\data\outputs\Experiment 5\coldstart_stfpm_real_iad_vcpill_shot_noise_s3,stfpm,vcpill,Tesla T4,shot_noise,3,0.8499667332002662,0.9090877726394152,1.0,0.0199600798403193,0.0391389432485322,14.639489140338016,1779435968258683200,2552
coldstart_stfpm_real_iad_wooden_beads_gaussian_noise_s1,C:\Users\Usuario\Desktop\Thesis\Pipeline\Real-time-visual-defect-detection\data\outputs\Experiment 5\coldstart_stfpm_real_iad_wooden_beads_gaussian_noise_s1,stfpm,wooden_beads,Tesla T4,gaussian_noise,1,0.699306119632698,0.8968520248219255,0.9160795375068346,0.1178362287274292,0.2081755410976512,44.81418211380389,1779857963544718300,2820
coldstart_stfpm_real_iad_wooden_beads_gaussian_noise_s2,C:\Users\Usuario\Desktop\Thesis\Pipeline\Real-time-visual-defect-detection\data\outputs\Experiment 5\coldstart_stfpm_real_iad_wooden_beads_gaussian_noise_s2,stfpm,wooden_beads,Tesla T4,gaussian_noise,2,0.7071892350975844,0.9033552210234448,0.9088625883785844,0.1046960194442588,0.1878138575728395,44.94717433500524,1779857963548718000,2831
coldstart_stfpm_real_iad_wooden_beads_gaussian_noise_s3,C:\Users\Usuario\Desktop\Thesis\Pipeline\Real-time-visual-defect-detection\data\outputs\Experiment 5\coldstart_stfpm_real_iad_wooden_beads_gaussian_noise_s3,stfpm,wooden_beads,Tesla T4,gaussian_noise,3,0.7021610069587402,0.8942418992610368,0.8085579453237649,0.1067559696323636,0.189907307607508,45.73850936520498,1779857963552717600,2827
coldstart_stfpm_real_iad_wooden_beads_motion_blur_s1,C:\Users\Usuario\Desktop\Thesis\Pipeline\Real-time-visual-defect-detection\data\outputs\Experiment 5\coldstart_stfpm_real_iad_wooden_beads_motion_blur_s1,stfpm,wooden_beads,Tesla T4,motion_blur,1,0.6575579112681585,0.8750755710062145,0.8,0.0070671378091872,0.0140105078809106,14.545291132650249,1779435953153023000,2567
coldstart_stfpm_real_iad_wooden_beads_motion_blur_s2,C:\Users\Usuario\Desktop\Thesis\Pipeline\Real-time-visual-defect-detection\data\outputs\Experiment 5\coldstart_stfpm_real_iad_wooden_beads_motion_blur_s2,stfpm,wooden_beads,Tesla T4,motion_blur,2,0.7073027090694934,0.8937728171067667,0.9090909090909092,0.0176678445229682,0.0346620450606585,14.547999737523774,1779435957351575900,2582
coldstart_stfpm_real_iad_wooden_beads_motion_blur_s3,C:\Users\Usuario\Desktop\Thesis\Pipeline\Real-time-visual-defect-detection\data\outputs\Experiment 5\coldstart_stfpm_real_iad_wooden_beads_motion_blur_s3,stfpm,wooden_beads,Tesla T4,motion_blur,3,0.6789948959560267,0.8776154268037366,0.3333333333333333,0.0017667844522968,0.0035149384885764,14.566600532087511,1779435943580254800,2586
coldstart_stfpm_real_iad_wooden_beads_shot_noise_s1,C:\Users\Usuario\Desktop\Thesis\Pipeline\Real-time-visual-defect-detection\data\outputs\Experiment 5\coldstart_stfpm_real_iad_wooden_beads_shot_noise_s1,stfpm,wooden_beads,Tesla T4,shot_noise,1,0.6854861929066876,0.8899332537152538,0.902439024390244,0.0653710247349823,0.1219110378912685,14.61418917402708,1779435953339924800,2575
coldstart_stfpm_real_iad_wooden_beads_shot_noise_s2,C:\Users\Usuario\Desktop\Thesis\Pipeline\Real-time-visual-defect-detection\data\outputs\Experiment 5\coldstart_stfpm_real_iad_wooden_beads_shot_noise_s2,stfpm,wooden_beads,Tesla T4,shot_noise,2,0.6617720193691925,0.8853182277922698,0.9090909090909092,0.0353356890459364,0.0680272108843537,14.664055583457587,1779435968955225700,2579
coldstart_stfpm_real_iad_wooden_beads_shot_noise_s3,C:\Users\Usuario\Desktop\Thesis\Pipeline\Real-time-visual-defect-detection\data\outputs\Experiment 5\coldstart_stfpm_real_iad_wooden_beads_shot_noise_s3,stfpm,wooden_beads,Tesla T4,shot_noise,3,0.6655411595340923,0.8900136654427808,0.9375,0.0530035335689045,0.1003344481605351,14.658320464946785,1779435948953683700,2569
coldstart_stfpm_real_iad_woodstick_gaussian_noise_s1,C:\Users\Usuario\Desktop\Thesis\Pipeline\Real-time-visual-defect-detection\data\outputs\Experiment 5\coldstart_stfpm_real_iad_woodstick_gaussian_noise_s1,stfpm,woodstick,Tesla T4,gaussian_noise,1,0.624710834656254,0.7572996731505006,0.5696873815805521,0.1008475388676593,0.170946576117536,45.90348296388546,1779857963552717600,2814
coldstart_stfpm_real_iad_woodstick_gaussian_noise_s2,C:\Users\Usuario\Desktop\Thesis\Pipeline\Real-time-visual-defect-detection\data\outputs\Experiment 5\coldstart_stfpm_real_iad_woodstick_gaussian_noise_s2,stfpm,woodstick,Tesla T4,gaussian_noise,2,0.6065174683268562,0.7473455615361324,0.5853466660992499,0.0809706507477886,0.1428950765305891,46.24918473694844,1779857963552717600,2812
coldstart_stfpm_real_iad_woodstick_gaussian_noise_s3,C:\Users\Usuario\Desktop\Thesis\Pipeline\Real-time-visual-defect-detection\data\outputs\Experiment 5\coldstart_stfpm_real_iad_woodstick_gaussian_noise_s3,stfpm,woodstick,Tesla T4,gaussian_noise,3,0.57956722320054,0.7557803429468573,0.6329503307920213,0.0541920490887016,0.1000695065226214,45.48222046360215,1779857963552717600,2820
coldstart_stfpm_real_iad_woodstick_motion_blur_s1,C:\Users\Usuario\Desktop\Thesis\Pipeline\Real-time-visual-defect-detection\data\outputs\Experiment 5\coldstart_stfpm_real_iad_woodstick_motion_blur_s1,stfpm,woodstick,Tesla T4,motion_blur,1,0.7938109452736317,0.8439912288887451,0.5769230769230769,0.03,0.0570342205323193,14.54571094292336,1779435940407530700,2564
coldstart_stfpm_real_iad_woodstick_motion_blur_s2,C:\Users\Usuario\Desktop\Thesis\Pipeline\Real-time-visual-defect-detection\data\outputs\Experiment 5\coldstart_stfpm_real_iad_woodstick_motion_blur_s2,stfpm,woodstick,Tesla T4,motion_blur,2,0.7483084577114427,0.8325565578392496,0.75,0.072,0.1313868613138686,14.555678550647167,1779435947486356500,2547
coldstart_stfpm_real_iad_woodstick_motion_blur_s3,C:\Users\Usuario\Desktop\Thesis\Pipeline\Real-time-visual-defect-detection\data\outputs\Experiment 5\coldstart_stfpm_real_iad_woodstick_motion_blur_s3,stfpm,woodstick,Tesla T4,motion_blur,3,0.7263283582089552,0.8234325066663102,0.6206896551724138,0.036,0.0680529300567107,14.54385144364235,1779435964147933000,2561
coldstart_stfpm_real_iad_woodstick_shot_noise_s1,C:\Users\Usuario\Desktop\Thesis\Pipeline\Real-time-visual-defect-detection\data\outputs\Experiment 5\coldstart_stfpm_real_iad_woodstick_shot_noise_s1,stfpm,woodstick,Tesla T4,shot_noise,1,0.5368059701492538,0.7247958298623352,0.6129032258064516,0.038,0.071563088512241,14.646895724685349,1779435948451572600,2559
coldstart_stfpm_real_iad_woodstick_shot_noise_s2,C:\Users\Usuario\Desktop\Thesis\Pipeline\Real-time-visual-defect-detection\data\outputs\Experiment 5\coldstart_stfpm_real_iad_woodstick_shot_noise_s2,stfpm,woodstick,Tesla T4,shot_noise,2,0.5237611940298508,0.7084970747020234,0.5625,0.036,0.0676691729323308,14.684759890200214,1779435964317860300,2549
coldstart_stfpm_real_iad_woodstick_shot_noise_s3,C:\Users\Usuario\Desktop\Thesis\Pipeline\Real-time-visual-defect-detection\data\outputs\Experiment 5\coldstart_stfpm_real_iad_woodstick_shot_noise_s3,stfpm,woodstick,Tesla T4,shot_noise,3,0.5259701492537314,0.7231224209132725,1.0,0.004,0.0079681274900398,14.668335295550508,1779435960380502000,2540
coldstart_stfpm_real_iad_zipper_gaussian_noise_s1,C:\Users\Usuario\Desktop\Thesis\Pipeline\Real-time-visual-defect-detection\data\outputs\Experiment 5\coldstart_stfpm_real_iad_zipper_gaussian_noise_s1,stfpm,zipper,Tesla T4,gaussian_noise,1,0.5285598374914234,0.7344200400471143,0.7678872383317752,0.0364055297430939,0.069576629582425,44.73364293589922,1779857963569743400,2823
coldstart_stfpm_real_iad_zipper_gaussian_noise_s2,C:\Users\Usuario\Desktop\Thesis\Pipeline\Real-time-visual-defect-detection\data\outputs\Experiment 5\coldstart_stfpm_real_iad_zipper_gaussian_noise_s2,stfpm,zipper,Tesla T4,gaussian_noise,2,0.525521237151955,0.728176861271496,0.75043569017571,0.0098058140355039,0.019275828179802,45.12454341021075,1779857963573825600,2825
coldstart_stfpm_real_iad_zipper_gaussian_noise_s3,C:\Users\Usuario\Desktop\Thesis\Pipeline\Real-time-visual-defect-detection\data\outputs\Experiment 5\coldstart_stfpm_real_iad_zipper_gaussian_noise_s3,stfpm,zipper,Tesla T4,gaussian_noise,3,0.5139288672323792,0.7214674211864968,0.7846227945010846,0.001,0.0020020239350462,46.34196977604776,1779857963576829700,2811
coldstart_stfpm_real_iad_zipper_motion_blur_s1,C:\Users\Usuario\Desktop\Thesis\Pipeline\Real-time-visual-defect-detection\data\outputs\Experiment 5\coldstart_stfpm_real_iad_zipper_motion_blur_s1,stfpm,zipper,Tesla T4,motion_blur,1,0.5665572139303482,0.7633084735854764,0.7894736842105263,0.03,0.0578034682080924,14.580573904410231,1779435946071474300,2553
coldstart_stfpm_real_iad_zipper_motion_blur_s2,C:\Users\Usuario\Desktop\Thesis\Pipeline\Real-time-visual-defect-detection\data\outputs\Experiment 5\coldstart_stfpm_real_iad_zipper_motion_blur_s2,stfpm,zipper,Tesla T4,motion_blur,2,0.573094527363184,0.7773597774343122,0.8888888888888888,0.016,0.0314341846758349,14.62499322537244,1779435939635838600,2553
coldstart_stfpm_real_iad_zipper_motion_blur_s3,C:\Users\Usuario\Desktop\Thesis\Pipeline\Real-time-visual-defect-detection\data\outputs\Experiment 5\coldstart_stfpm_real_iad_zipper_motion_blur_s3,stfpm,zipper,Tesla T4,motion_blur,3,0.6098606965174129,0.8030269783105823,1.0,0.01,0.0198019801980198,14.551632804554778,1779435951119009800,2539
coldstart_stfpm_real_iad_zipper_shot_noise_s1,C:\Users\Usuario\Desktop\Thesis\Pipeline\Real-time-visual-defect-detection\data\outputs\Experiment 5\coldstart_stfpm_real_iad_zipper_shot_noise_s1,stfpm,zipper,Tesla T4,shot_noise,1,0.5385870646766169,0.7436827946561476,0.75,0.03,0.0576923076923076,14.663645339610431,1779435953737200000,2539
coldstart_stfpm_real_iad_zipper_shot_noise_s2,C:\Users\Usuario\Desktop\Thesis\Pipeline\Real-time-visual-defect-detection\data\outputs\Experiment 5\coldstart_stfpm_real_iad_zipper_shot_noise_s2,stfpm,zipper,Tesla T4,shot_noise,2,0.5222089552238806,0.7343787988380295,0.6666666666666666,0.016,0.03125,14.6455478559661,1779435963302667400,2540
coldstart_stfpm_real_iad_zipper_shot_noise_s3,C:\Users\Usuario\Desktop\Thesis\Pipeline\Real-time-visual-defect-detection\data\outputs\Experiment 5\coldstart_stfpm_real_iad_zipper_shot_noise_s3,stfpm,zipper,Tesla T4,shot_noise,3,0.5395124378109453,0.7346903864690141,1.0,0.002,0.0039920159680638,14.638713438095994,1779435943245087300,2539
coldstart_subspacead_real_iad_audiojack_gaussian_noise_s1,C:\Users\Usuario\Desktop\Thesis\Pipeline\Real-time-visual-defect-detection\data\outputs\Experiment 5\coldstart_subspacead_real_iad_audiojack_gaussian_noise_s1,subspacead,audiojack,Tesla T4,gaussian_noise,1,0.5944318056543831,0.8292823494697374,0.9074074074074074,0.2843326885880077,0.4329896907216495,395.9740778183128,1779776588459442300,2613
coldstart_subspacead_real_iad_audiojack_gaussian_noise_s2,C:\Users\Usuario\Desktop\Thesis\Pipeline\Real-time-visual-defect-detection\data\outputs\Experiment 5\coldstart_subspacead_real_iad_audiojack_gaussian_noise_s2,subspacead,audiojack,Tesla T4,gaussian_noise,2,0.57911826900913,0.8212452983024552,0.9219858156028368,0.2514506769825919,0.3951367781155015,394.8295631253532,1779776635982391000,2610
coldstart_subspacead_real_iad_audiojack_gaussian_noise_s3,C:\Users\Usuario\Desktop\Thesis\Pipeline\Real-time-visual-defect-detection\data\outputs\Experiment 5\coldstart_subspacead_real_iad_audiojack_gaussian_noise_s3,subspacead,audiojack,Tesla T4,gaussian_noise,3,0.5745983704312443,0.8179492252299964,0.9037037037037036,0.2359767891682785,0.3742331288343558,395.6217283732403,1779776582304824100,2612
coldstart_subspacead_real_iad_audiojack_motion_blur_s1,C:\Users\Usuario\Desktop\Thesis\Pipeline\Real-time-visual-defect-detection\data\outputs\Experiment 5\coldstart_subspacead_real_iad_audiojack_motion_blur_s1,subspacead,audiojack,Tesla T4,motion_blur,1,0.7248395267389864,0.8794617619565411,0.9322694779856304,0.3953835406333634,0.5541982062808903,377.1282509554391,1779856953328420600,2446
coldstart_subspacead_real_iad_audiojack_motion_blur_s2,C:\Users\Usuario\Desktop\Thesis\Pipeline\Real-time-visual-defect-detection\data\outputs\Experiment 5\coldstart_subspacead_real_iad_audiojack_motion_blur_s2,subspacead,audiojack,Tesla T4,motion_blur,2,0.7117751572124192,0.8752352087172205,0.9250280841786648,0.4425362027684004,0.5986605850250861,373.0940718722856,1779856953335421500,2449
coldstart_subspacead_real_iad_audiojack_motion_blur_s3,C:\Users\Usuario\Desktop\Thesis\Pipeline\Real-time-visual-defect-detection\data\outputs\Experiment 5\coldstart_subspacead_real_iad_audiojack_motion_blur_s3,subspacead,audiojack,Tesla T4,motion_blur,3,0.6952940571796484,0.8692938079425223,0.9145690922471108,0.4205733685007295,0.5741466074542985,378.2313688238858,1779856953342434200,2444
coldstart_subspacead_real_iad_audiojack_shot_noise_s1,C:\Users\Usuario\Desktop\Thesis\Pipeline\Real-time-visual-defect-detection\data\outputs\Experiment 5\coldstart_subspacead_real_iad_audiojack_shot_noise_s1,subspacead,audiojack,Tesla T4,shot_noise,1,0.7560724683192209,0.8871536674226007,0.9374808171830604,0.4011584984126669,0.5595494611695867,328.0811182762331,1779859225421090500,2662
coldstart_subspacead_real_iad_audiojack_shot_noise_s2,C:\Users\Usuario\Desktop\Thesis\Pipeline\Real-time-visual-defect-detection\data\outputs\Experiment 5\coldstart_subspacead_real_iad_audiojack_shot_noise_s2,subspacead,audiojack,Tesla T4,shot_noise,2,0.7647081497309063,0.8985457277187159,0.9672816258704154,0.4004301894699669,0.569322800625735,327.08397404440257,1779859225431720300,2673
coldstart_subspacead_real_iad_audiojack_shot_noise_s3,C:\Users\Usuario\Desktop\Thesis\Pipeline\Real-time-visual-defect-detection\data\outputs\Experiment 5\coldstart_subspacead_real_iad_audiojack_shot_noise_s3,subspacead,audiojack,Tesla T4,shot_noise,3,0.7683389058749931,0.8883026417717782,0.947023697432127,0.3905915756201279,0.5426261183645678,333.34340029139264,1779859225441893200,2667
coldstart_subspacead_real_iad_bottle_cap_gaussian_noise_s1,C:\Users\Usuario\Desktop\Thesis\Pipeline\Real-time-visual-defect-detection\data\outputs\Experiment 5\coldstart_subspacead_real_iad_bottle_cap_gaussian_noise_s1,subspacead,bottle_cap,Tesla T4,gaussian_noise,1,0.6529374592302674,0.8579459790132002,0.9908256880733946,0.2113502935420743,0.3483870967741935,394.10180261877406,1779776610715718100,2619
coldstart_subspacead_real_iad_bottle_cap_gaussian_noise_s2,C:\Users\Usuario\Desktop\Thesis\Pipeline\Real-time-visual-defect-detection\data\outputs\Experiment 5\coldstart_subspacead_real_iad_bottle_cap_gaussian_noise_s2,subspacead,bottle_cap,Tesla T4,gaussian_noise,2,0.6095075016307893,0.8361294779056517,0.981651376146789,0.2093933463796477,0.3451612903225806,394.3325169800801,1779776603727798300,2614
coldstart_subspacead_real_iad_bottle_cap_gaussian_noise_s3,C:\Users\Usuario\Desktop\Thesis\Pipeline\Real-time-visual-defect-detection\data\outputs\Experiment 5\coldstart_subspacead_real_iad_bottle_cap_gaussian_noise_s3,subspacead,bottle_cap,Tesla T4,gaussian_noise,3,0.5825485159817352,0.8206624865081087,0.9894736842105264,0.1839530332681017,0.3102310231023102,394.3826116799586,1779776613285337000,2614
coldstart_subspacead_real_iad_bottle_cap_motion_blur_s1,C:\Users\Usuario\Desktop\Thesis\Pipeline\Real-time-visual-defect-detection\data\outputs\Experiment 5\coldstart_subspacead_real_iad_bottle_cap_motion_blur_s1,subspacead,bottle_cap,Tesla T4,motion_blur,1,0.7977429885876569,0.915566307413802,0.999,0.2465495647944053,0.3960694875891914,375.0866048889586,1779856953348424300,2434
coldstart_subspacead_real_iad_bottle_cap_motion_blur_s2,C:\Users\Usuario\Desktop\Thesis\Pipeline\Real-time-visual-defect-detection\data\outputs\Experiment 5\coldstart_subspacead_real_iad_bottle_cap_motion_blur_s2,subspacead,bottle_cap,Tesla T4,motion_blur,2,0.7599108932166492,0.8942095416904698,0.999,0.2442567598837729,0.3940522571300328,375.3675371968628,1779856953356422300,2434
coldstart_subspacead_real_iad_bottle_cap_motion_blur_s3,C:\Users\Usuario\Desktop\Thesis\Pipeline\Real-time-visual-defect-detection\data\outputs\Experiment 5\coldstart_subspacead_real_iad_bottle_cap_motion_blur_s3,subspacead,bottle_cap,Tesla T4,motion_blur,3,0.7219125297056158,0.8896714852731152,0.9971339696416208,0.2373233217544662,0.3846799201270079,373.6177626059229,1779856953364433000,2449
coldstart_subspacead_real_iad_bottle_cap_shot_noise_s1,C:\Users\Usuario\Desktop\Thesis\Pipeline\Real-time-visual-defect-detection\data\outputs\Experiment 5\coldstart_subspacead_real_iad_bottle_cap_shot_noise_s1,subspacead,bottle_cap,Tesla T4,shot_noise,1,0.8374902925287341,0.9411667551991642,0.999,0.280562487912837,0.4432073711616036,339.943387336282,1779859225452354200,2638
coldstart_subspacead_real_iad_bottle_cap_shot_noise_s2,C:\Users\Usuario\Desktop\Thesis\Pipeline\Real-time-visual-defect-detection\data\outputs\Experiment 5\coldstart_subspacead_real_iad_bottle_cap_shot_noise_s2,subspacead,bottle_cap,Tesla T4,shot_noise,2,0.8292808468306353,0.9283865768977954,0.999,0.2804835956387281,0.4414282596620757,338.82198279007474,1779859225469328500,2659
coldstart_subspacead_real_iad_bottle_cap_shot_noise_s3,C:\Users\Usuario\Desktop\Thesis\Pipeline\Real-time-visual-defect-detection\data\outputs\Experiment 5\coldstart_subspacead_real_iad_bottle_cap_shot_noise_s3,subspacead,bottle_cap,Tesla T4,shot_noise,3,0.7956475141088496,0.8983141466447523,0.996150165343751,0.2820631202184741,0.4409433768272308,339.8458043689245,1779859225489888200,2674
coldstart_subspacead_real_iad_button_battery_gaussian_noise_s1,C:\Users\Usuario\Desktop\Thesis\Pipeline\Real-time-visual-defect-detection\data\outputs\Experiment 5\coldstart_subspacead_real_iad_button_battery_gaussian_noise_s1,subspacead,button_battery,Tesla T4,gaussian_noise,1,0.9565061145109977,0.9851837728884918,0.9923469387755102,0.7524177949709865,0.8558855885588559,394.3415524128407,1779776606535902800,2621
coldstart_subspacead_real_iad_button_battery_gaussian_noise_s2,C:\Users\Usuario\Desktop\Thesis\Pipeline\Real-time-visual-defect-detection\data\outputs\Experiment 5\coldstart_subspacead_real_iad_button_battery_gaussian_noise_s2,subspacead,button_battery,Tesla T4,gaussian_noise,2,0.9542653602646628,0.9849425963347798,0.9972375690607734,0.6982591876208898,0.8213879408418657,395.2302814800164,1779776624832462500,2622
coldstart_subspacead_real_iad_button_battery_gaussian_noise_s3,C:\Users\Usuario\Desktop\Thesis\Pipeline\Real-time-visual-defect-detection\data\outputs\Experiment 5\coldstart_subspacead_real_iad_button_battery_gaussian_noise_s3,subspacead,button_battery,Tesla T4,gaussian_noise,3,0.9506981217828792,0.9834002179304192,0.9899497487437184,0.7620889748549323,0.8612021857923496,396.46928318569337,1779776633851625200,2622
coldstart_subspacead_real_iad_button_battery_motion_blur_s1,C:\Users\Usuario\Desktop\Thesis\Pipeline\Real-time-visual-defect-detection\data\outputs\Experiment 5\coldstart_subspacead_real_iad_button_battery_motion_blur_s1,subspacead,button_battery,Tesla T4,motion_blur,1,0.90635381116387,0.9717590246854372,0.999,0.6260640937458459,0.7698304792682851,367.8305241401461,1779856953372424900,2422
coldstart_subspacead_real_iad_button_battery_motion_blur_s2,C:\Users\Usuario\Desktop\Thesis\Pipeline\Real-time-visual-defect-detection\data\outputs\Experiment 5\coldstart_subspacead_real_iad_button_battery_motion_blur_s2,subspacead,button_battery,Tesla T4,motion_blur,2,0.8564351012777205,0.9433285465977804,0.999,0.584199154333558,0.7392974518278329,371.44409565609055,1779856953379418900,2428
coldstart_subspacead_real_iad_button_battery_motion_blur_s3,C:\Users\Usuario\Desktop\Thesis\Pipeline\Real-time-visual-defect-detection\data\outputs\Experiment 5\coldstart_subspacead_real_iad_button_battery_motion_blur_s3,subspacead,button_battery,Tesla T4,motion_blur,3,0.8388545487323179,0.9388849861140878,0.999,0.5497742717821,0.7113095741374534,372.53602017875136,1779856953385421500,2428
coldstart_subspacead_real_iad_button_battery_shot_noise_s1,C:\Users\Usuario\Desktop\Thesis\Pipeline\Real-time-visual-defect-detection\data\outputs\Experiment 5\coldstart_subspacead_real_iad_button_battery_shot_noise_s1,subspacead,button_battery,Tesla T4,shot_noise,1,0.8622242885495229,0.9553969496486924,0.9716676562070512,0.57485395245788,0.7186067993905287,333.64637701635525,1779859225504386300,2645
coldstart_subspacead_real_iad_button_battery_shot_noise_s2,C:\Users\Usuario\Desktop\Thesis\Pipeline\Real-time-visual-defect-detection\data\outputs\Experiment 5\coldstart_subspacead_real_iad_button_battery_shot_noise_s2,subspacead,button_battery,Tesla T4,shot_noise,2,0.8364850892651736,0.943476727731471,0.9720533043598144,0.554594386202149,0.7071989815943099,334.53899860523194,1779859225523186600,2670
coldstart_subspacead_real_iad_button_battery_shot_noise_s3,C:\Users\Usuario\Desktop\Thesis\Pipeline\Real-time-visual-defect-detection\data\outputs\Experiment 5\coldstart_subspacead_real_iad_button_battery_shot_noise_s3,subspacead,button_battery,Tesla T4,shot_noise,3,0.8131529373033192,0.9347900997325376,0.999,0.5329755918872776,0.6859190022187245,339.83372411226514,1779859225538742500,2653
coldstart_subspacead_real_iad_end_cap_gaussian_noise_s1,C:\Users\Usuario\Desktop\Thesis\Pipeline\Real-time-visual-defect-detection\data\outputs\Experiment 5\coldstart_subspacead_real_iad_end_cap_gaussian_noise_s1,subspacead,end_cap,Tesla T4,gaussian_noise,1,0.6788672865595943,0.8756448865689275,0.961038961038961,0.2846153846153846,0.4391691394658754,396.2373206096668,1779776619987692500,2607
coldstart_subspacead_real_iad_end_cap_gaussian_noise_s2,C:\Users\Usuario\Desktop\Thesis\Pipeline\Real-time-visual-defect-detection\data\outputs\Experiment 5\coldstart_subspacead_real_iad_end_cap_gaussian_noise_s2,subspacead,end_cap,Tesla T4,gaussian_noise,2,0.653846153846154,0.8644237713016318,0.9430379746835444,0.2865384615384615,0.43952802359882,396.43322412392473,1779776638929394900,2605
coldstart_subspacead_real_iad_end_cap_gaussian_noise_s3,C:\Users\Usuario\Desktop\Thesis\Pipeline\Real-time-visual-defect-detection\data\outputs\Experiment 5\coldstart_subspacead_real_iad_end_cap_gaussian_noise_s3,subspacead,end_cap,Tesla T4,gaussian_noise,3,0.6408706677937448,0.8587408166716132,0.9310344827586208,0.3115384615384615,0.4668587896253602,395.4658876823371,1779776580286770400,2610
coldstart_subspacead_real_iad_end_cap_motion_blur_s1,C:\Users\Usuario\Desktop\Thesis\Pipeline\Real-time-visual-defect-detection\data\outputs\Experiment 5\coldstart_subspacead_real_iad_end_cap_motion_blur_s1,subspacead,end_cap,Tesla T4,motion_blur,1,0.7731761051241823,0.9122300312466476,0.999,0.1641908078004834,0.2831349738145433,374.7581369064433,1779856953393422400,2432
coldstart_subspacead_real_iad_end_cap_motion_blur_s2,C:\Users\Usuario\Desktop\Thesis\Pipeline\Real-time-visual-defect-detection\data\outputs\Experiment 5\coldstart_subspacead_real_iad_end_cap_motion_blur_s2,subspacead,end_cap,Tesla T4,motion_blur,2,0.7482571796699168,0.903484013863896,0.999,0.1026938159565681,0.1861565716642174,369.7123677797324,1779856953403420600,2423
coldstart_subspacead_real_iad_end_cap_motion_blur_s3,C:\Users\Usuario\Desktop\Thesis\Pipeline\Real-time-visual-defect-detection\data\outputs\Experiment 5\coldstart_subspacead_real_iad_end_cap_motion_blur_s3,subspacead,end_cap,Tesla T4,motion_blur,3,0.7516478346113634,0.8960705640644527,0.999,0.1147317706718492,0.2053690396083603,367.7135910529927,1779856953413419700,2416
coldstart_subspacead_real_iad_end_cap_shot_noise_s1,C:\Users\Usuario\Desktop\Thesis\Pipeline\Real-time-visual-defect-detection\data\outputs\Experiment 5\coldstart_subspacead_real_iad_end_cap_shot_noise_s1,subspacead,end_cap,Tesla T4,shot_noise,1,0.8017877949693282,0.930876593104579,0.999,0.1053672092079768,0.1906811651784868,335.4946466388337,1779859225552080400,2637
coldstart_subspacead_real_iad_end_cap_shot_noise_s2,C:\Users\Usuario\Desktop\Thesis\Pipeline\Real-time-visual-defect-detection\data\outputs\Experiment 5\coldstart_subspacead_real_iad_end_cap_shot_noise_s2,subspacead,end_cap,Tesla T4,shot_noise,2,0.7813369185685977,0.8994947270561948,0.999,0.0814837244802592,0.1556585161818124,335.6466102399275,1779859225560078700,2649
coldstart_subspacead_real_iad_end_cap_shot_noise_s3,C:\Users\Usuario\Desktop\Thesis\Pipeline\Real-time-visual-defect-detection\data\outputs\Experiment 5\coldstart_subspacead_real_iad_end_cap_shot_noise_s3,subspacead,end_cap,Tesla T4,shot_noise,3,0.7738799993903936,0.8912873930067795,0.999,0.1029518509030227,0.1880987539745138,335.3785543294994,1779859225569055600,2656
coldstart_subspacead_real_iad_eraser_gaussian_noise_s1,C:\Users\Usuario\Desktop\Thesis\Pipeline\Real-time-visual-defect-detection\data\outputs\Experiment 5\coldstart_subspacead_real_iad_eraser_gaussian_noise_s1,subspacead,eraser,Tesla T4,gaussian_noise,1,0.7235184740882917,0.902070352482584,0.9854368932038836,0.3896353166986564,0.5584594222833563,393.8991786577821,1779776580893107800,2609
coldstart_subspacead_real_iad_eraser_gaussian_noise_s2,C:\Users\Usuario\Desktop\Thesis\Pipeline\Real-time-visual-defect-detection\data\outputs\Experiment 5\coldstart_subspacead_real_iad_eraser_gaussian_noise_s2,subspacead,eraser,Tesla T4,gaussian_noise,2,0.7036148432501599,0.8935350180207808,0.9844559585492229,0.3646833013435701,0.5322128851540616,392.5399442791101,1779776599944728200,2606
coldstart_subspacead_real_iad_eraser_gaussian_noise_s3,C:\Users\Usuario\Desktop\Thesis\Pipeline\Real-time-visual-defect-detection\data\outputs\Experiment 5\coldstart_subspacead_real_iad_eraser_gaussian_noise_s3,subspacead,eraser,Tesla T4,gaussian_noise,3,0.6862503998720411,0.8854241083215892,0.9842931937172776,0.3608445297504798,0.5280898876404494,393.98831966481214,1779776585670519100,2607
coldstart_subspacead_real_iad_eraser_motion_blur_s1,C:\Users\Usuario\Desktop\Thesis\Pipeline\Real-time-visual-defect-detection\data\outputs\Experiment 5\coldstart_subspacead_real_iad_eraser_motion_blur_s1,subspacead,eraser,Tesla T4,motion_blur,1,0.7115634561826581,0.891600800065728,0.999,0.3502868230878937,0.5185406702167374,367.82591648564767,1779856953427421300,2434
coldstart_subspacead_real_iad_eraser_motion_blur_s2,C:\Users\Usuario\Desktop\Thesis\Pipeline\Real-time-visual-defect-detection\data\outputs\Experiment 5\coldstart_subspacead_real_iad_eraser_motion_blur_s2,subspacead,eraser,Tesla T4,motion_blur,2,0.7187993422233031,0.8745028957383715,0.8852439725521336,0.3613166077090096,0.5149602043161741,370.0317814467754,1779856953434421900,2447
coldstart_subspacead_real_iad_eraser_motion_blur_s3,C:\Users\Usuario\Desktop\Thesis\Pipeline\Real-time-visual-defect-detection\data\outputs\Experiment 5\coldstart_subspacead_real_iad_eraser_motion_blur_s3,subspacead,eraser,Tesla T4,motion_blur,3,0.7210185631201962,0.8895398425508986,0.9411480157356688,0.3348157054745202,0.4944211834068707,365.2671598935293,1779856953440427000,2412
coldstart_subspacead_real_iad_eraser_shot_noise_s1,C:\Users\Usuario\Desktop\Thesis\Pipeline\Real-time-visual-defect-detection\data\outputs\Experiment 5\coldstart_subspacead_real_iad_eraser_shot_noise_s1,subspacead,eraser,Tesla T4,shot_noise,1,0.7777732119752462,0.9075474127840047,0.999,0.3345450135854506,0.503083936142656,336.6450259642726,1779859225577123100,2642
coldstart_subspacead_real_iad_eraser_shot_noise_s2,C:\Users\Usuario\Desktop\Thesis\Pipeline\Real-time-visual-defect-detection\data\outputs\Experiment 5\coldstart_subspacead_real_iad_eraser_shot_noise_s2,subspacead,eraser,Tesla T4,shot_noise,2,0.8014419272945812,0.933012184426354,0.9197907291371042,0.3384640710657853,0.4885784141829675,331.2394911620724,1779859225587885700,2668
coldstart_subspacead_real_iad_eraser_shot_noise_s3,C:\Users\Usuario\Desktop\Thesis\Pipeline\Real-time-visual-defect-detection\data\outputs\Experiment 5\coldstart_subspacead_real_iad_eraser_shot_noise_s3,subspacead,eraser,Tesla T4,shot_noise,3,0.7750154577324238,0.9156617886506296,0.6427779251322462,0.3164058463558991,0.4240983638782551,330.58768482783466,1779859225595882400,2676
coldstart_subspacead_real_iad_fire_hood_gaussian_noise_s1,C:\Users\Usuario\Desktop\Thesis\Pipeline\Real-time-visual-defect-detection\data\outputs\Experiment 5\coldstart_subspacead_real_iad_fire_hood_gaussian_noise_s1,subspacead,fire_hood,Tesla T4,gaussian_noise,1,0.8171345652688937,0.915916937880482,0.9869281045751634,0.2996031746031746,0.4596651445966515,397.50673954184646,1779776589293716400,2614
coldstart_subspacead_real_iad_fire_hood_gaussian_noise_s2,C:\Users\Usuario\Desktop\Thesis\Pipeline\Real-time-visual-defect-detection\data\outputs\Experiment 5\coldstart_subspacead_real_iad_fire_hood_gaussian_noise_s2,subspacead,fire_hood,Tesla T4,gaussian_noise,2,0.8116362631288004,0.9140092442325548,0.9932885906040269,0.2936507936507936,0.453292496171516,396.7980218680764,1779776612884631400,2615
coldstart_subspacead_real_iad_fire_hood_gaussian_noise_s3,C:\Users\Usuario\Desktop\Thesis\Pipeline\Real-time-visual-defect-detection\data\outputs\Experiment 5\coldstart_subspacead_real_iad_fire_hood_gaussian_noise_s3,subspacead,fire_hood,Tesla T4,gaussian_noise,3,0.7987246308141831,0.9100745493425888,0.9933333333333332,0.2956349206349206,0.4556574923547401,395.5125502128073,1779776581462965100,2611
coldstart_subspacead_real_iad_fire_hood_motion_blur_s1,C:\Users\Usuario\Desktop\Thesis\Pipeline\Real-time-visual-defect-detection\data\outputs\Experiment 5\coldstart_subspacead_real_iad_fire_hood_motion_blur_s1,subspacead,fire_hood,Tesla T4,motion_blur,1,0.8402792166783725,0.9246851838723148,0.999,0.2599153183810507,0.4129928158287392,373.1063549602792,1779856953449420600,2436
coldstart_subspacead_real_iad_fire_hood_motion_blur_s2,C:\Users\Usuario\Desktop\Thesis\Pipeline\Real-time-visual-defect-detection\data\outputs\Experiment 5\coldstart_subspacead_real_iad_fire_hood_motion_blur_s2,subspacead,fire_hood,Tesla T4,motion_blur,2,0.846642805411285,0.9353579299124202,0.999,0.2395393357240546,0.3856444064922972,370.0802693595255,1779856953457421000,2435
coldstart_subspacead_real_iad_fire_hood_motion_blur_s3,C:\Users\Usuario\Desktop\Thesis\Pipeline\Real-time-visual-defect-detection\data\outputs\Experiment 5\coldstart_subspacead_real_iad_fire_hood_motion_blur_s3,subspacead,fire_hood,Tesla T4,motion_blur,3,0.8412790669863873,0.9356406851306502,0.999,0.2536097300205605,0.4040444438420865,370.3509282839422,1779856953468425300,2436
coldstart_subspacead_real_iad_fire_hood_shot_noise_s1,C:\Users\Usuario\Desktop\Thesis\Pipeline\Real-time-visual-defect-detection\data\outputs\Experiment 5\coldstart_subspacead_real_iad_fire_hood_shot_noise_s1,subspacead,fire_hood,Tesla T4,shot_noise,1,0.8441899323160352,0.93063428993819,0.999,0.3751030344684158,0.5377645587428055,332.8648027975107,1779859225604272400,2635
coldstart_subspacead_real_iad_fire_hood_shot_noise_s2,C:\Users\Usuario\Desktop\Thesis\Pipeline\Real-time-visual-defect-detection\data\outputs\Experiment 5\coldstart_subspacead_real_iad_fire_hood_shot_noise_s2,subspacead,fire_hood,Tesla T4,shot_noise,2,0.860609852656407,0.950412036435616,0.999,0.3223051737300261,0.4816558591130852,333.10477222416534,1779859225612270200,2646
coldstart_subspacead_real_iad_fire_hood_shot_noise_s3,C:\Users\Usuario\Desktop\Thesis\Pipeline\Real-time-visual-defect-detection\data\outputs\Experiment 5\coldstart_subspacead_real_iad_fire_hood_shot_noise_s3,subspacead,fire_hood,Tesla T4,shot_noise,3,0.8576289668414689,0.9313553957404076,0.999,0.3604033766963659,0.5221423705124438,337.68578976667266,1779859225619086200,2650
coldstart_subspacead_real_iad_mint_gaussian_noise_s1,C:\Users\Usuario\Desktop\Thesis\Pipeline\Real-time-visual-defect-detection\data\outputs\Experiment 5\coldstart_subspacead_real_iad_mint_gaussian_noise_s1,subspacead,mint,Tesla T4,gaussian_noise,1,0.6555546565256088,0.974916979906552,0.9848484848484848,0.1788170563961485,0.3026775320139697,397.4635371116896,1779776638131299500,2604
coldstart_subspacead_real_iad_mint_gaussian_noise_s2,C:\Users\Usuario\Desktop\Thesis\Pipeline\Real-time-visual-defect-detection\data\outputs\Experiment 5\coldstart_subspacead_real_iad_mint_gaussian_noise_s2,subspacead,mint,Tesla T4,gaussian_noise,2,0.6073306901852901,0.9708191486656316,0.9761904761904762,0.2255845942228335,0.3664804469273743,396.2716539158575,1779776638334457700,2603
coldstart_subspacead_real_iad_mint_gaussian_noise_s3,C:\Users\Usuario\Desktop\Thesis\Pipeline\Real-time-visual-defect-detection\data\outputs\Experiment 5\coldstart_subspacead_real_iad_mint_gaussian_noise_s3,subspacead,mint,Tesla T4,gaussian_noise,3,0.5795776357310461,0.968201502358899,0.9702380952380952,0.2242090784044016,0.364245810055866,396.6743144191886,1779776611311089800,2602
coldstart_subspacead_real_iad_mint_motion_blur_s1,C:\Users\Usuario\Desktop\Thesis\Pipeline\Real-time-visual-defect-detection\data\outputs\Experiment 5\coldstart_subspacead_real_iad_mint_motion_blur_s1,subspacead,mint,Tesla T4,motion_blur,1,0.648826642530082,0.971525469078023,0.999,0.1588458362432067,0.2741648717067092,371.5437142732466,1779856953478421600,2433
coldstart_subspacead_real_iad_mint_motion_blur_s2,C:\Users\Usuario\Desktop\Thesis\Pipeline\Real-time-visual-defect-detection\data\outputs\Experiment 5\coldstart_subspacead_real_iad_mint_motion_blur_s2,subspacead,mint,Tesla T4,motion_blur,2,0.5779912953873796,0.960124220878524,0.999,0.1728315571933875,0.2949525000302478,369.7503342382829,1779856953486421500,2440
coldstart_subspacead_real_iad_mint_motion_blur_s3,C:\Users\Usuario\Desktop\Thesis\Pipeline\Real-time-visual-defect-detection\data\outputs\Experiment 5\coldstart_subspacead_real_iad_mint_motion_blur_s3,subspacead,mint,Tesla T4,motion_blur,3,0.6004846332524295,0.9590537202497054,0.999,0.1643575855482584,0.2833977053563498,370.5262721283529,1779856953492423100,2432
coldstart_subspacead_real_iad_mint_shot_noise_s1,C:\Users\Usuario\Desktop\Thesis\Pipeline\Real-time-visual-defect-detection\data\outputs\Experiment 5\coldstart_subspacead_real_iad_mint_shot_noise_s1,subspacead,mint,Tesla T4,shot_noise,1,0.6117438660864356,0.9739435632068932,0.999,0.1457654619193773,0.2587181145466458,332.17520540879445,1779859225638447900,2638
coldstart_subspacead_real_iad_mint_shot_noise_s2,C:\Users\Usuario\Desktop\Thesis\Pipeline\Real-time-visual-defect-detection\data\outputs\Experiment 5\coldstart_subspacead_real_iad_mint_shot_noise_s2,subspacead,mint,Tesla T4,shot_noise,2,0.5975243256858754,0.9579384439879352,0.999,0.1556655581395176,0.2673216306320242,335.53763335969853,1779859225649447900,2656
coldstart_subspacead_real_iad_mint_shot_noise_s3,C:\Users\Usuario\Desktop\Thesis\Pipeline\Real-time-visual-defect-detection\data\outputs\Experiment 5\coldstart_subspacead_real_iad_mint_shot_noise_s3,subspacead,mint,Tesla T4,shot_noise,3,0.6182417498308899,0.9588134862551516,0.999,0.1418038869767832,0.24909002722956,332.60117073562515,1779859225658097000,2657
coldstart_subspacead_real_iad_mounts_gaussian_noise_s1,C:\Users\Usuario\Desktop\Thesis\Pipeline\Real-time-visual-defect-detection\data\outputs\Experiment 5\coldstart_subspacead_real_iad_mounts_gaussian_noise_s1,subspacead,mounts,Tesla T4,gaussian_noise,1,0.7737415059642635,0.9147314368664152,1.0,0.3796477495107632,0.550354609929078,394.62424732537096,1779776581315786600,2590
coldstart_subspacead_real_iad_mounts_gaussian_noise_s2,C:\Users\Usuario\Desktop\Thesis\Pipeline\Real-time-visual-defect-detection\data\outputs\Experiment 5\coldstart_subspacead_real_iad_mounts_gaussian_noise_s2,subspacead,mounts,Tesla T4,gaussian_noise,2,0.7508776760514904,0.905642860364834,1.0,0.385518590998043,0.556497175141243,394.3733157281391,1779776585260391300,2592
coldstart_subspacead_real_iad_mounts_gaussian_noise_s3,C:\Users\Usuario\Desktop\Thesis\Pipeline\Real-time-visual-defect-detection\data\outputs\Experiment 5\coldstart_subspacead_real_iad_mounts_gaussian_noise_s3,subspacead,mounts,Tesla T4,gaussian_noise,3,0.7270206216994954,0.8944142897325003,0.9902912621359224,0.3992172211350293,0.5690376569037656,394.9356812535229,1779776584995025000,2610
coldstart_subspacead_real_iad_mounts_motion_blur_s1,C:\Users\Usuario\Desktop\Thesis\Pipeline\Real-time-visual-defect-detection\data\outputs\Experiment 5\coldstart_subspacead_real_iad_mounts_motion_blur_s1,subspacead,mounts,Tesla T4,motion_blur,1,0.8324620832034245,0.9443501669757852,0.9546993633541808,0.4331695011153972,0.5952058796245279,370.0419384217311,1779856953497422000,2435
coldstart_subspacead_real_iad_mounts_motion_blur_s2,C:\Users\Usuario\Desktop\Thesis\Pipeline\Real-time-visual-defect-detection\data\outputs\Experiment 5\coldstart_subspacead_real_iad_mounts_motion_blur_s2,subspacead,mounts,Tesla T4,motion_blur,2,0.8322407762017039,0.9398689731238464,0.999,0.4165122051749812,0.5865088415806214,366.3429790187914,1779856953503419900,2414
coldstart_subspacead_real_iad_mounts_motion_blur_s3,C:\Users\Usuario\Desktop\Thesis\Pipeline\Real-time-visual-defect-detection\data\outputs\Experiment 5\coldstart_subspacead_real_iad_mounts_motion_blur_s3,subspacead,mounts,Tesla T4,motion_blur,3,0.803993330297112,0.9346869310562924,0.8883205258649649,0.423009213801567,0.572831779789068,368.6808685160528,1779856953509421700,2450
coldstart_subspacead_real_iad_mounts_shot_noise_s1,C:\Users\Usuario\Desktop\Thesis\Pipeline\Real-time-visual-defect-detection\data\outputs\Experiment 5\coldstart_subspacead_real_iad_mounts_shot_noise_s1,subspacead,mounts,Tesla T4,shot_noise,1,0.8552707801915764,0.9372925226713364,0.9387814378385456,0.46929588817712,0.633825821827332,333.3526634651057,1779859225665095700,2658
coldstart_subspacead_real_iad_mounts_shot_noise_s2,C:\Users\Usuario\Desktop\Thesis\Pipeline\Real-time-visual-defect-detection\data\outputs\Experiment 5\coldstart_subspacead_real_iad_mounts_shot_noise_s2,subspacead,mounts,Tesla T4,shot_noise,2,0.8508658494144682,0.935936383171378,0.999,0.4634155782914211,0.6260929111195369,332.91742146822554,1779859225677162700,2662
coldstart_subspacead_real_iad_mounts_shot_noise_s3,C:\Users\Usuario\Desktop\Thesis\Pipeline\Real-time-visual-defect-detection\data\outputs\Experiment 5\coldstart_subspacead_real_iad_mounts_shot_noise_s3,subspacead,mounts,Tesla T4,shot_noise,3,0.8288203659443755,0.9381894505828752,0.6079548510912601,0.4593434272079467,0.5477594246014773,334.51754024103764,1779859225687909900,2670
coldstart_subspacead_real_iad_pcb_gaussian_noise_s1,C:\Users\Usuario\Desktop\Thesis\Pipeline\Real-time-visual-defect-detection\data\outputs\Experiment 5\coldstart_subspacead_real_iad_pcb_gaussian_noise_s1,subspacead,pcb,Tesla T4,gaussian_noise,1,0.7968993352810041,0.923538000755724,0.9823008849557522,0.4361493123772102,0.6040816326530613,395.91451965101305,1779776612294255900,2590
coldstart_subspacead_real_iad_pcb_gaussian_noise_s2,C:\Users\Usuario\Desktop\Thesis\Pipeline\Real-time-visual-defect-detection\data\outputs\Experiment 5\coldstart_subspacead_real_iad_pcb_gaussian_noise_s2,subspacead,pcb,Tesla T4,gaussian_noise,2,0.7570365544550425,0.908718287720953,0.9803921568627452,0.3929273084479371,0.5610098176718092,395.9771039800914,1779776592088603600,2600
coldstart_subspacead_real_iad_pcb_gaussian_noise_s3,C:\Users\Usuario\Desktop\Thesis\Pipeline\Real-time-visual-defect-detection\data\outputs\Experiment 5\coldstart_subspacead_real_iad_pcb_gaussian_noise_s3,subspacead,pcb,Tesla T4,gaussian_noise,3,0.7422661522644216,0.9024148838178042,0.9752475247524752,0.387033398821218,0.5541490857946554,397.3170399472903,1779776591246768300,2601
coldstart_subspacead_real_iad_pcb_motion_blur_s1,C:\Users\Usuario\Desktop\Thesis\Pipeline\Real-time-visual-defect-detection\data\outputs\Experiment 5\coldstart_subspacead_real_iad_pcb_motion_blur_s1,subspacead,pcb,Tesla T4,motion_blur,1,0.8220517226070573,0.9302884743902596,0.9575507458055909,0.4082563274140338,0.5709337792434849,369.4012540481496,1779856953517424600,2453
coldstart_subspacead_real_iad_pcb_motion_blur_s2,C:\Users\Usuario\Desktop\Thesis\Pipeline\Real-time-visual-defect-detection\data\outputs\Experiment 5\coldstart_subspacead_real_iad_pcb_motion_blur_s2,subspacead,pcb,Tesla T4,motion_blur,2,0.7975892806162389,0.918186731651649,0.999,0.3857156030470332,0.55824783753462,371.1342620310692,1779856953528420700,2434
coldstart_subspacead_real_iad_pcb_motion_blur_s3,C:\Users\Usuario\Desktop\Thesis\Pipeline\Real-time-visual-defect-detection\data\outputs\Experiment 5\coldstart_subspacead_real_iad_pcb_motion_blur_s3,subspacead,pcb,Tesla T4,motion_blur,3,0.726710806756365,0.8909903761726723,0.999,0.3699699680178638,0.5409359004628467,373.1874703861244,1779856953534422400,2426
coldstart_subspacead_real_iad_pcb_shot_noise_s1,C:\Users\Usuario\Desktop\Thesis\Pipeline\Real-time-visual-defect-detection\data\outputs\Experiment 5\coldstart_subspacead_real_iad_pcb_shot_noise_s1,subspacead,pcb,Tesla T4,shot_noise,1,0.8591261879780587,0.9574721359469084,0.999,0.4518284189033336,0.6311814840249624,338.86931766098166,1779859225697907800,2647
coldstart_subspacead_real_iad_pcb_shot_noise_s2,C:\Users\Usuario\Desktop\Thesis\Pipeline\Real-time-visual-defect-detection\data\outputs\Experiment 5\coldstart_subspacead_real_iad_pcb_shot_noise_s2,subspacead,pcb,Tesla T4,shot_noise,2,0.8345600959953289,0.9328650075685434,0.999,0.4400683662515475,0.6249049467584669,340.7767079203654,1779859225708221000,2661
coldstart_subspacead_real_iad_pcb_shot_noise_s3,C:\Users\Usuario\Desktop\Thesis\Pipeline\Real-time-visual-defect-detection\data\outputs\Experiment 5\coldstart_subspacead_real_iad_pcb_shot_noise_s3,subspacead,pcb,Tesla T4,shot_noise,3,0.800836469710834,0.9211278116860564,0.999,0.4139127384827684,0.583248652937436,340.44437413323755,1779859225721208900,2657
coldstart_subspacead_real_iad_phone_battery_gaussian_noise_s1,C:\Users\Usuario\Desktop\Thesis\Pipeline\Real-time-visual-defect-detection\data\outputs\Experiment 5\coldstart_subspacead_real_iad_phone_battery_gaussian_noise_s1,subspacead,phone_battery,Tesla T4,gaussian_noise,1,0.9085729989113318,0.9704696364555678,1.0,0.4390715667311411,0.6102150537634409,397.4046158371177,1779776638849198700,2606
coldstart_subspacead_real_iad_phone_battery_gaussian_noise_s2,C:\Users\Usuario\Desktop\Thesis\Pipeline\Real-time-visual-defect-detection\data\outputs\Experiment 5\coldstart_subspacead_real_iad_phone_battery_gaussian_noise_s2,subspacead,phone_battery,Tesla T4,gaussian_noise,2,0.9018401665768252,0.969949151297157,1.0,0.460348162475822,0.6304635761589403,397.3188656785974,1779776587940409400,2605
coldstart_subspacead_real_iad_phone_battery_gaussian_noise_s3,C:\Users\Usuario\Desktop\Thesis\Pipeline\Real-time-visual-defect-detection\data\outputs\Experiment 5\coldstart_subspacead_real_iad_phone_battery_gaussian_noise_s3,subspacead,phone_battery,Tesla T4,gaussian_noise,3,0.8913551278392575,0.9670444747833036,1.0,0.5029013539651838,0.6692406692406692,396.3237094256899,1779776621016586700,2604
coldstart_subspacead_real_iad_phone_battery_motion_blur_s1,C:\Users\Usuario\Desktop\Thesis\Pipeline\Real-time-visual-defect-detection\data\outputs\Experiment 5\coldstart_subspacead_real_iad_phone_battery_motion_blur_s1,subspacead,phone_battery,Tesla T4,motion_blur,1,0.876772963772551,0.962659187823853,0.999,0.4088385276740439,0.5794444859221666,371.3279776129416,1779856953540420300,2429
coldstart_subspacead_real_iad_phone_battery_motion_blur_s2,C:\Users\Usuario\Desktop\Thesis\Pipeline\Real-time-visual-defect-detection\data\outputs\Experiment 5\coldstart_subspacead_real_iad_phone_battery_motion_blur_s2,subspacead,phone_battery,Tesla T4,motion_blur,2,0.8257280551494827,0.9411390349724744,0.999,0.4164132924163097,0.5882563997421637,370.32883422943286,1779856953546420600,2414
coldstart_subspacead_real_iad_phone_battery_motion_blur_s3,C:\Users\Usuario\Desktop\Thesis\Pipeline\Real-time-visual-defect-detection\data\outputs\Experiment 5\coldstart_subspacead_real_iad_phone_battery_motion_blur_s3,subspacead,phone_battery,Tesla T4,motion_blur,3,0.7460787572874481,0.9079008544399296,0.999,0.3609779045118359,0.5313953805483279,373.11896915482566,1779856953553419400,2430
coldstart_subspacead_real_iad_phone_battery_shot_noise_s1,C:\Users\Usuario\Desktop\Thesis\Pipeline\Real-time-visual-defect-detection\data\outputs\Experiment 5\coldstart_subspacead_real_iad_phone_battery_shot_noise_s1,subspacead,phone_battery,Tesla T4,shot_noise,1,0.8654853836679239,0.941704328624546,0.9754478931334156,0.4077667941969305,0.5687535897977504,334.12521178848726,1779859225730207900,2659
coldstart_subspacead_real_iad_phone_battery_shot_noise_s2,C:\Users\Usuario\Desktop\Thesis\Pipeline\Real-time-visual-defect-detection\data\outputs\Experiment 5\coldstart_subspacead_real_iad_phone_battery_shot_noise_s2,subspacead,phone_battery,Tesla T4,shot_noise,2,0.8410707396922666,0.9353852493168956,0.999,0.4134491923557444,0.5877243468397315,339.5580407868477,1779859225742356100,2662
coldstart_subspacead_real_iad_phone_battery_shot_noise_s3,C:\Users\Usuario\Desktop\Thesis\Pipeline\Real-time-visual-defect-detection\data\outputs\Experiment 5\coldstart_subspacead_real_iad_phone_battery_shot_noise_s3,subspacead,phone_battery,Tesla T4,shot_noise,3,0.7969583767097284,0.9145685309347112,0.7648087771480961,0.3756602169705618,0.5146779443085203,339.3971388268708,1779859225750868000,2669
coldstart_subspacead_real_iad_plastic_nut_gaussian_noise_s1,C:\Users\Usuario\Desktop\Thesis\Pipeline\Real-time-visual-defect-detection\data\outputs\Experiment 5\coldstart_subspacead_real_iad_plastic_nut_gaussian_noise_s1,subspacead,plastic_nut,Tesla T4,gaussian_noise,1,0.540049504950495,0.7875081599079672,0.927710843373494,0.154,0.2641509433962264,395.80904277213375,1779776585726442200,2599
coldstart_subspacead_real_iad_plastic_nut_gaussian_noise_s2,C:\Users\Usuario\Desktop\Thesis\Pipeline\Real-time-visual-defect-detection\data\outputs\Experiment 5\coldstart_subspacead_real_iad_plastic_nut_gaussian_noise_s2,subspacead,plastic_nut,Tesla T4,gaussian_noise,2,0.5106138613861386,0.7732284392397515,0.9428571428571428,0.132,0.231578947368421,395.3867881167922,1779776621540384300,2603
coldstart_subspacead_real_iad_plastic_nut_gaussian_noise_s3,C:\Users\Usuario\Desktop\Thesis\Pipeline\Real-time-visual-defect-detection\data\outputs\Experiment 5\coldstart_subspacead_real_iad_plastic_nut_gaussian_noise_s3,subspacead,plastic_nut,Tesla T4,gaussian_noise,3,0.4975148514851485,0.7649988769615277,0.9636363636363636,0.106,0.1909909909909909,395.5878824614885,1779776581867811000,2603
coldstart_subspacead_real_iad_plastic_nut_motion_blur_s1,C:\Users\Usuario\Desktop\Thesis\Pipeline\Real-time-visual-defect-detection\data\outputs\Experiment 5\coldstart_subspacead_real_iad_plastic_nut_motion_blur_s1,subspacead,plastic_nut,Tesla T4,motion_blur,1,0.689257255233527,0.8608163727784879,0.958245042000514,0.2080324269583247,0.3429767926033696,371.483066773012,1779856953559419800,2450
coldstart_subspacead_real_iad_plastic_nut_motion_blur_s2,C:\Users\Usuario\Desktop\Thesis\Pipeline\Real-time-visual-defect-detection\data\outputs\Experiment 5\coldstart_subspacead_real_iad_plastic_nut_motion_blur_s2,subspacead,plastic_nut,Tesla T4,motion_blur,2,0.6359738733322617,0.8331214604141725,0.9789335577900498,0.1889156335845972,0.3172911376601826,373.87511367359855,1779856953567428000,2453
coldstart_subspacead_real_iad_plastic_nut_motion_blur_s3,C:\Users\Usuario\Desktop\Thesis\Pipeline\Real-time-visual-defect-detection\data\outputs\Experiment 5\coldstart_subspacead_real_iad_plastic_nut_motion_blur_s3,subspacead,plastic_nut,Tesla T4,motion_blur,3,0.6105611517079303,0.827471442791688,0.999,0.1114932790542846,0.2012833434193356,368.6074302923496,1779856953574422300,2373
coldstart_subspacead_real_iad_plastic_nut_shot_noise_s1,C:\Users\Usuario\Desktop\Thesis\Pipeline\Real-time-visual-defect-detection\data\outputs\Experiment 5\coldstart_subspacead_real_iad_plastic_nut_shot_noise_s1,subspacead,plastic_nut,Tesla T4,shot_noise,1,0.7076730186611769,0.8615781660773242,0.9375088596183032,0.2265622249171923,0.3667103275469838,334.0557847217501,1779859225760109200,2660
coldstart_subspacead_real_iad_plastic_nut_shot_noise_s2,C:\Users\Usuario\Desktop\Thesis\Pipeline\Real-time-visual-defect-detection\data\outputs\Experiment 5\coldstart_subspacead_real_iad_plastic_nut_shot_noise_s2,subspacead,plastic_nut,Tesla T4,shot_noise,2,0.7176822501999682,0.8681132578841675,0.999,0.2042070469337036,0.3389534807006717,340.6609402947871,1779859225767060500,2660
coldstart_subspacead_real_iad_plastic_nut_shot_noise_s3,C:\Users\Usuario\Desktop\Thesis\Pipeline\Real-time-visual-defect-detection\data\outputs\Experiment 5\coldstart_subspacead_real_iad_plastic_nut_shot_noise_s3,subspacead,plastic_nut,Tesla T4,shot_noise,3,0.7289077524153019,0.8769563168116575,0.999,0.1533500265038947,0.2696291591054311,337.77244422381665,1779859225777137100,2652
coldstart_subspacead_real_iad_plastic_plug_gaussian_noise_s1,C:\Users\Usuario\Desktop\Thesis\Pipeline\Real-time-visual-defect-detection\data\outputs\Experiment 5\coldstart_subspacead_real_iad_plastic_plug_gaussian_noise_s1,subspacead,plastic_plug,Tesla T4,gaussian_noise,1,0.8408034493637607,0.9425219046126242,0.9914893617021276,0.4533073929961089,0.6221628838451269,396.22070555938495,1779776634147955400,2621
coldstart_subspacead_real_iad_plastic_plug_gaussian_noise_s2,C:\Users\Usuario\Desktop\Thesis\Pipeline\Real-time-visual-defect-detection\data\outputs\Experiment 5\coldstart_subspacead_real_iad_plastic_plug_gaussian_noise_s2,subspacead,plastic_plug,Tesla T4,gaussian_noise,2,0.8294247554947943,0.940595587017601,0.9914529914529916,0.4513618677042801,0.6203208556149733,396.23162068814736,1779776586501129900,2618
coldstart_subspacead_real_iad_plastic_plug_gaussian_noise_s3,C:\Users\Usuario\Desktop\Thesis\Pipeline\Real-time-visual-defect-detection\data\outputs\Experiment 5\coldstart_subspacead_real_iad_plastic_plug_gaussian_noise_s3,subspacead,plastic_plug,Tesla T4,gaussian_noise,3,0.840340729834893,0.9452935419800416,0.996138996138996,0.5019455252918288,0.667529107373868,395.7132018955662,1779776637270454600,2614
coldstart_subspacead_real_iad_plastic_plug_motion_blur_s1,C:\Users\Usuario\Desktop\Thesis\Pipeline\Real-time-visual-defect-detection\data\outputs\Experiment 5\coldstart_subspacead_real_iad_plastic_plug_motion_blur_s1,subspacead,plastic_plug,Tesla T4,motion_blur,1,0.8726883828698555,0.9578139871475376,0.999,0.4644978155657997,0.6336158810575546,372.2119591915104,1779856953581424600,2430
coldstart_subspacead_real_iad_plastic_plug_motion_blur_s2,C:\Users\Usuario\Desktop\Thesis\Pipeline\Real-time-visual-defect-detection\data\outputs\Experiment 5\coldstart_subspacead_real_iad_plastic_plug_motion_blur_s2,subspacead,plastic_plug,Tesla T4,motion_blur,2,0.8638819792739113,0.9550428369929695,0.999,0.4495952838896457,0.620784368639286,373.3309934751149,1779856953588422500,2431
coldstart_subspacead_real_iad_plastic_plug_motion_blur_s3,C:\Users\Usuario\Desktop\Thesis\Pipeline\Real-time-visual-defect-detection\data\outputs\Experiment 5\coldstart_subspacead_real_iad_plastic_plug_motion_blur_s3,subspacead,plastic_plug,Tesla T4,motion_blur,3,0.861967734841535,0.950014188327392,0.999,0.4695113404921677,0.6377600659797941,368.270675460814,1779856953595421400,2394
coldstart_subspacead_real_iad_plastic_plug_shot_noise_s1,C:\Users\Usuario\Desktop\Thesis\Pipeline\Real-time-visual-defect-detection\data\outputs\Experiment 5\coldstart_subspacead_real_iad_plastic_plug_shot_noise_s1,subspacead,plastic_plug,Tesla T4,shot_noise,1,0.8821476348872785,0.9468785054841604,0.922789581405254,0.4524421328076338,0.6089933275903217,334.54723474556164,1779859225789681100,2654
coldstart_subspacead_real_iad_plastic_plug_shot_noise_s2,C:\Users\Usuario\Desktop\Thesis\Pipeline\Real-time-visual-defect-detection\data\outputs\Experiment 5\coldstart_subspacead_real_iad_plastic_plug_shot_noise_s2,subspacead,plastic_plug,Tesla T4,shot_noise,2,0.8552743584235369,0.9395961774145593,0.9417536329536232,0.4476492276890452,0.6145130086838427,334.6444756772689,1779859225796681200,2678
coldstart_subspacead_real_iad_plastic_plug_shot_noise_s3,C:\Users\Usuario\Desktop\Thesis\Pipeline\Real-time-visual-defect-detection\data\outputs\Experiment 5\coldstart_subspacead_real_iad_plastic_plug_shot_noise_s3,subspacead,plastic_plug,Tesla T4,shot_noise,3,0.8285171332853367,0.9432377872700634,0.999,0.4448722307094153,0.6118642240905364,333.0985191025811,1779859225805163200,2668
coldstart_subspacead_real_iad_porcelain_doll_gaussian_noise_s1,C:\Users\Usuario\Desktop\Thesis\Pipeline\Real-time-visual-defect-detection\data\outputs\Experiment 5\coldstart_subspacead_real_iad_porcelain_doll_gaussian_noise_s1,subspacead,porcelain_doll,Tesla T4,gaussian_noise,1,0.7571529737556945,0.9091086131491024,0.9824561403508772,0.3249516441005802,0.4883720930232558,394.660071838615,1779776610024575700,2623
coldstart_subspacead_real_iad_porcelain_doll_gaussian_noise_s2,C:\Users\Usuario\Desktop\Thesis\Pipeline\Real-time-visual-defect-detection\data\outputs\Experiment 5\coldstart_subspacead_real_iad_porcelain_doll_gaussian_noise_s2,subspacead,porcelain_doll,Tesla T4,gaussian_noise,2,0.7404741520542009,0.900407233604566,0.9785714285714284,0.264990328820116,0.4170471841704719,395.6402265687209,1779776590888236800,2623
coldstart_subspacead_real_iad_porcelain_doll_gaussian_noise_s3,C:\Users\Usuario\Desktop\Thesis\Pipeline\Real-time-visual-defect-detection\data\outputs\Experiment 5\coldstart_subspacead_real_iad_porcelain_doll_gaussian_noise_s3,subspacead,porcelain_doll,Tesla T4,gaussian_noise,3,0.7388252951559543,0.8989127319647052,0.9777777777777776,0.2553191489361702,0.4049079754601226,395.52393975430135,1779776582073753600,2625
coldstart_subspacead_real_iad_porcelain_doll_motion_blur_s1,C:\Users\Usuario\Desktop\Thesis\Pipeline\Real-time-visual-defect-detection\data\outputs\Experiment 5\coldstart_subspacead_real_iad_porcelain_doll_motion_blur_s1,subspacead,porcelain_doll,Tesla T4,motion_blur,1,0.7684897799921749,0.9088792060447264,0.9749088119826236,0.3107671010466036,0.4708684756588091,370.2107811820607,1779856953602422400,2459
coldstart_subspacead_real_iad_porcelain_doll_motion_blur_s2,C:\Users\Usuario\Desktop\Thesis\Pipeline\Real-time-visual-defect-detection\data\outputs\Experiment 5\coldstart_subspacead_real_iad_porcelain_doll_motion_blur_s2,subspacead,porcelain_doll,Tesla T4,motion_blur,2,0.7484710437577162,0.9116630576331998,0.9698298055659064,0.2991336862134067,0.457226917547463,365.868304118683,1779856953610427300,2432
coldstart_subspacead_real_iad_porcelain_doll_motion_blur_s3,C:\Users\Usuario\Desktop\Thesis\Pipeline\Real-time-visual-defect-detection\data\outputs\Experiment 5\coldstart_subspacead_real_iad_porcelain_doll_motion_blur_s3,subspacead,porcelain_doll,Tesla T4,motion_blur,3,0.7459625928742631,0.9093486719829762,0.9694923790566102,0.2919249840227247,0.4496563035411604,365.6503137367049,1779856953627423400,2453
coldstart_subspacead_real_iad_porcelain_doll_shot_noise_s1,C:\Users\Usuario\Desktop\Thesis\Pipeline\Real-time-visual-defect-detection\data\outputs\Experiment 5\coldstart_subspacead_real_iad_porcelain_doll_shot_noise_s1,subspacead,porcelain_doll,Tesla T4,shot_noise,1,0.7886460579990087,0.90925254273581,0.9865318150632804,0.3023879327993127,0.4568722121363106,335.9963406204684,1779859225813162200,2662
coldstart_subspacead_real_iad_porcelain_doll_shot_noise_s2,C:\Users\Usuario\Desktop\Thesis\Pipeline\Real-time-visual-defect-detection\data\outputs\Experiment 5\coldstart_subspacead_real_iad_porcelain_doll_shot_noise_s2,subspacead,porcelain_doll,Tesla T4,shot_noise,2,0.7795287516214332,0.9076977676806274,0.999,0.296427295312843,0.4466969175251443,336.29605186597934,1779859225823095000,2662
coldstart_subspacead_real_iad_porcelain_doll_shot_noise_s3,C:\Users\Usuario\Desktop\Thesis\Pipeline\Real-time-visual-defect-detection\data\outputs\Experiment 5\coldstart_subspacead_real_iad_porcelain_doll_shot_noise_s3,subspacead,porcelain_doll,Tesla T4,shot_noise,3,0.7967251365985779,0.9112319149917264,0.9496353762017836,0.3000486060566065,0.4591854189923168,330.49291591221896,1779859225834539200,2678
coldstart_subspacead_real_iad_regulator_gaussian_noise_s1,C:\Users\Usuario\Desktop\Thesis\Pipeline\Real-time-visual-defect-detection\data\outputs\Experiment 5\coldstart_subspacead_real_iad_regulator_gaussian_noise_s1,subspacead,regulator,Tesla T4,gaussian_noise,1,0.504440961337513,0.7290124934744431,0.8333333333333334,0.0191570881226053,0.0374531835205992,395.3187899790974,1779776587541877100,2614
coldstart_subspacead_real_iad_regulator_gaussian_noise_s2,C:\Users\Usuario\Desktop\Thesis\Pipeline\Real-time-visual-defect-detection\data\outputs\Experiment 5\coldstart_subspacead_real_iad_regulator_gaussian_noise_s2,subspacead,regulator,Tesla T4,gaussian_noise,2,0.4924532683153372,0.7164847964881584,0.6666666666666666,0.0153256704980842,0.0299625468164793,395.537798097247,1779776623093763500,2616
coldstart_subspacead_real_iad_regulator_gaussian_noise_s3,C:\Users\Usuario\Desktop\Thesis\Pipeline\Real-time-visual-defect-detection\data\outputs\Experiment 5\coldstart_subspacead_real_iad_regulator_gaussian_noise_s3,subspacead,regulator,Tesla T4,gaussian_noise,3,0.4910406749487209,0.7168076090818585,0.631578947368421,0.0229885057471264,0.044362292051756,395.9851608083078,1779776620289245900,2617
coldstart_subspacead_real_iad_regulator_motion_blur_s1,C:\Users\Usuario\Desktop\Thesis\Pipeline\Real-time-visual-defect-detection\data\outputs\Experiment 5\coldstart_subspacead_real_iad_regulator_motion_blur_s1,subspacead,regulator,Tesla T4,motion_blur,1,0.6571433387181785,0.8335697391780823,0.999,0.0534608225655415,0.1016743190953785,368.7818975413272,1779856953634426700,2432
coldstart_subspacead_real_iad_regulator_motion_blur_s2,C:\Users\Usuario\Desktop\Thesis\Pipeline\Real-time-visual-defect-detection\data\outputs\Experiment 5\coldstart_subspacead_real_iad_regulator_motion_blur_s2,subspacead,regulator,Tesla T4,motion_blur,2,0.6491681655103902,0.8143599595040906,0.8834134386791009,0.0510571723264685,0.0965403032509917,372.7553534264152,1779856953642421900,2446
coldstart_subspacead_real_iad_regulator_motion_blur_s3,C:\Users\Usuario\Desktop\Thesis\Pipeline\Real-time-visual-defect-detection\data\outputs\Experiment 5\coldstart_subspacead_real_iad_regulator_motion_blur_s3,subspacead,regulator,Tesla T4,motion_blur,3,0.6403710595327096,0.8194525659818934,0.8738640794948977,0.0654194205906739,0.1218616797758848,371.47799287527687,1779856953649422500,2439
coldstart_subspacead_real_iad_regulator_shot_noise_s1,C:\Users\Usuario\Desktop\Thesis\Pipeline\Real-time-visual-defect-detection\data\outputs\Experiment 5\coldstart_subspacead_real_iad_regulator_shot_noise_s1,subspacead,regulator,Tesla T4,shot_noise,1,0.7262493009239723,0.8711980944644508,0.8389422912908308,0.0559554234177331,0.1033662161179121,333.42765971274054,1779859225841657100,2659
coldstart_subspacead_real_iad_regulator_shot_noise_s2,C:\Users\Usuario\Desktop\Thesis\Pipeline\Real-time-visual-defect-detection\data\outputs\Experiment 5\coldstart_subspacead_real_iad_regulator_shot_noise_s2,subspacead,regulator,Tesla T4,shot_noise,2,0.7106035600868661,0.8598171725163984,0.9765052444160792,0.0491295282038298,0.0922407226557354,337.428581011493,1779859225850196100,2674
coldstart_subspacead_real_iad_regulator_shot_noise_s3,C:\Users\Usuario\Desktop\Thesis\Pipeline\Real-time-visual-defect-detection\data\outputs\Experiment 5\coldstart_subspacead_real_iad_regulator_shot_noise_s3,subspacead,regulator,Tesla T4,shot_noise,3,0.6863728780013686,0.8621403502924684,0.8764807430081788,0.0680949146391423,0.1255728212683554,333.49324302541453,1779859225858084500,2667
coldstart_subspacead_real_iad_rolled_strip_base_gaussian_noise_s1,C:\Users\Usuario\Desktop\Thesis\Pipeline\Real-time-visual-defect-detection\data\outputs\Experiment 5\coldstart_subspacead_real_iad_rolled_strip_base_gaussian_noise_s1,subspacead,rolled_strip_base,Tesla T4,gaussian_noise,1,0.9848309436874758,0.9942536650533772,0.9972451790633609,0.7056530214424951,0.8264840182648402,394.7678227084676,1779776624304828900,2629
coldstart_subspacead_real_iad_rolled_strip_base_gaussian_noise_s2,C:\Users\Usuario\Desktop\Thesis\Pipeline\Real-time-visual-defect-detection\data\outputs\Experiment 5\coldstart_subspacead_real_iad_rolled_strip_base_gaussian_noise_s2,subspacead,rolled_strip_base,Tesla T4,gaussian_noise,2,0.9833367965881992,0.9939235568646844,0.9976190476190476,0.8167641325536062,0.8981779206859593,395.0235309986122,1779776645084421500,2627
coldstart_subspacead_real_iad_rolled_strip_base_gaussian_noise_s3,C:\Users\Usuario\Desktop\Thesis\Pipeline\Real-time-visual-defect-detection\data\outputs\Experiment 5\coldstart_subspacead_real_iad_rolled_strip_base_gaussian_noise_s3,subspacead,rolled_strip_base,Tesla T4,gaussian_noise,3,0.9814072688772127,0.9934278516360864,0.9933920704845814,0.8791423001949318,0.9327817993795244,394.9637968126871,1779776585864386500,2629
coldstart_subspacead_real_iad_rolled_strip_base_motion_blur_s1,C:\Users\Usuario\Desktop\Thesis\Pipeline\Real-time-visual-defect-detection\data\outputs\Experiment 5\coldstart_subspacead_real_iad_rolled_strip_base_motion_blur_s1,subspacead,rolled_strip_base,Tesla T4,motion_blur,1,0.9652557327489144,0.9920584836936128,0.999,0.7108698477113843,0.8288828239447611,367.5422403779059,1779856953656420800,2446
coldstart_subspacead_real_iad_rolled_strip_base_motion_blur_s2,C:\Users\Usuario\Desktop\Thesis\Pipeline\Real-time-visual-defect-detection\data\outputs\Experiment 5\coldstart_subspacead_real_iad_rolled_strip_base_motion_blur_s2,subspacead,rolled_strip_base,Tesla T4,motion_blur,2,0.9575887276042918,0.9848803287660228,0.999,0.7637571845347128,0.864485855368584,366.0741150133901,1779856953666424300,2434
coldstart_subspacead_real_iad_rolled_strip_base_motion_blur_s3,C:\Users\Usuario\Desktop\Thesis\Pipeline\Real-time-visual-defect-detection\data\outputs\Experiment 5\coldstart_subspacead_real_iad_rolled_strip_base_motion_blur_s3,subspacead,rolled_strip_base,Tesla T4,motion_blur,3,0.9686035951289808,0.9836484069106356,0.999,0.7435279647866995,0.849212726437729,366.1245444999689,1779856953674422900,2437
coldstart_subspacead_real_iad_rolled_strip_base_shot_noise_s1,C:\Users\Usuario\Desktop\Thesis\Pipeline\Real-time-visual-defect-detection\data\outputs\Experiment 5\coldstart_subspacead_real_iad_rolled_strip_base_shot_noise_s1,subspacead,rolled_strip_base,Tesla T4,shot_noise,1,0.9431889235707128,0.9713776902961644,0.9789805587786304,0.7367902317810858,0.8445679846243997,328.5614993188788,1779859225871488500,2666
coldstart_subspacead_real_iad_rolled_strip_base_shot_noise_s2,C:\Users\Usuario\Desktop\Thesis\Pipeline\Real-time-visual-defect-detection\data\outputs\Experiment 5\coldstart_subspacead_real_iad_rolled_strip_base_shot_noise_s2,subspacead,rolled_strip_base,Tesla T4,shot_noise,2,0.9436984200607011,0.9734918588067067,0.999,0.7577212928402761,0.8612922729912603,329.4784307652969,1779859225879213500,2663
coldstart_subspacead_real_iad_rolled_strip_base_shot_noise_s3,C:\Users\Usuario\Desktop\Thesis\Pipeline\Real-time-visual-defect-detection\data\outputs\Experiment 5\coldstart_subspacead_real_iad_rolled_strip_base_shot_noise_s3,subspacead,rolled_strip_base,Tesla T4,shot_noise,3,0.8997836873616524,0.9434014823625164,0.999,0.698690609488634,0.799643467794872,334.7651901678888,1779859225887595900,2649
coldstart_subspacead_real_iad_sim_card_set_gaussian_noise_s1,C:\Users\Usuario\Desktop\Thesis\Pipeline\Real-time-visual-defect-detection\data\outputs\Experiment 5\coldstart_subspacead_real_iad_sim_card_set_gaussian_noise_s1,subspacead,sim_card_set,Tesla T4,gaussian_noise,1,0.9665056072536388,0.9871378388936234,0.9867724867724867,0.734251968503937,0.8419864559819413,397.02064688798913,1779776605976627500,2616
coldstart_subspacead_real_iad_sim_card_set_gaussian_noise_s2,C:\Users\Usuario\Desktop\Thesis\Pipeline\Real-time-visual-defect-detection\data\outputs\Experiment 5\coldstart_subspacead_real_iad_sim_card_set_gaussian_noise_s2,subspacead,sim_card_set,Tesla T4,gaussian_noise,2,0.966296826533047,0.9869476131721332,0.9868073878627968,0.7362204724409449,0.8432919954904171,397.6195420651011,1779776622000386900,2615
coldstart_subspacead_real_iad_sim_card_set_gaussian_noise_s3,C:\Users\Usuario\Desktop\Thesis\Pipeline\Real-time-visual-defect-detection\data\outputs\Experiment 5\coldstart_subspacead_real_iad_sim_card_set_gaussian_noise_s3,subspacead,sim_card_set,Tesla T4,gaussian_noise,3,0.9642786129006602,0.9862247546486308,0.9867021276595744,0.7303149606299213,0.8393665158371041,397.57006109077145,1779776623882985100,2619
coldstart_subspacead_real_iad_sim_card_set_motion_blur_s1,C:\Users\Usuario\Desktop\Thesis\Pipeline\Real-time-visual-defect-detection\data\outputs\Experiment 5\coldstart_subspacead_real_iad_sim_card_set_motion_blur_s1,subspacead,sim_card_set,Tesla T4,motion_blur,1,0.9574330846281652,0.9889441954619972,0.9899915040663334,0.7061954974236445,0.8258763687606515,366.3777392362428,1779856953681423300,2444
coldstart_subspacead_real_iad_sim_card_set_motion_blur_s2,C:\Users\Usuario\Desktop\Thesis\Pipeline\Real-time-visual-defect-detection\data\outputs\Experiment 5\coldstart_subspacead_real_iad_sim_card_set_motion_blur_s2,subspacead,sim_card_set,Tesla T4,motion_blur,2,0.960478903548762,0.9855157536146538,0.9819123986745026,0.7288645858690932,0.8389829228510841,364.7704355970029,1779856953688429600,2439
coldstart_subspacead_real_iad_sim_card_set_motion_blur_s3,C:\Users\Usuario\Desktop\Thesis\Pipeline\Real-time-visual-defect-detection\data\outputs\Experiment 5\coldstart_subspacead_real_iad_sim_card_set_motion_blur_s3,subspacead,sim_card_set,Tesla T4,motion_blur,3,0.95708855903169,0.9863260599548936,0.9815063252650754,0.714142667910649,0.8246085318159602,364.7184617716249,1779856953695424600,2437
coldstart_subspacead_real_iad_sim_card_set_shot_noise_s1,C:\Users\Usuario\Desktop\Thesis\Pipeline\Real-time-visual-defect-detection\data\outputs\Experiment 5\coldstart_subspacead_real_iad_sim_card_set_shot_noise_s1,subspacead,sim_card_set,Tesla T4,shot_noise,1,0.9318800188569064,0.9852582005352346,0.9875763715710008,0.761673969952505,0.8656210449420589,334.39166616064824,1779859225896066300,2664
coldstart_subspacead_real_iad_sim_card_set_shot_noise_s2,C:\Users\Usuario\Desktop\Thesis\Pipeline\Real-time-visual-defect-detection\data\outputs\Experiment 5\coldstart_subspacead_real_iad_sim_card_set_shot_noise_s2,subspacead,sim_card_set,Tesla T4,shot_noise,2,0.905629790161654,0.9544551853691254,0.9715761844775704,0.7368690148199729,0.825387218931917,335.18675044816507,1779859225911476300,2679
coldstart_subspacead_real_iad_sim_card_set_shot_noise_s3,C:\Users\Usuario\Desktop\Thesis\Pipeline\Real-time-visual-defect-detection\data\outputs\Experiment 5\coldstart_subspacead_real_iad_sim_card_set_shot_noise_s3,subspacead,sim_card_set,Tesla T4,shot_noise,3,0.8618570442411362,0.9253420194762152,0.9667506242948593,0.7515107265200022,0.8436159651012082,329.4436418932614,1779859225923426700,2683
coldstart_subspacead_real_iad_switch_gaussian_noise_s1,C:\Users\Usuario\Desktop\Thesis\Pipeline\Real-time-visual-defect-detection\data\outputs\Experiment 5\coldstart_subspacead_real_iad_switch_gaussian_noise_s1,subspacead,switch,Tesla T4,gaussian_noise,1,0.8427344755469754,0.9433881027380276,0.99581589958159,0.4594594594594595,0.6287978863936592,392.3899306267064,1779776621768903000,2605
coldstart_subspacead_real_iad_switch_gaussian_noise_s2,C:\Users\Usuario\Desktop\Thesis\Pipeline\Real-time-visual-defect-detection\data\outputs\Experiment 5\coldstart_subspacead_real_iad_switch_gaussian_noise_s2,subspacead,switch,Tesla T4,gaussian_noise,2,0.8237914253539254,0.9347685179904026,0.9953488372093025,0.4131274131274131,0.5839017735334243,395.48042432118,1779776645587239900,2604
coldstart_subspacead_real_iad_switch_gaussian_noise_s3,C:\Users\Usuario\Desktop\Thesis\Pipeline\Real-time-visual-defect-detection\data\outputs\Experiment 5\coldstart_subspacead_real_iad_switch_gaussian_noise_s3,subspacead,switch,Tesla T4,gaussian_noise,3,0.8016509813384813,0.926167364968426,0.9948717948717948,0.3745173745173745,0.544179523141655,396.23745228168,1779776605730587200,2607
coldstart_subspacead_real_iad_switch_motion_blur_s1,C:\Users\Usuario\Desktop\Thesis\Pipeline\Real-time-visual-defect-detection\data\outputs\Experiment 5\coldstart_subspacead_real_iad_switch_motion_blur_s1,subspacead,switch,Tesla T4,motion_blur,1,0.8934289666576357,0.9621833837452602,0.9970060743984804,0.4991330792132797,0.6671308278756645,370.0981949678524,1779856953701421300,2431
coldstart_subspacead_real_iad_switch_motion_blur_s2,C:\Users\Usuario\Desktop\Thesis\Pipeline\Real-time-visual-defect-detection\data\outputs\Experiment 5\coldstart_subspacead_real_iad_switch_motion_blur_s2,subspacead,switch,Tesla T4,motion_blur,2,0.8753485763193697,0.971381280766652,0.999,0.4526214785858237,0.6238625745234844,369.2948256448186,1779856953707419400,2415
coldstart_subspacead_real_iad_switch_motion_blur_s3,C:\Users\Usuario\Desktop\Thesis\Pipeline\Real-time-visual-defect-detection\data\outputs\Experiment 5\coldstart_subspacead_real_iad_switch_motion_blur_s3,subspacead,switch,Tesla T4,motion_blur,3,0.8422296587805621,0.94145559887614,0.9615793931154576,0.4320283210124772,0.5978707342482338,366.7416436112764,1779856953716426600,2445
coldstart_subspacead_real_iad_switch_shot_noise_s1,C:\Users\Usuario\Desktop\Thesis\Pipeline\Real-time-visual-defect-detection\data\outputs\Experiment 5\coldstart_subspacead_real_iad_switch_shot_noise_s1,subspacead,switch,Tesla T4,shot_noise,1,0.8916794490727701,0.9629675093354364,0.9968189010687328,0.5472167522063492,0.7150891337710902,337.19421564150133,1779859225932524200,2663
coldstart_subspacead_real_iad_switch_shot_noise_s2,C:\Users\Usuario\Desktop\Thesis\Pipeline\Real-time-visual-defect-detection\data\outputs\Experiment 5\coldstart_subspacead_real_iad_switch_shot_noise_s2,subspacead,switch,Tesla T4,shot_noise,2,0.8911942252408046,0.9696580388205024,0.9938424716175396,0.5064952875604143,0.6672593656068773,331.8485600972142,1779859225971211300,2677
coldstart_subspacead_real_iad_switch_shot_noise_s3,C:\Users\Usuario\Desktop\Thesis\Pipeline\Real-time-visual-defect-detection\data\outputs\Experiment 5\coldstart_subspacead_real_iad_switch_shot_noise_s3,subspacead,switch,Tesla T4,shot_noise,3,0.8856424561448331,0.9600453877885136,0.999,0.4926639614187632,0.6553523256812673,336.3650390707015,1779859225980204100,2666
coldstart_subspacead_real_iad_tape_gaussian_noise_s1,C:\Users\Usuario\Desktop\Thesis\Pipeline\Real-time-visual-defect-detection\data\outputs\Experiment 5\coldstart_subspacead_real_iad_tape_gaussian_noise_s1,subspacead,tape,Tesla T4,gaussian_noise,1,0.7327788461538461,0.8979723297476452,1.0,0.4038461538461538,0.5753424657534247,393.0560432000272,1779776636884384000,2589
coldstart_subspacead_real_iad_tape_gaussian_noise_s2,C:\Users\Usuario\Desktop\Thesis\Pipeline\Real-time-visual-defect-detection\data\outputs\Experiment 5\coldstart_subspacead_real_iad_tape_gaussian_noise_s2,subspacead,tape,Tesla T4,gaussian_noise,2,0.7310576923076924,0.8972078312471881,1.0,0.4076923076923077,0.5792349726775957,395.9040691125464,1779776591890261500,2587
coldstart_subspacead_real_iad_tape_gaussian_noise_s3,C:\Users\Usuario\Desktop\Thesis\Pipeline\Real-time-visual-defect-detection\data\outputs\Experiment 5\coldstart_subspacead_real_iad_tape_gaussian_noise_s3,subspacead,tape,Tesla T4,gaussian_noise,3,0.7273846153846153,0.8956031162965873,1.0,0.4019230769230769,0.5733882030178327,395.7043391445393,1779776635295484400,2587
coldstart_subspacead_real_iad_tape_motion_blur_s1,C:\Users\Usuario\Desktop\Thesis\Pipeline\Real-time-visual-defect-detection\data\outputs\Experiment 5\coldstart_subspacead_real_iad_tape_motion_blur_s1,subspacead,tape,Tesla T4,motion_blur,1,0.745954236268931,0.900892676994015,0.9034868281072927,0.4237048811139092,0.5765723489252192,365.5367658904299,1779856953723423600,2448
coldstart_subspacead_real_iad_tape_motion_blur_s2,C:\Users\Usuario\Desktop\Thesis\Pipeline\Real-time-visual-defect-detection\data\outputs\Experiment 5\coldstart_subspacead_real_iad_tape_motion_blur_s2,subspacead,tape,Tesla T4,motion_blur,2,0.7353680294870513,0.8973339690334263,0.9208350849941168,0.4198428617968666,0.5781069502183807,365.59654673981976,1779856953731423100,2457
coldstart_subspacead_real_iad_tape_motion_blur_s3,C:\Users\Usuario\Desktop\Thesis\Pipeline\Real-time-visual-defect-detection\data\outputs\Experiment 5\coldstart_subspacead_real_iad_tape_motion_blur_s3,subspacead,tape,Tesla T4,motion_blur,3,0.7227435839928609,0.8911696017441034,0.9555707474959024,0.4229788286741303,0.5879866238278982,364.8819032870415,1779856953737423200,2453
coldstart_subspacead_real_iad_tape_shot_noise_s1,C:\Users\Usuario\Desktop\Thesis\Pipeline\Real-time-visual-defect-detection\data\outputs\Experiment 5\coldstart_subspacead_real_iad_tape_shot_noise_s1,subspacead,tape,Tesla T4,shot_noise,1,0.7592303471602572,0.896264172366017,0.9441568525729748,0.4380084027998943,0.6033337051596811,329.91945553173963,1779859225991267500,2661
coldstart_subspacead_real_iad_tape_shot_noise_s2,C:\Users\Usuario\Desktop\Thesis\Pipeline\Real-time-visual-defect-detection\data\outputs\Experiment 5\coldstart_subspacead_real_iad_tape_shot_noise_s2,subspacead,tape,Tesla T4,shot_noise,2,0.7366401758417729,0.8844518646555128,0.933077925208841,0.4349325903411378,0.5979331703584333,329.72534012259376,1779859225999267400,2676
coldstart_subspacead_real_iad_tape_shot_noise_s3,C:\Users\Usuario\Desktop\Thesis\Pipeline\Real-time-visual-defect-detection\data\outputs\Experiment 5\coldstart_subspacead_real_iad_tape_shot_noise_s3,subspacead,tape,Tesla T4,shot_noise,3,0.723157775771249,0.8866405795564913,0.7758424264138672,0.4201365197218623,0.5476738388614171,335.9592515649397,1779859226009009600,2675
coldstart_subspacead_real_iad_terminalblock_gaussian_noise_s1,C:\Users\Usuario\Desktop\Thesis\Pipeline\Real-time-visual-defect-detection\data\outputs\Experiment 5\coldstart_subspacead_real_iad_terminalblock_gaussian_noise_s1,subspacead,terminalblock,Tesla T4,gaussian_noise,1,0.8321387306878252,0.9424282978609304,1.0,0.4474187380497132,0.618229854689564,395.665784271826,1779776634899791500,2602
coldstart_subspacead_real_iad_terminalblock_gaussian_noise_s2,C:\Users\Usuario\Desktop\Thesis\Pipeline\Real-time-visual-defect-detection\data\outputs\Experiment 5\coldstart_subspacead_real_iad_terminalblock_gaussian_noise_s2,subspacead,terminalblock,Tesla T4,gaussian_noise,2,0.7777425588695412,0.9218911457309766,1.0,0.372848948374761,0.5431754874651811,395.2849420324922,1779776637924561200,2603
coldstart_subspacead_real_iad_terminalblock_gaussian_noise_s3,C:\Users\Usuario\Desktop\Thesis\Pipeline\Real-time-visual-defect-detection\data\outputs\Experiment 5\coldstart_subspacead_real_iad_terminalblock_gaussian_noise_s3,subspacead,terminalblock,Tesla T4,gaussian_noise,3,0.7280804899745401,0.9009580561483806,0.9941520467836256,0.3250478011472275,0.4899135446685878,395.3932848744444,1779776622799070400,2625
coldstart_subspacead_real_iad_terminalblock_motion_blur_s1,C:\Users\Usuario\Desktop\Thesis\Pipeline\Real-time-visual-defect-detection\data\outputs\Experiment 5\coldstart_subspacead_real_iad_terminalblock_motion_blur_s1,subspacead,terminalblock,Tesla T4,motion_blur,1,0.8788205603189628,0.9658217466906164,0.999,0.4343642903276092,0.6074169859179562,409.5436945661875,1779856953744424100,2403
coldstart_subspacead_real_iad_terminalblock_motion_blur_s2,C:\Users\Usuario\Desktop\Thesis\Pipeline\Real-time-visual-defect-detection\data\outputs\Experiment 5\coldstart_subspacead_real_iad_terminalblock_motion_blur_s2,subspacead,terminalblock,Tesla T4,motion_blur,2,0.858023818441321,0.9547643723602708,0.999,0.3578279139392982,0.5251379569954351,408.3742998291144,1779856953750423300,2394
coldstart_subspacead_real_iad_terminalblock_motion_blur_s3,C:\Users\Usuario\Desktop\Thesis\Pipeline\Real-time-visual-defect-detection\data\outputs\Experiment 5\coldstart_subspacead_real_iad_terminalblock_motion_blur_s3,subspacead,terminalblock,Tesla T4,motion_blur,3,0.8172971962286886,0.9512148178353168,0.999,0.2750951653351738,0.4325834207459379,405.8010554663686,1779856953756429200,2424
coldstart_subspacead_real_iad_terminalblock_shot_noise_s1,C:\Users\Usuario\Desktop\Thesis\Pipeline\Real-time-visual-defect-detection\data\outputs\Experiment 5\coldstart_subspacead_real_iad_terminalblock_shot_noise_s1,subspacead,terminalblock,Tesla T4,shot_noise,1,0.9000842346217305,0.9569852270243212,0.999,0.3892849207393196,0.5634938668744518,355.6168037764264,1779859226018480100,2648
coldstart_subspacead_real_iad_terminalblock_shot_noise_s2,C:\Users\Usuario\Desktop\Thesis\Pipeline\Real-time-visual-defect-detection\data\outputs\Experiment 5\coldstart_subspacead_real_iad_terminalblock_shot_noise_s2,subspacead,terminalblock,Tesla T4,shot_noise,2,0.8973656303892018,0.9692135380000472,0.999,0.3613452059527587,0.5349523238172562,359.82601139608005,1779859226027302400,2664
coldstart_subspacead_real_iad_terminalblock_shot_noise_s3,C:\Users\Usuario\Desktop\Thesis\Pipeline\Real-time-visual-defect-detection\data\outputs\Experiment 5\coldstart_subspacead_real_iad_terminalblock_shot_noise_s3,subspacead,terminalblock,Tesla T4,shot_noise,3,0.8818197244479,0.968649052545802,0.999,0.3148384355867367,0.4796748629371878,355.8675253944578,1779859226047702300,2663
coldstart_subspacead_real_iad_toothbrush_gaussian_noise_s1,C:\Users\Usuario\Desktop\Thesis\Pipeline\Real-time-visual-defect-detection\data\outputs\Experiment 5\coldstart_subspacead_real_iad_toothbrush_gaussian_noise_s1,subspacead,toothbrush,Tesla T4,gaussian_noise,1,0.9503451554232804,0.9815064420407188,1.0,0.302734375,0.464767616191904,396.2956791296471,1779776580703735300,2593
coldstart_subspacead_real_iad_toothbrush_gaussian_noise_s2,C:\Users\Usuario\Desktop\Thesis\Pipeline\Real-time-visual-defect-detection\data\outputs\Experiment 5\coldstart_subspacead_real_iad_toothbrush_gaussian_noise_s2,subspacead,toothbrush,Tesla T4,gaussian_noise,2,0.9479063326719576,0.9804893511243822,1.0,0.29296875,0.4531722054380664,396.3833700699603,1779776587816992000,2594
coldstart_subspacead_real_iad_toothbrush_gaussian_noise_s3,C:\Users\Usuario\Desktop\Thesis\Pipeline\Real-time-visual-defect-detection\data\outputs\Experiment 5\coldstart_subspacead_real_iad_toothbrush_gaussian_noise_s3,subspacead,toothbrush,Tesla T4,gaussian_noise,3,0.9449508101851852,0.9789894908740402,1.0,0.287109375,0.4461305007587253,395.8389878773463,1779776588771850300,2591
coldstart_subspacead_real_iad_toothbrush_motion_blur_s1,C:\Users\Usuario\Desktop\Thesis\Pipeline\Real-time-visual-defect-detection\data\outputs\Experiment 5\coldstart_subspacead_real_iad_toothbrush_motion_blur_s1,subspacead,toothbrush,Tesla T4,motion_blur,1,0.932530341675527,0.9647988041763654,0.995180342518256,0.3186112392187486,0.4832555111709925,413.71675517990855,1779856953764431900,2406
coldstart_subspacead_real_iad_toothbrush_motion_blur_s2,C:\Users\Usuario\Desktop\Thesis\Pipeline\Real-time-visual-defect-detection\data\outputs\Experiment 5\coldstart_subspacead_real_iad_toothbrush_motion_blur_s2,subspacead,toothbrush,Tesla T4,motion_blur,2,0.9331263975108816,0.9723027869294604,0.9925049492342496,0.3293144678105212,0.4926548104445667,410.9782146840024,1779856953771422700,2408
coldstart_subspacead_real_iad_toothbrush_motion_blur_s3,C:\Users\Usuario\Desktop\Thesis\Pipeline\Real-time-visual-defect-detection\data\outputs\Experiment 5\coldstart_subspacead_real_iad_toothbrush_motion_blur_s3,subspacead,toothbrush,Tesla T4,motion_blur,3,0.9328174367671334,0.9653844017459076,0.999,0.3476376372411882,0.5159380227454848,411.5761474665426,1779856953778423900,2410
coldstart_subspacead_real_iad_toothbrush_shot_noise_s1,C:\Users\Usuario\Desktop\Thesis\Pipeline\Real-time-visual-defect-detection\data\outputs\Experiment 5\coldstart_subspacead_real_iad_toothbrush_shot_noise_s1,subspacead,toothbrush,Tesla T4,shot_noise,1,0.9313171391189102,0.976524621992224,0.9893710976428168,0.3585245655043455,0.525448066140314,364.5390307873427,1779859226105551700,2669
coldstart_subspacead_real_iad_toothbrush_shot_noise_s2,C:\Users\Usuario\Desktop\Thesis\Pipeline\Real-time-visual-defect-detection\data\outputs\Experiment 5\coldstart_subspacead_real_iad_toothbrush_shot_noise_s2,subspacead,toothbrush,Tesla T4,shot_noise,2,0.9198097454503112,0.973801363595883,0.9970948563075476,0.3553750432949881,0.5198159628818985,358.64000741517646,1779859226112548800,2676
coldstart_subspacead_real_iad_toothbrush_shot_noise_s3,C:\Users\Usuario\Desktop\Thesis\Pipeline\Real-time-visual-defect-detection\data\outputs\Experiment 5\coldstart_subspacead_real_iad_toothbrush_shot_noise_s3,subspacead,toothbrush,Tesla T4,shot_noise,3,0.9057390141898266,0.9645034453862816,0.993656938581835,0.3322411052672312,0.4852840345613165,359.28264648701,1779859226121326700,2667
coldstart_subspacead_real_iad_toy_brick_gaussian_noise_s1,C:\Users\Usuario\Desktop\Thesis\Pipeline\Real-time-visual-defect-detection\data\outputs\Experiment 5\coldstart_subspacead_real_iad_toy_brick_gaussian_noise_s1,subspacead,toy_brick,Tesla T4,gaussian_noise,1,0.7441114785835283,0.8931043254208739,1.0,0.2292490118577075,0.3729903536977492,399.1541940353288,1779776635608758800,2596
coldstart_subspacead_real_iad_toy_brick_gaussian_noise_s2,C:\Users\Usuario\Desktop\Thesis\Pipeline\Real-time-visual-defect-detection\data\outputs\Experiment 5\coldstart_subspacead_real_iad_toy_brick_gaussian_noise_s2,subspacead,toy_brick,Tesla T4,gaussian_noise,2,0.7400479954827781,0.8915157409172003,1.0,0.2351778656126482,0.3808,399.6569559585986,1779776636363004200,2588
coldstart_subspacead_real_iad_toy_brick_gaussian_noise_s3,C:\Users\Usuario\Desktop\Thesis\Pipeline\Real-time-visual-defect-detection\data\outputs\Experiment 5\coldstart_subspacead_real_iad_toy_brick_gaussian_noise_s3,subspacead,toy_brick,Tesla T4,gaussian_noise,3,0.7377994676131322,0.890420167493829,1.0,0.2391304347826087,0.3859649122807018,399.250915252165,1779776587132593500,2597
coldstart_subspacead_real_iad_toy_brick_motion_blur_s1,C:\Users\Usuario\Desktop\Thesis\Pipeline\Real-time-visual-defect-detection\data\outputs\Experiment 5\coldstart_subspacead_real_iad_toy_brick_motion_blur_s1,subspacead,toy_brick,Tesla T4,motion_blur,1,0.7546675157290259,0.9014524241677772,0.9952209962618346,0.2133559758460093,0.3522168684268688,407.7105009908628,1779856953805426200,2420
coldstart_subspacead_real_iad_toy_brick_motion_blur_s2,C:\Users\Usuario\Desktop\Thesis\Pipeline\Real-time-visual-defect-detection\data\outputs\Experiment 5\coldstart_subspacead_real_iad_toy_brick_motion_blur_s2,subspacead,toy_brick,Tesla T4,motion_blur,2,0.7529370545928342,0.8979022023302944,0.999,0.2034920027839313,0.3382105662160121,408.2931001739415,1779856953814437700,2412
coldstart_subspacead_real_iad_toy_brick_motion_blur_s3,C:\Users\Usuario\Desktop\Thesis\Pipeline\Real-time-visual-defect-detection\data\outputs\Experiment 5\coldstart_subspacead_real_iad_toy_brick_motion_blur_s3,subspacead,toy_brick,Tesla T4,motion_blur,3,0.7639179890166626,0.8861830249698687,0.918785113369231,0.1977675359362571,0.3254487700826551,413.1577728723568,1779856953822447100,2430
coldstart_subspacead_real_iad_toy_brick_shot_noise_s1,C:\Users\Usuario\Desktop\Thesis\Pipeline\Real-time-visual-defect-detection\data\outputs\Experiment 5\coldstart_subspacead_real_iad_toy_brick_shot_noise_s1,subspacead,toy_brick,Tesla T4,shot_noise,1,0.7613082825823492,0.8991286453899177,0.999,0.2075613576370961,0.3468191231628862,362.9938425663837,1779859226184782300,2663
coldstart_subspacead_real_iad_toy_brick_shot_noise_s2,C:\Users\Usuario\Desktop\Thesis\Pipeline\Real-time-visual-defect-detection\data\outputs\Experiment 5\coldstart_subspacead_real_iad_toy_brick_shot_noise_s2,subspacead,toy_brick,Tesla T4,shot_noise,2,0.7525293993700204,0.8880676862691436,0.9756839015469386,0.2153591247653953,0.3550417309653921,356.6898864484691,1779859226194783100,2678
coldstart_subspacead_real_iad_toy_brick_shot_noise_s3,C:\Users\Usuario\Desktop\Thesis\Pipeline\Real-time-visual-defect-detection\data\outputs\Experiment 5\coldstart_subspacead_real_iad_toy_brick_shot_noise_s3,subspacead,toy_brick,Tesla T4,shot_noise,3,0.7448374002745567,0.8797258041097319,0.9511041303052342,0.2107110058183589,0.3507498591346062,357.12770213758864,1779859226256505300,2679
coldstart_subspacead_real_iad_toy_gaussian_noise_s1,C:\Users\Usuario\Desktop\Thesis\Pipeline\Real-time-visual-defect-detection\data\outputs\Experiment 5\coldstart_subspacead_real_iad_toy_gaussian_noise_s1,subspacead,toy,Tesla T4,gaussian_noise,1,0.6468011996742606,0.8533260424246767,0.9797297297297296,0.2865612648221344,0.4434250764525994,395.05278647925576,1779776586905813700,2603
coldstart_subspacead_real_iad_toy_gaussian_noise_s2,C:\Users\Usuario\Desktop\Thesis\Pipeline\Real-time-visual-defect-detection\data\outputs\Experiment 5\coldstart_subspacead_real_iad_toy_gaussian_noise_s2,subspacead,toy,Tesla T4,gaussian_noise,2,0.6063121933779569,0.8262427744229477,0.9873417721518988,0.1541501976284585,0.2666666666666666,394.6766347179857,1779776587673392200,2602
coldstart_subspacead_real_iad_toy_gaussian_noise_s3,C:\Users\Usuario\Desktop\Thesis\Pipeline\Real-time-visual-defect-detection\data\outputs\Experiment 5\coldstart_subspacead_real_iad_toy_gaussian_noise_s3,subspacead,toy,Tesla T4,gaussian_noise,3,0.5856853437146206,0.8068608922481099,0.9850746268656716,0.1304347826086956,0.2303664921465968,395.7003157859559,1779776613493773900,2601
coldstart_subspacead_real_iad_toy_motion_blur_s1,C:\Users\Usuario\Desktop\Thesis\Pipeline\Real-time-visual-defect-detection\data\outputs\Experiment 5\coldstart_subspacead_real_iad_toy_motion_blur_s1,subspacead,toy,Tesla T4,motion_blur,1,0.8177834367144584,0.9320861669150134,0.999,0.3656948137905049,0.5345787575827671,404.1131935681009,1779856953784415800,2416
coldstart_subspacead_real_iad_toy_motion_blur_s2,C:\Users\Usuario\Desktop\Thesis\Pipeline\Real-time-visual-defect-detection\data\outputs\Experiment 5\coldstart_subspacead_real_iad_toy_motion_blur_s2,subspacead,toy,Tesla T4,motion_blur,2,0.7971931633019143,0.9406105320456508,0.999,0.3484703092529095,0.5169219236108056,407.1058287605779,1779856953791422900,2419
coldstart_subspacead_real_iad_toy_motion_blur_s3,C:\Users\Usuario\Desktop\Thesis\Pipeline\Real-time-visual-defect-detection\data\outputs\Experiment 5\coldstart_subspacead_real_iad_toy_motion_blur_s3,subspacead,toy,Tesla T4,motion_blur,3,0.7508543849781018,0.8978372716521594,0.999,0.2556108755858752,0.4062703027120249,409.6151182036811,1779856953798421700,2425
coldstart_subspacead_real_iad_toy_shot_noise_s1,C:\Users\Usuario\Desktop\Thesis\Pipeline\Real-time-visual-defect-detection\data\outputs\Experiment 5\coldstart_subspacead_real_iad_toy_shot_noise_s1,subspacead,toy,Tesla T4,shot_noise,1,0.8646547481462049,0.948030641932688,0.999,0.3536638565890495,0.5226669425647377,354.4947352308434,1779859226129326000,2642
coldstart_subspacead_real_iad_toy_shot_noise_s2,C:\Users\Usuario\Desktop\Thesis\Pipeline\Real-time-visual-defect-detection\data\outputs\Experiment 5\coldstart_subspacead_real_iad_toy_shot_noise_s2,subspacead,toy,Tesla T4,shot_noise,2,0.8512201448456576,0.9637017420535452,0.999,0.3413358166545883,0.5154400459369365,358.77925011710704,1779859226167299200,2650
coldstart_subspacead_real_iad_toy_shot_noise_s3,C:\Users\Usuario\Desktop\Thesis\Pipeline\Real-time-visual-defect-detection\data\outputs\Experiment 5\coldstart_subspacead_real_iad_toy_shot_noise_s3,subspacead,toy,Tesla T4,shot_noise,3,0.8292073076663894,0.9449598857300486,0.999,0.2959329204668151,0.45681174778512,354.54716292808155,1779859226174838000,2662
coldstart_subspacead_real_iad_transistor1_gaussian_noise_s1,C:\Users\Usuario\Desktop\Thesis\Pipeline\Real-time-visual-defect-detection\data\outputs\Experiment 5\coldstart_subspacead_real_iad_transistor1_gaussian_noise_s1,subspacead,transistor1,Tesla T4,gaussian_noise,1,0.9515798609359074,0.9814835771713344,1.0,0.1610337972166998,0.2773972602739726,395.8916311903262,1779776634840102000,2599
coldstart_subspacead_real_iad_transistor1_gaussian_noise_s2,C:\Users\Usuario\Desktop\Thesis\Pipeline\Real-time-visual-defect-detection\data\outputs\Experiment 5\coldstart_subspacead_real_iad_transistor1_gaussian_noise_s2,subspacead,transistor1,Tesla T4,gaussian_noise,2,0.94157895267986,0.9780876698327254,1.0,0.1550695825049702,0.2685025817555938,395.7348891614882,1779776606841777600,2600
coldstart_subspacead_real_iad_transistor1_gaussian_noise_s3,C:\Users\Usuario\Desktop\Thesis\Pipeline\Real-time-visual-defect-detection\data\outputs\Experiment 5\coldstart_subspacead_real_iad_transistor1_gaussian_noise_s3,subspacead,transistor1,Tesla T4,gaussian_noise,3,0.9273092410006964,0.9727962158066812,1.0,0.1451292246520874,0.2534722222222222,395.644074454228,1779776588189449400,2605
coldstart_subspacead_real_iad_transistor1_motion_blur_s1,C:\Users\Usuario\Desktop\Thesis\Pipeline\Real-time-visual-defect-detection\data\outputs\Experiment 5\coldstart_subspacead_real_iad_transistor1_motion_blur_s1,subspacead,transistor1,Tesla T4,motion_blur,1,0.999,0.999,0.999,0.2060520348230415,0.3422191629669756,405.26766706816926,1779856953829691800,2366
coldstart_subspacead_real_iad_transistor1_motion_blur_s2,C:\Users\Usuario\Desktop\Thesis\Pipeline\Real-time-visual-defect-detection\data\outputs\Experiment 5\coldstart_subspacead_real_iad_transistor1_motion_blur_s2,subspacead,transistor1,Tesla T4,motion_blur,2,0.999,0.999,0.999,0.1857589467622727,0.3129797490536473,407.00497072656094,1779856953836091400,2370
coldstart_subspacead_real_iad_transistor1_motion_blur_s3,C:\Users\Usuario\Desktop\Thesis\Pipeline\Real-time-visual-defect-detection\data\outputs\Experiment 5\coldstart_subspacead_real_iad_transistor1_motion_blur_s3,subspacead,transistor1,Tesla T4,motion_blur,3,0.931283018787496,0.9907344549055092,0.999,0.1895278336063498,0.31851248341984,404.8531786844229,1779856953842558600,2400
coldstart_subspacead_real_iad_transistor1_shot_noise_s1,C:\Users\Usuario\Desktop\Thesis\Pipeline\Real-time-visual-defect-detection\data\outputs\Experiment 5\coldstart_subspacead_real_iad_transistor1_shot_noise_s1,subspacead,transistor1,Tesla T4,shot_noise,1,0.999,0.999,0.999,0.2084965454795485,0.3393988124736354,355.5564696581986,1779859226266339000,2585
coldstart_subspacead_real_iad_transistor1_shot_noise_s2,C:\Users\Usuario\Desktop\Thesis\Pipeline\Real-time-visual-defect-detection\data\outputs\Experiment 5\coldstart_subspacead_real_iad_transistor1_shot_noise_s2,subspacead,transistor1,Tesla T4,shot_noise,2,0.999,0.999,0.999,0.2260322793444364,0.3714904318613499,359.94138840256744,1779859226274583600,2627
coldstart_subspacead_real_iad_transistor1_shot_noise_s3,C:\Users\Usuario\Desktop\Thesis\Pipeline\Real-time-visual-defect-detection\data\outputs\Experiment 5\coldstart_subspacead_real_iad_transistor1_shot_noise_s3,subspacead,transistor1,Tesla T4,shot_noise,3,0.9855106382290222,0.999,0.999,0.2106175288867064,0.3506960672562802,354.49425986481526,1779859226351564300,2623
coldstart_subspacead_real_iad_u_block_gaussian_noise_s1,C:\Users\Usuario\Desktop\Thesis\Pipeline\Real-time-visual-defect-detection\data\outputs\Experiment 5\coldstart_subspacead_real_iad_u_block_gaussian_noise_s1,subspacead,u_block,Tesla T4,gaussian_noise,1,0.74471556177682,0.8929037208816505,0.9919354838709676,0.2464929859719438,0.3948635634028893,395.0648150902085,1779776581983679900,2609
coldstart_subspacead_real_iad_u_block_gaussian_noise_s2,C:\Users\Usuario\Desktop\Thesis\Pipeline\Real-time-visual-defect-detection\data\outputs\Experiment 5\coldstart_subspacead_real_iad_u_block_gaussian_noise_s2,subspacead,u_block,Tesla T4,gaussian_noise,2,0.6976113030080262,0.8735361996756847,1.0,0.220440881763527,0.361247947454844,394.9070112063149,1779776610280559900,2594
coldstart_subspacead_real_iad_u_block_gaussian_noise_s3,C:\Users\Usuario\Desktop\Thesis\Pipeline\Real-time-visual-defect-detection\data\outputs\Experiment 5\coldstart_subspacead_real_iad_u_block_gaussian_noise_s3,subspacead,u_block,Tesla T4,gaussian_noise,3,0.6633770052668151,0.8564567709370395,0.9906542056074766,0.2124248496993988,0.3498349834983498,394.74399940831125,1779776621469933300,2611
coldstart_subspacead_real_iad_u_block_motion_blur_s1,C:\Users\Usuario\Desktop\Thesis\Pipeline\Real-time-visual-defect-detection\data\outputs\Experiment 5\coldstart_subspacead_real_iad_u_block_motion_blur_s1,subspacead,u_block,Tesla T4,motion_blur,1,0.6072929503083716,0.8385748471830101,0.990071851327872,0.1903538060965098,0.3201457038821629,410.1367262424184,1779856953849561000,2434
coldstart_subspacead_real_iad_u_block_motion_blur_s2,C:\Users\Usuario\Desktop\Thesis\Pipeline\Real-time-visual-defect-detection\data\outputs\Experiment 5\coldstart_subspacead_real_iad_u_block_motion_blur_s2,subspacead,u_block,Tesla T4,motion_blur,2,0.5823578677549953,0.8192263135953546,0.7600560347057536,0.1922510812397434,0.3072914684177547,405.0700759714452,1779856953856560200,2433
coldstart_subspacead_real_iad_u_block_motion_blur_s3,C:\Users\Usuario\Desktop\Thesis\Pipeline\Real-time-visual-defect-detection\data\outputs\Experiment 5\coldstart_subspacead_real_iad_u_block_motion_blur_s3,subspacead,u_block,Tesla T4,motion_blur,3,0.5698423496117659,0.8042105587230746,0.7404455609365933,0.1753426196238685,0.2829524528388843,411.02205453165305,1779856953863581000,2440
coldstart_subspacead_real_iad_u_block_shot_noise_s1,C:\Users\Usuario\Desktop\Thesis\Pipeline\Real-time-visual-defect-detection\data\outputs\Experiment 5\coldstart_subspacead_real_iad_u_block_shot_noise_s1,subspacead,u_block,Tesla T4,shot_noise,1,0.5569311961636065,0.8091079946112685,0.5553879544375913,0.1530664145750311,0.2427531863219543,361.7581170827212,1779859226362291900,2657
coldstart_subspacead_real_iad_u_block_shot_noise_s2,C:\Users\Usuario\Desktop\Thesis\Pipeline\Real-time-visual-defect-detection\data\outputs\Experiment 5\coldstart_subspacead_real_iad_u_block_shot_noise_s2,subspacead,u_block,Tesla T4,shot_noise,2,0.5476623635872793,0.7925278102535139,0.7738320176808047,0.1468577360410628,0.2458743634981206,355.1208383331007,1779859226374068000,2676
coldstart_subspacead_real_iad_u_block_shot_noise_s3,C:\Users\Usuario\Desktop\Thesis\Pipeline\Real-time-visual-defect-detection\data\outputs\Experiment 5\coldstart_subspacead_real_iad_u_block_shot_noise_s3,subspacead,u_block,Tesla T4,shot_noise,3,0.540375306280706,0.7858359829697925,0.8411898795981378,0.1388959674473169,0.2363389138358782,356.12646858218113,1779859226382614000,2675
coldstart_subspacead_real_iad_usb_adaptor_gaussian_noise_s1,C:\Users\Usuario\Desktop\Thesis\Pipeline\Real-time-visual-defect-detection\data\outputs\Experiment 5\coldstart_subspacead_real_iad_usb_adaptor_gaussian_noise_s1,subspacead,usb_adaptor,Tesla T4,gaussian_noise,1,0.8757534780316749,0.9619799978548512,0.992831541218638,0.511070110701107,0.6747868453105969,394.9773472802395,1779776620437087500,2614
coldstart_subspacead_real_iad_usb_adaptor_gaussian_noise_s2,C:\Users\Usuario\Desktop\Thesis\Pipeline\Real-time-visual-defect-detection\data\outputs\Experiment 5\coldstart_subspacead_real_iad_usb_adaptor_gaussian_noise_s2,subspacead,usb_adaptor,Tesla T4,gaussian_noise,2,0.8382915816735808,0.9482973776734,0.9895287958115184,0.3487084870848708,0.5156889495225102,395.2392336969502,1779776611510266800,2620
coldstart_subspacead_real_iad_usb_adaptor_gaussian_noise_s3,C:\Users\Usuario\Desktop\Thesis\Pipeline\Real-time-visual-defect-detection\data\outputs\Experiment 5\coldstart_subspacead_real_iad_usb_adaptor_gaussian_noise_s3,subspacead,usb_adaptor,Tesla T4,gaussian_noise,3,0.8028122206687905,0.9352480464279536,0.9877300613496932,0.2970479704797047,0.4567375886524822,395.6803285846152,1779776610368340200,2617
coldstart_subspacead_real_iad_usb_adaptor_motion_blur_s1,C:\Users\Usuario\Desktop\Thesis\Pipeline\Real-time-visual-defect-detection\data\outputs\Experiment 5\coldstart_subspacead_real_iad_usb_adaptor_motion_blur_s1,subspacead,usb_adaptor,Tesla T4,motion_blur,1,0.8949561654455871,0.9575002689503836,0.999,0.7104614285865198,0.8322196328282797,402.37649094829305,1779856953891562300,2437
coldstart_subspacead_real_iad_usb_adaptor_motion_blur_s2,C:\Users\Usuario\Desktop\Thesis\Pipeline\Real-time-visual-defect-detection\data\outputs\Experiment 5\coldstart_subspacead_real_iad_usb_adaptor_motion_blur_s2,subspacead,usb_adaptor,Tesla T4,motion_blur,2,0.8855268006223679,0.9631894648508535,0.999,0.6145719966166259,0.7587694534348054,402.3618358088765,1779856953898561200,2433
coldstart_subspacead_real_iad_usb_adaptor_motion_blur_s3,C:\Users\Usuario\Desktop\Thesis\Pipeline\Real-time-visual-defect-detection\data\outputs\Experiment 5\coldstart_subspacead_real_iad_usb_adaptor_motion_blur_s3,subspacead,usb_adaptor,Tesla T4,motion_blur,3,0.8649706434699914,0.9470519353750976,0.999,0.5841634076674693,0.7381964438735459,407.5725709971137,1779856953905569200,2432
coldstart_subspacead_real_iad_usb_adaptor_shot_noise_s1,C:\Users\Usuario\Desktop\Thesis\Pipeline\Real-time-visual-defect-detection\data\outputs\Experiment 5\coldstart_subspacead_real_iad_usb_adaptor_shot_noise_s1,subspacead,usb_adaptor,Tesla T4,shot_noise,1,0.9477184973644904,0.9756844076298584,0.999,0.8128982023809461,0.9002470986148895,354.8301861080656,1779859226464526800,2644
coldstart_subspacead_real_iad_usb_adaptor_shot_noise_s2,C:\Users\Usuario\Desktop\Thesis\Pipeline\Real-time-visual-defect-detection\data\outputs\Experiment 5\coldstart_subspacead_real_iad_usb_adaptor_shot_noise_s2,subspacead,usb_adaptor,Tesla T4,shot_noise,2,0.9285810529765004,0.981991165951183,0.9383705937807466,0.760195760757264,0.843463023698551,349.8384244319815,1779859226483874700,2677
coldstart_subspacead_real_iad_usb_adaptor_shot_noise_s3,C:\Users\Usuario\Desktop\Thesis\Pipeline\Real-time-visual-defect-detection\data\outputs\Experiment 5\coldstart_subspacead_real_iad_usb_adaptor_shot_noise_s3,subspacead,usb_adaptor,Tesla T4,shot_noise,3,0.9217723585368232,0.9662588481151458,0.9838977165200238,0.743151359592835,0.828156684879791,356.23576996508467,1779859226492890500,2683
coldstart_subspacead_real_iad_usb_gaussian_noise_s1,C:\Users\Usuario\Desktop\Thesis\Pipeline\Real-time-visual-defect-detection\data\outputs\Experiment 5\coldstart_subspacead_real_iad_usb_gaussian_noise_s1,subspacead,usb,Tesla T4,gaussian_noise,1,0.7103744369369368,0.8848784559425632,1.0,0.2644787644787645,0.4183206106870229,395.01169930864165,1779776610834948000,2586
coldstart_subspacead_real_iad_usb_gaussian_noise_s2,C:\Users\Usuario\Desktop\Thesis\Pipeline\Real-time-visual-defect-detection\data\outputs\Experiment 5\coldstart_subspacead_real_iad_usb_gaussian_noise_s2,subspacead,usb,Tesla T4,gaussian_noise,2,0.6870425112612614,0.8741845867607858,1.0,0.2142857142857142,0.3529411764705882,394.57894587878246,1779776590254010100,2589
coldstart_subspacead_real_iad_usb_gaussian_noise_s3,C:\Users\Usuario\Desktop\Thesis\Pipeline\Real-time-visual-defect-detection\data\outputs\Experiment 5\coldstart_subspacead_real_iad_usb_gaussian_noise_s3,subspacead,usb,Tesla T4,gaussian_noise,3,0.670477397039897,0.8627430874395318,1.0,0.1718146718146718,0.2932454695222405,395.1752964367239,1779776623242867400,2583
coldstart_subspacead_real_iad_usb_motion_blur_s1,C:\Users\Usuario\Desktop\Thesis\Pipeline\Real-time-visual-defect-detection\data\outputs\Experiment 5\coldstart_subspacead_real_iad_usb_motion_blur_s1,subspacead,usb,Tesla T4,motion_blur,1,0.7736329955101271,0.9236138257310402,0.999,0.3064368216320092,0.4672536994798484,406.5350382558367,1779856953871561000,2418
coldstart_subspacead_real_iad_usb_motion_blur_s2,C:\Users\Usuario\Desktop\Thesis\Pipeline\Real-time-visual-defect-detection\data\outputs\Experiment 5\coldstart_subspacead_real_iad_usb_motion_blur_s2,subspacead,usb,Tesla T4,motion_blur,2,0.7686110956825327,0.91598912772897,0.999,0.2884121265123939,0.4479964144994636,409.8479161762837,1779856953877568400,2414
coldstart_subspacead_real_iad_usb_motion_blur_s3,C:\Users\Usuario\Desktop\Thesis\Pipeline\Real-time-visual-defect-detection\data\outputs\Experiment 5\coldstart_subspacead_real_iad_usb_motion_blur_s3,subspacead,usb,Tesla T4,motion_blur,3,0.7607415157826949,0.9042638765000138,0.999,0.2234039759761544,0.3662547738031356,409.8679123497175,1779856953884559300,2420
coldstart_subspacead_real_iad_usb_shot_noise_s1,C:\Users\Usuario\Desktop\Thesis\Pipeline\Real-time-visual-defect-detection\data\outputs\Experiment 5\coldstart_subspacead_real_iad_usb_shot_noise_s1,subspacead,usb,Tesla T4,shot_noise,1,0.8378910328059306,0.9477131679146872,0.9826578900105216,0.3039981322714897,0.4704710027707716,356.7110311638625,1779859226395899200,2660
coldstart_subspacead_real_iad_usb_shot_noise_s2,C:\Users\Usuario\Desktop\Thesis\Pipeline\Real-time-visual-defect-detection\data\outputs\Experiment 5\coldstart_subspacead_real_iad_usb_shot_noise_s2,subspacead,usb,Tesla T4,shot_noise,2,0.8402289918435561,0.9530358408259711,0.999,0.2961135660956117,0.4504176834547652,357.60677428436463,1779859226405909800,2662
coldstart_subspacead_real_iad_usb_shot_noise_s3,C:\Users\Usuario\Desktop\Thesis\Pipeline\Real-time-visual-defect-detection\data\outputs\Experiment 5\coldstart_subspacead_real_iad_usb_shot_noise_s3,subspacead,usb,Tesla T4,shot_noise,3,0.8214045946828475,0.9460946182095824,0.999,0.2623605272111263,0.4161242632392005,357.8428060935942,1779859226432158000,2658
coldstart_subspacead_real_iad_vcpill_gaussian_noise_s1,C:\Users\Usuario\Desktop\Thesis\Pipeline\Real-time-visual-defect-detection\data\outputs\Experiment 5\coldstart_subspacead_real_iad_vcpill_gaussian_noise_s1,subspacead,vcpill,Tesla T4,gaussian_noise,1,0.8052913780282572,0.9110381985508432,0.953846153846154,0.3712574850299401,0.5344827586206896,397.3097694582692,1779776637559577000,2608
coldstart_subspacead_real_iad_vcpill_gaussian_noise_s2,C:\Users\Usuario\Desktop\Thesis\Pipeline\Real-time-visual-defect-detection\data\outputs\Experiment 5\coldstart_subspacead_real_iad_vcpill_gaussian_noise_s2,subspacead,vcpill,Tesla T4,gaussian_noise,2,0.7560467300692733,0.8927359527242785,0.967741935483871,0.2994011976047904,0.4573170731707317,396.4153915702932,1779776612063161200,2605
coldstart_subspacead_real_iad_vcpill_gaussian_noise_s3,C:\Users\Usuario\Desktop\Thesis\Pipeline\Real-time-visual-defect-detection\data\outputs\Experiment 5\coldstart_subspacead_real_iad_vcpill_gaussian_noise_s3,subspacead,vcpill,Tesla T4,gaussian_noise,3,0.71230088841924,0.8766613360384842,0.991869918699187,0.2435129740518962,0.3910256410256409,395.7511159094857,1779776646099327900,2602
coldstart_subspacead_real_iad_vcpill_motion_blur_s1,C:\Users\Usuario\Desktop\Thesis\Pipeline\Real-time-visual-defect-detection\data\outputs\Experiment 5\coldstart_subspacead_real_iad_vcpill_motion_blur_s1,subspacead,vcpill,Tesla T4,motion_blur,1,0.8328165317651022,0.9225817021058008,0.5070248918092992,0.455889312058681,0.4785514120679487,408.5744026072758,1779856953914570600,2447
coldstart_subspacead_real_iad_vcpill_motion_blur_s2,C:\Users\Usuario\Desktop\Thesis\Pipeline\Real-time-visual-defect-detection\data\outputs\Experiment 5\coldstart_subspacead_real_iad_vcpill_motion_blur_s2,subspacead,vcpill,Tesla T4,motion_blur,2,0.8220105905062223,0.9291304820532804,0.9437084726744608,0.4258506940194273,0.5851504450591821,405.3233375888251,1779856953922563300,2449
coldstart_subspacead_real_iad_vcpill_motion_blur_s3,C:\Users\Usuario\Desktop\Thesis\Pipeline\Real-time-visual-defect-detection\data\outputs\Experiment 5\coldstart_subspacead_real_iad_vcpill_motion_blur_s3,subspacead,vcpill,Tesla T4,motion_blur,3,0.7803522462270309,0.917624158695904,0.921457704287998,0.4223809822452534,0.5786420201858079,404.5305485370072,1779856953930566700,2446
coldstart_subspacead_real_iad_vcpill_shot_noise_s1,C:\Users\Usuario\Desktop\Thesis\Pipeline\Real-time-visual-defect-detection\data\outputs\Experiment 5\coldstart_subspacead_real_iad_vcpill_shot_noise_s1,subspacead,vcpill,Tesla T4,shot_noise,1,0.863944060138714,0.9451610594508644,0.486613575780001,0.4882508181349861,0.5399135918672473,356.27596276586905,1779859226502970400,2652
coldstart_subspacead_real_iad_vcpill_shot_noise_s2,C:\Users\Usuario\Desktop\Thesis\Pipeline\Real-time-visual-defect-detection\data\outputs\Experiment 5\coldstart_subspacead_real_iad_vcpill_shot_noise_s2,subspacead,vcpill,Tesla T4,shot_noise,2,0.8583335104587315,0.9283871161521884,0.512278785349284,0.4767079833965052,0.5364594194383276,354.90874377126846,1779859226513973800,2668
coldstart_subspacead_real_iad_vcpill_shot_noise_s3,C:\Users\Usuario\Desktop\Thesis\Pipeline\Real-time-visual-defect-detection\data\outputs\Experiment 5\coldstart_subspacead_real_iad_vcpill_shot_noise_s3,subspacead,vcpill,Tesla T4,shot_noise,3,0.854768320831037,0.9262687758202994,0.9448463071369104,0.482640716013239,0.6426738835493317,355.16918407241826,1779859226525094300,2671
coldstart_subspacead_real_iad_wooden_beads_gaussian_noise_s1,C:\Users\Usuario\Desktop\Thesis\Pipeline\Real-time-visual-defect-detection\data\outputs\Experiment 5\coldstart_subspacead_real_iad_wooden_beads_gaussian_noise_s1,subspacead,wooden_beads,Tesla T4,gaussian_noise,1,0.8536317235963881,0.9593602597890926,1.0,0.0724381625441696,0.1350906095551894,396.7941197016975,1779776588412653800,2605
coldstart_subspacead_real_iad_wooden_beads_gaussian_noise_s2,C:\Users\Usuario\Desktop\Thesis\Pipeline\Real-time-visual-defect-detection\data\outputs\Experiment 5\coldstart_subspacead_real_iad_wooden_beads_gaussian_noise_s2,subspacead,wooden_beads,Tesla T4,gaussian_noise,2,0.8477031802120142,0.9575951240508712,1.0,0.07773851590106,0.1442622950819672,397.10370749228304,1779776586836569700,2599
coldstart_subspacead_real_iad_wooden_beads_gaussian_noise_s3,C:\Users\Usuario\Desktop\Thesis\Pipeline\Real-time-visual-defect-detection\data\outputs\Experiment 5\coldstart_subspacead_real_iad_wooden_beads_gaussian_noise_s3,subspacead,wooden_beads,Tesla T4,gaussian_noise,3,0.8435806831566548,0.9562734946853224,1.0,0.0901060070671378,0.1653160453808752,396.03302543499393,1779776616659434200,2600
coldstart_subspacead_real_iad_wooden_beads_motion_blur_s1,C:\Users\Usuario\Desktop\Thesis\Pipeline\Real-time-visual-defect-detection\data\outputs\Experiment 5\coldstart_subspacead_real_iad_wooden_beads_motion_blur_s1,subspacead,wooden_beads,Tesla T4,motion_blur,1,0.8345222359240396,0.9440697651885988,0.9271080530117376,0.0955696557489865,0.1735222581712889,402.3100923440766,1779856953941562100,2432
coldstart_subspacead_real_iad_wooden_beads_motion_blur_s2,C:\Users\Usuario\Desktop\Thesis\Pipeline\Real-time-visual-defect-detection\data\outputs\Experiment 5\coldstart_subspacead_real_iad_wooden_beads_motion_blur_s2,subspacead,wooden_beads,Tesla T4,motion_blur,2,0.85395405514811,0.9592115066877028,0.9947734120703606,0.1115274773308586,0.2007768828851685,396.8227905844057,1779856953949561300,2437
coldstart_subspacead_real_iad_wooden_beads_motion_blur_s3,C:\Users\Usuario\Desktop\Thesis\Pipeline\Real-time-visual-defect-detection\data\outputs\Experiment 5\coldstart_subspacead_real_iad_wooden_beads_motion_blur_s3,subspacead,wooden_beads,Tesla T4,motion_blur,3,0.8508904570518753,0.964468609669291,0.7472099782042207,0.1219914567740996,0.2097396511915719,398.3077148522008,1779856953960563100,2430
coldstart_subspacead_real_iad_wooden_beads_shot_noise_s1,C:\Users\Usuario\Desktop\Thesis\Pipeline\Real-time-visual-defect-detection\data\outputs\Experiment 5\coldstart_subspacead_real_iad_wooden_beads_shot_noise_s1,subspacead,wooden_beads,Tesla T4,shot_noise,1,0.8564408450476504,0.9640423838182384,0.9776258300436128,0.1029401544275648,0.1842798538942343,353.80298160472734,1779859226537677700,2663
coldstart_subspacead_real_iad_wooden_beads_shot_noise_s2,C:\Users\Usuario\Desktop\Thesis\Pipeline\Real-time-visual-defect-detection\data\outputs\Experiment 5\coldstart_subspacead_real_iad_wooden_beads_shot_noise_s2,subspacead,wooden_beads,Tesla T4,shot_noise,2,0.8326931282219625,0.9648189437234904,0.9958957630257472,0.0980053494680408,0.1723298429191944,352.38997842469473,1779859226546680800,2672
coldstart_subspacead_real_iad_wooden_beads_shot_noise_s3,C:\Users\Usuario\Desktop\Thesis\Pipeline\Real-time-visual-defect-detection\data\outputs\Experiment 5\coldstart_subspacead_real_iad_wooden_beads_shot_noise_s3,subspacead,wooden_beads,Tesla T4,shot_noise,3,0.8446617703442941,0.9522574408250198,0.9667519576069692,0.1136301633925505,0.1962144967126775,354.3076892459633,1779859226574261100,2677
coldstart_subspacead_real_iad_woodstick_gaussian_noise_s1,C:\Users\Usuario\Desktop\Thesis\Pipeline\Real-time-visual-defect-detection\data\outputs\Experiment 5\coldstart_subspacead_real_iad_woodstick_gaussian_noise_s1,subspacead,woodstick,Tesla T4,gaussian_noise,1,0.705771144278607,0.8576586387691987,0.9090909090909092,0.26,0.4043545878693624,392.48440962487575,1779776198864638300,2596
coldstart_subspacead_real_iad_woodstick_gaussian_noise_s2,C:\Users\Usuario\Desktop\Thesis\Pipeline\Real-time-visual-defect-detection\data\outputs\Experiment 5\coldstart_subspacead_real_iad_woodstick_gaussian_noise_s2,subspacead,woodstick,Tesla T4,gaussian_noise,2,0.6916218905472638,0.8500492258244533,0.9104477611940298,0.244,0.3848580441640378,397.0635726233511,1779776198180711200,2602
coldstart_subspacead_real_iad_woodstick_gaussian_noise_s3,C:\Users\Usuario\Desktop\Thesis\Pipeline\Real-time-visual-defect-detection\data\outputs\Experiment 5\coldstart_subspacead_real_iad_woodstick_gaussian_noise_s3,subspacead,woodstick,Tesla T4,gaussian_noise,3,0.675134328358209,0.8424382553273873,0.9133858267716536,0.232,0.3700159489633174,397.30446439208544,1779776190201616100,2601
coldstart_subspacead_real_iad_woodstick_motion_blur_s1,C:\Users\Usuario\Desktop\Thesis\Pipeline\Real-time-visual-defect-detection\data\outputs\Experiment 5\coldstart_subspacead_real_iad_woodstick_motion_blur_s1,subspacead,woodstick,Tesla T4,motion_blur,1,0.8052513074465047,0.9135182393345032,0.9902506036150754,0.2748901944712532,0.4300123171648525,396.5747848544041,1779856953975560300,2436
coldstart_subspacead_real_iad_woodstick_motion_blur_s2,C:\Users\Usuario\Desktop\Thesis\Pipeline\Real-time-visual-defect-detection\data\outputs\Experiment 5\coldstart_subspacead_real_iad_woodstick_motion_blur_s2,subspacead,woodstick,Tesla T4,motion_blur,2,0.7764453380410183,0.90367162214307,0.999,0.2771864468469471,0.4349052312588836,403.2993455301887,1779856953988563200,2422
coldstart_subspacead_real_iad_woodstick_motion_blur_s3,C:\Users\Usuario\Desktop\Thesis\Pipeline\Real-time-visual-defect-detection\data\outputs\Experiment 5\coldstart_subspacead_real_iad_woodstick_motion_blur_s3,subspacead,woodstick,Tesla T4,motion_blur,3,0.7610950602644747,0.8789402654366618,0.999,0.2508825922655434,0.4014631683202747,400.83424698934806,1779856954004562300,2413
coldstart_subspacead_real_iad_woodstick_shot_noise_s1,C:\Users\Usuario\Desktop\Thesis\Pipeline\Real-time-visual-defect-detection\data\outputs\Experiment 5\coldstart_subspacead_real_iad_woodstick_shot_noise_s1,subspacead,woodstick,Tesla T4,shot_noise,1,0.6994586741004998,0.8505309793570508,0.999,0.2800890674662673,0.4341660167415648,347.43783111108866,1779859226590286700,2642
coldstart_subspacead_real_iad_woodstick_shot_noise_s2,C:\Users\Usuario\Desktop\Thesis\Pipeline\Real-time-visual-defect-detection\data\outputs\Experiment 5\coldstart_subspacead_real_iad_woodstick_shot_noise_s2,subspacead,woodstick,Tesla T4,shot_noise,2,0.6873302167818488,0.8573978866251771,0.9925994215030706,0.2675303700887933,0.4186792242410772,348.4197767770437,1779859226599282700,2667
coldstart_subspacead_real_iad_woodstick_shot_noise_s3,C:\Users\Usuario\Desktop\Thesis\Pipeline\Real-time-visual-defect-detection\data\outputs\Experiment 5\coldstart_subspacead_real_iad_woodstick_shot_noise_s3,subspacead,woodstick,Tesla T4,shot_noise,3,0.6928176476904996,0.8468914071608485,0.999,0.24947211647876,0.3920183986282997,347.87853792424033,1779859226610098700,2662
coldstart_subspacead_real_iad_zipper_gaussian_noise_s1,C:\Users\Usuario\Desktop\Thesis\Pipeline\Real-time-visual-defect-detection\data\outputs\Experiment 5\coldstart_subspacead_real_iad_zipper_gaussian_noise_s1,subspacead,zipper,Tesla T4,gaussian_noise,1,0.9953532338308458,0.998135298334692,1.0,0.812,0.8962472406181016,398.8525057632299,1779776197962968100,2577
coldstart_subspacead_real_iad_zipper_gaussian_noise_s2,C:\Users\Usuario\Desktop\Thesis\Pipeline\Real-time-visual-defect-detection\data\outputs\Experiment 5\coldstart_subspacead_real_iad_zipper_gaussian_noise_s2,subspacead,zipper,Tesla T4,gaussian_noise,2,0.994407960199005,0.9977477249690516,1.0,0.812,0.8962472406181016,397.62107219119446,1779776182809869600,2577
coldstart_subspacead_real_iad_zipper_gaussian_noise_s3,C:\Users\Usuario\Desktop\Thesis\Pipeline\Real-time-visual-defect-detection\data\outputs\Experiment 5\coldstart_subspacead_real_iad_zipper_gaussian_noise_s3,subspacead,zipper,Tesla T4,gaussian_noise,3,0.993084577114428,0.9972126221586785,0.9975786924939468,0.824,0.9025191675794084,399.49519780735,1779776199191748100,2591
coldstart_subspacead_real_iad_zipper_motion_blur_s1,C:\Users\Usuario\Desktop\Thesis\Pipeline\Real-time-visual-defect-detection\data\outputs\Experiment 5\coldstart_subspacead_real_iad_zipper_motion_blur_s1,subspacead,zipper,Tesla T4,motion_blur,1,0.9977937049418578,0.9977056345722062,0.999,0.8964954472555401,0.9434870640778774,400.6066705103772,1779856954018561800,2400
coldstart_subspacead_real_iad_zipper_motion_blur_s2,C:\Users\Usuario\Desktop\Thesis\Pipeline\Real-time-visual-defect-detection\data\outputs\Experiment 5\coldstart_subspacead_real_iad_zipper_motion_blur_s2,subspacead,zipper,Tesla T4,motion_blur,2,0.9717773182465624,0.9960336604787594,0.999,0.8022624490508194,0.8891166993308702,393.1397907668263,1779856954028565300,2418
coldstart_subspacead_real_iad_zipper_motion_blur_s3,C:\Users\Usuario\Desktop\Thesis\Pipeline\Real-time-visual-defect-detection\data\outputs\Experiment 5\coldstart_subspacead_real_iad_zipper_motion_blur_s3,subspacead,zipper,Tesla T4,motion_blur,3,0.9170838006599888,0.9721579132092104,0.999,0.7117362052977763,0.8305285699077781,400.1014273286754,1779856954045561200,2401
coldstart_subspacead_real_iad_zipper_shot_noise_s1,C:\Users\Usuario\Desktop\Thesis\Pipeline\Real-time-visual-defect-detection\data\outputs\Experiment 5\coldstart_subspacead_real_iad_zipper_shot_noise_s1,subspacead,zipper,Tesla T4,shot_noise,1,0.9813384879755505,0.999,0.993997545341049,0.8697753444002484,0.9410061567876156,353.52225939415433,1779859226619068500,2661
coldstart_subspacead_real_iad_zipper_shot_noise_s2,C:\Users\Usuario\Desktop\Thesis\Pipeline\Real-time-visual-defect-detection\data\outputs\Experiment 5\coldstart_subspacead_real_iad_zipper_shot_noise_s2,subspacead,zipper,Tesla T4,shot_noise,2,0.9533193652289846,0.9780990469110826,0.9527148636243072,0.808863435557916,0.8895143445036626,346.28259914602825,1779859226627135700,2676
coldstart_subspacead_real_iad_zipper_shot_noise_s3,C:\Users\Usuario\Desktop\Thesis\Pipeline\Real-time-visual-defect-detection\data\outputs\Experiment 5\coldstart_subspacead_real_iad_zipper_shot_noise_s3,subspacead,zipper,Tesla T4,shot_noise,3,0.9215933363244274,0.9685999393287698,0.999,0.7556036665783182,0.841490448216513,347.6784073867657,1779859226653598500,2630
